,Tile ID,ratio,coverage,sequence
0,CO_ac_to_pos4,0.316308154915349,0.0006532845747981201,VASWLFPNSRKNNNNQNNGLLFSKRYLNLVDYNSSMKYKFTGEYSQHQQNCSVPQTSYGGDRVVPLKLE
1,CO_ac_to_pos7,0.48380757727460966,0.0021787227591799326,VASWLFPNSRKNNNNQNNGLLFSKRYLNLVDYNSSMKYKFTGKYSQHQQNCSVPQTSYGGKRVVPLKLR
2,CO_M186K,0.561248996747205,0.00025648478869868,VASWLFPNSDKNNNNQNNGLLFSDEYLNLVDYNSSKDYKFTGEYSQHQQNCSVPQTSYGGDRVVPLKLE
3,CO_ac_to_pos3,0.599831919167851,0.0023287922300604335,VASWLFPNSRKNNNNQNNGLLFSKRYLNLVDYNSSMDYKFTGEYSQHQQNCSVPQTSYGGDRVVPLKLE
4,CO_M186P,0.588078403832855,0.0006025840248122729,VASWLFPNSDKNNNNQNNGLLFSDEYLNLVDYNSSPDYKFTGEYSQHQQNCSVPQTSYGGDRVVPLKLE
5,CO_V214K,0.6186176831159343,0.001770851528641957,VASWLFPNSDKNNNNQNNGLLFSDEYLNLVDYNSSMDYKFTGEYSQHQQNCSVPQTSYGGDRVKPLKLE
6,CO_LOF8,0.6961264839975401,0.0023248219844961117,VASWLFPNSDKRKNNQNNGLLFSDEYLNLVDYNSSMDYKFTGEYSQHQQNCSVPQTSYGGDRVVPLKLE
7,CO_actad_GOF8,0.5568712506329105,0.0008109296423278241,VASWLFPNSDKNNNNQNNGLLFSDEYLEVDYLSSMDYKFTGEYSQHQQNCSVPQTSYGGDRVVPLKLE
8,CO_ac_to_pos5,0.5783140743314545,0.001097127510043816,VASWLFPNSRKNNNNQNNGLLFSKRYLNLVDYNSSMKYKFTGKYSQHQQNCSVPQTSYGGDRVVPLKLE
9,CO_LOF7,0.5751222232497735,0.0008300825915400338,VASWLFPNSDKNNNNQNNGLLFSDEKRNKRDKRSSKDYKFTGEYSQHQQNCSVPQTSYGGDRVVPLKLE
10,CO_S153K,0.6551537136473679,0.001524838223710918,VAKWLFPNSDKNNNNQNNGLLFSDEYLNLVDYNSSMDYKFTGEYSQHQQNCSVPQTSYGGDRVVPLKLE
11,CO_L179K,0.7211429117597247,0.00249764604063914,VASWLFPNSDKNNNNQNNGLLFSDEYLNKVDYNSSMDYKFTGEYSQHQQNCSVPQTSYGGDRVVPLKLE
12,CO_hydphob_tract6,0.7086117433340275,0.0037717390752053806,VASWLFPNSDKNNNNQNNGLLFSDEYLNLVFYNSSMLYKFTFIYSQHQQNCSVPQTSYGGDRVVPLKLE
13,CO_N162K,0.7702507723807219,0.00392566971790287,VASWLFPNSDKKNNNQNNGLLFSDEYLNLVDYNSSMDYKFTGEYSQHQQNCSVPQTSYGGDRVVPLKLE
14,CO_N165W,0.7269595108209841,0.004068046518608322,VASWLFPNSDKNNNWQNNGLLFSDEYLNLVDYNSSMDYKFTGEYSQHQQNCSVPQTSYGGDRVVPLKLE
15,CO_N200K,0.8469672452383459,0.0013135281773394075,VASWLFPNSDKNNNNQNNGLLFSDEYLNLVDYNSSMDYKFTGEYSQHQQKCSVPQTSYGGDRVVPLKLE
16,CO_T191K,0.786292493813449,0.0017494002953360732,VASWLFPNSDKNNNNQNNGLLFSDEYLNLVDYNSSMDYKFKGEYSQHQQNCSVPQTSYGGDRVVPLKLE
17,CO_Q166D,0.8798648580328301,0.0017379169675763098,VASWLFPNSDKNNNNDNNGLLFSDEYLNLVDYNSSMDYKFTGEYSQHQQNCSVPQTSYGGDRVVPLKLE
18,CO_L171K,0.7457294178586171,0.004313314588388329,VASWLFPNSDKNNNNQNNGLKFSDEYLNLVDYNSSMDYKFTGEYSQHQQNCSVPQTSYGGDRVVPLKLE
19,CO_N158W,0.7611797291708302,0.0017641652653726495,VASWLFPWSDKNNNNQNNGLLFSDEYLNLVDYNSSMDYKFTGEYSQHQQNCSVPQTSYGGDRVVPLKLE
20,CO_F190K,0.8014519183245803,0.0005430791996820302,VASWLFPNSDKNNNNQNNGLLFSDEYLNLVDYNSSMDYKKTGEYSQHQQNCSVPQTSYGGDRVVPLKLE
21,CO_N158P,0.7998419310719775,0.0031059927137280182,VASWLFPPSDKNNNNQNNGLLFSDEYLNLVDYNSSMDYKFTGEYSQHQQNCSVPQTSYGGDRVVPLKLE
22,CO_P215K,0.8175446601312286,0.00112052663610748,VASWLFPNSDKNNNNQNNGLLFSDEYLNLVDYNSSMDYKFTGEYSQHQQNCSVPQTSYGGDRVVKLKLE
23,CO_LOF13,0.8018318492793575,0.0013511262675507812,VASKKFPNSDKNNNNQNNGLLFSDEYLNLVDYNSSMDYKFTGEYSQHQQNCSVPQTSYGGDRVVPLKLE
24,CO_hydphob_tract1,0.6654786900636125,0.002920185997202754,VASWLFPNSDKNNNNQNNGLLFSYVYLNLVDYNSSMDYKFTGEYSQHQQNCSVPQTSYGGDRVVPLKLE
25,CO_T206P,0.8552018178490657,0.0014882511825574322,VASWLFPNSDKNNNNQNNGLLFSDEYLNLVDYNSSMDYKFTGEYSQHQQNCSVPQPSYGGDRVVPLKLE
26,CO_S195W,0.8688549195660048,0.0006931502780847547,VASWLFPNSDKNNNNQNNGLLFSDEYLNLVDYNSSMDYKFTGEYWQHQQNCSVPQTSYGGDRVVPLKLE
27,CO_S173K,0.7669783401661485,0.005595772507151751,VASWLFPNSDKNNNNQNNGLLFKDEYLNLVDYNSSMDYKFTGEYSQHQQNCSVPQTSYGGDRVVPLKLE
28,CO_V151W,0.726107426160949,0.0035548323256258813,WASWLFPNSDKNNNNQNNGLLFSDEYLNLVDYNSSMDYKFTGEYSQHQQNCSVPQTSYGGDRVVPLKLE
29,CO_Y208D,0.7901409647897,0.0015150856211199985,VASWLFPNSDKNNNNQNNGLLFSDEYLNLVDYNSSMDYKFTGEYSQHQQNCSVPQTSDGGDRVVPLKLE
30,CO_S159W,0.9510337520255024,0.001457183253884397,VASWLFPNWDKNNNNQNNGLLFSDEYLNLVDYNSSMDYKFTGEYSQHQQNCSVPQTSYGGDRVVPLKLE
31,CO_D187K,0.6672673557698434,0.0023626893431165467,VASWLFPNSDKNNNNQNNGLLFSDEYLNLVDYNSSMKYKFTGEYSQHQQNCSVPQTSYGGDRVVPLKLE
32,CO_hydphob_tract5,0.7129590610759309,0.0025503543348477124,VASWLFPNSDKNNNNQNNGLLFSDEYLFLVYYNSSMDYKFTGEYSQHQQNCSVPQTSYGGDRVVPLKLE
33,CO_V203D,0.9393048272259369,0.0030699427857057995,VASWLFPNSDKNNNNQNNGLLFSDEYLNLVDYNSSMDYKFTGEYSQHQQNCSDPQTSYGGDRVVPLKLE
34,CO_E193K,0.753488835137575,0.006469762922997786,VASWLFPNSDKNNNNQNNGLLFSDEYLNLVDYNSSMDYKFTGKYSQHQQNCSVPQTSYGGDRVVPLKLE
35,CO_N164P,0.6593775788888485,0.0002993607129437926,VASWLFPNSDKNNPNQNNGLLFSDEYLNLVDYNSSMDYKFTGEYSQHQQNCSVPQTSYGGDRVVPLKLE
36,CO_H197W,0.8521450616033492,0.001017108712345623,VASWLFPNSDKNNNNQNNGLLFSDEYLNLVDYNSSMDYKFTGEYSQWQQNCSVPQTSYGGDRVVPLKLE
37,CO_actad_GOF1,1.0569605119875065,0.0005345045779650394,VASWLFPNSDKNNNNQNNGLLFSDEYLELVDYDFSMDYKFTGEYSQHQQNCSVPQTSYGGDRVVPLKLE
38,CO_E193W,0.8689460519465809,0.0027095536934562607,VASWLFPNSDKNNNNQNNGLLFSDEYLNLVDYNSSMDYKFTGWYSQHQQNCSVPQTSYGGDRVVPLKLE
39,CO_Q199K,0.8526738628647914,0.0018812734596615117,VASWLFPNSDKNNNNQNNGLLFSDEYLNLVDYNSSMDYKFTGEYSQHQKNCSVPQTSYGGDRVVPLKLE
40,CO_S153W,0.639170077625087,0.000581555217223757,VAWWLFPNSDKNNNNQNNGLLFSDEYLNLVDYNSSMDYKFTGEYSQHQQNCSVPQTSYGGDRVVPLKLE
41,CO_F156P,0.8021082390361478,0.0019107586454449846,VASWLPPNSDKNNNNQNNGLLFSDEYLNLVDYNSSMDYKFTGEYSQHQQNCSVPQTSYGGDRVVPLKLE
42,CO_LOF5,0.7567790828731151,0.002943775436890927,VASWLFPNSDKNNNNQNNGLLFSDEKRNKRDYNSSMDYKFTGEYSQHQQNCSVPQTSYGGDRVVPLKLE
43,CO_LOF11,0.7261466899537964,0.002669300238194167,VASWLFPNSDKNNNNQNRGKLFRREYLNLVDYNSSMDYKFTGEYSQHQQNCSVPQTSYGGDRVVPLKLE
44,CO_V180D,0.7824017258423512,0.0038426930366898416,VASWLFPNSDKNNNNQNNGLLFSDEYLNLDDYNSSMDYKFTGEYSQHQQNCSVPQTSYGGDRVVPLKLE
45,CO_S202K,0.8028381244644299,0.0046450597482049095,VASWLFPNSDKNNNNQNNGLLFSDEYLNLVDYNSSMDYKFTGEYSQHQQNCKVPQTSYGGDRVVPLKLE
46,CO_Q199W,0.9504753189894795,0.0034290866717563333,VASWLFPNSDKNNNNQNNGLLFSDEYLNLVDYNSSMDYKFTGEYSQHQWNCSVPQTSYGGDRVVPLKLE
47,CO_N158K,0.8224476295699419,0.0010210413845557016,VASWLFPKSDKNNNNQNNGLLFSDEYLNLVDYNSSMDYKFTGEYSQHQQNCSVPQTSYGGDRVVPLKLE
48,CO_L216D,0.8165459240817683,0.0005924497509044098,VASWLFPNSDKNNNNQNNGLLFSDEYLNLVDYNSSMDYKFTGEYSQHQQNCSVPQTSYGGDRVVPDKLE
49,CO_LOF14,0.8507461385212624,0.0016013522563996158,RKSWLFPNSDKNNNNQNNGLLFSDEYLNLVDYNSSMDYKFTGEYSQHQQNCSVPQTSYGGDRVVPLKLE
50,CO_N163D,0.9184684026916858,0.0003522025039418531,VASWLFPNSDKNDNNQNNGLLFSDEYLNLVDYNSSMDYKFTGEYSQHQQNCSVPQTSYGGDRVVPLKLE
51,CO_ac_to_pos2,0.6879835352707935,0.0026362303157052964,VASWLFPNSRKNNNNQNNGLLFSKEYLNLVDYNSSMDYKFTGEYSQHQQNCSVPQTSYGGDRVVPLKLE
52,CO_LOF9,0.8229934034581748,0.000825381926566099,VASWLFPNSDKRKRKQNNGLLFSDEYLNLVDYNSSMDYKFTGEYSQHQQNCSVPQTSYGGDRVVPLKLE
53,CO_G209K,0.6944689652308609,0.0011393155357283923,VASWLFPNSDKNNNNQNNGLLFSDEYLNLVDYNSSMDYKFTGEYSQHQQNCSVPQTSYKGDRVVPLKLE
54,CO_L171D,0.9702600372537965,0.0008202551208402334,VASWLFPNSDKNNNNQNNGLDFSDEYLNLVDYNSSMDYKFTGEYSQHQQNCSVPQTSYGGDRVVPLKLE
55,CO_S195K,0.9015359652842028,0.001283934199242446,VASWLFPNSDKNNNNQNNGLLFSDEYLNLVDYNSSMDYKFTGEYKQHQQNCSVPQTSYGGDRVVPLKLE
56,CO_L218D,0.7822060598758915,0.0004640607014879826,VASWLFPNSDKNNNNQNNGLLFSDEYLNLVDYNSSMDYKFTGEYSQHQQNCSVPQTSYGGDRVVPLKDE
57,CO_N162D,0.8671864651437903,0.0019203557642454927,VASWLFPNSDKDNNNQNNGLLFSDEYLNLVDYNSSMDYKFTGEYSQHQQNCSVPQTSYGGDRVVPLKLE
58,CO_Y194P,0.9956428747754866,0.001993101354996095,VASWLFPNSDKNNNNQNNGLLFSDEYLNLVDYNSSMDYKFTGEPSQHQQNCSVPQTSYGGDRVVPLKLE
59,CO_N162P,0.8118889120383999,0.004331439967093926,VASWLFPNSDKPNNNQNNGLLFSDEYLNLVDYNSSMDYKFTGEYSQHQQNCSVPQTSYGGDRVVPLKLE
60,CO_D181K,0.7395456854654259,0.005395197452874121,VASWLFPNSDKNNNNQNNGLLFSDEYLNLVKYNSSMDYKFTGEYSQHQQNCSVPQTSYGGDRVVPLKLE
61,CO_K161P,0.8942253456098563,0.002087241025710848,VASWLFPNSDPNNNNQNNGLLFSDEYLNLVDYNSSMDYKFTGEYSQHQQNCSVPQTSYGGDRVVPLKLE
62,CO_V203K,0.8570604795283744,0.0032159489275692277,VASWLFPNSDKNNNNQNNGLLFSDEYLNLVDYNSSMDYKFTGEYSQHQQNCSKPQTSYGGDRVVPLKLE
63,CO_Q198P,1.0264328244392518,0.0022595156213225756,VASWLFPNSDKNNNNQNNGLLFSDEYLNLVDYNSSMDYKFTGEYSQHPQNCSVPQTSYGGDRVVPLKLE
64,CO_G192P,1.0074825821162567,0.00305868302445984,VASWLFPNSDKNNNNQNNGLLFSDEYLNLVDYNSSMDYKFTPEYSQHQQNCSVPQTSYGGDRVVPLKLE
65,CO_C201D,0.7586738085634415,0.002861069496591594,VASWLFPNSDKNNNNQNNGLLFSDEYLNLVDYNSSMDYKFTGEYSQHQQNDSVPQTSYGGDRVVPLKLE
66,CO_G210P,0.9440604783824091,0.0007846499448772578,VASWLFPNSDKNNNNQNNGLLFSDEYLNLVDYNSSMDYKFTGEYSQHQQNCSVPQTSYGPDRVVPLKLE
67,CO_hydphob_tract2,0.7060971572133362,0.0009453020040880854,VASWLFPNSDKNNNNQNNGLLFSFLYLNLVIYNSSMDYKFTGEYSQHQQNCSVPQTSYGGDRVVPLKLE
68,CO_actad_GOF30,0.8244852928940767,0.0009244392351962926,VAEWLFENSDKNNNNQNNGLLFSDEYLNLVDYNSSMDYKFTGEYSQHQQNCSVPQTSYGGDRVVPLKLE
69,CO_E175W,0.8065443711595258,0.006757965069035631,VASWLFPNSDKNNNNQNNGLLFSDWYLNLVDYNSSMDYKFTGEYSQHQQNCSVPQTSYGGDRVVPLKLE
70,CO_S185P,0.9583165511857082,0.0022114894193358678,VASWLFPNSDKNNNNQNNGLLFSDEYLNLVDYNSPMDYKFTGEYSQHQQNCSVPQTSYGGDRVVPLKLE
71,CO_E219P,0.9449949090686918,0.0011839743070370735,VASWLFPNSDKNNNNQNNGLLFSDEYLNLVDYNSSMDYKFTGEYSQHQQNCSVPQTSYGGDRVVPLKLP
72,CO_S153D,0.8310374484368106,0.0011574450465065928,VADWLFPNSDKNNNNQNNGLLFSDEYLNLVDYNSSMDYKFTGEYSQHQQNCSVPQTSYGGDRVVPLKLE
73,CO_actad_GOF35,0.8858984053027069,0.00278230934993512,VASWDFEWSDKNNNNQNNGLLFSDEYLNLVDYNSSMDYKFTGEYSQHQQNCSVPQTSYGGDRVVPLKLE
74,CO_L171P,0.9195957509155518,0.003824682498069488,VASWLFPNSDKNNNNQNNGLPFSDEYLNLVDYNSSMDYKFTGEYSQHQQNCSVPQTSYGGDRVVPLKLE
75,CO_actad_GOF6,0.809876151790271,0.004353470744172892,VASWLFPNSDKNNNNQNNGLLFSDEYLEFVDYNSSMDYKFTGEYSQHQQNCSVPQTSYGGDRVVPLKLE
76,CO_Q166K,0.921135174277778,0.0015510676735764279,VASWLFPNSDKNNNNKNNGLLFSDEYLNLVDYNSSMDYKFTGEYSQHQQNCSVPQTSYGGDRVVPLKLE
77,CO_D211W,0.8540765028768151,0.009950413457231418,VASWLFPNSDKNNNNQNNGLLFSDEYLNLVDYNSSMDYKFTGEYSQHQQNCSVPQTSYGGWRVVPLKLE
78,CO_LOF4,0.8174135450601843,0.0016224540816961851,VASWLFPNSDKNNNNQNNGLLFSDEKRNKVDYNSSMDYKFTGEYSQHQQNCSVPQTSYGGDRVVPLKLE
79,CO_Q205K,0.8255042802492463,0.008929579243669057,VASWLFPNSDKNNNNQNNGLLFSDEYLNLVDYNSSMDYKFTGEYSQHQQNCSVPKTSYGGDRVVPLKLE
80,CO_S207W,0.8349023505131321,0.0037995744517006448,VASWLFPNSDKNNNNQNNGLLFSDEYLNLVDYNSSMDYKFTGEYSQHQQNCSVPQTWYGGDRVVPLKLE
81,CO_pos_to_ac2,1.086689531686711,0.0020277629018736892,VASWLFPNSDKNNNNQNNGLLFSDEYLNLVDYNSSMDYKFTGEYSQHQQNCSVPQTSYGGDEVVPLELE
82,CO_N178P,0.8372841315620164,0.004994682057713369,VASWLFPNSDKNNNNQNNGLLFSDEYLPLVDYNSSMDYKFTGEYSQHQQNCSVPQTSYGGDRVVPLKLE
83,CO_LOF16,0.9159394272039867,0.0076614299546961685,VASWRKPNSDKNNNNQNNGLLFSDEYLNLVDYNSSMDYKFTGEYSQHQQNCSVPQTSYGGDRVVPLKLE
84,CO_Q199D,0.8948912089632566,0.0029694463948888718,VASWLFPNSDKNNNNQNNGLLFSDEYLNLVDYNSSMDYKFTGEYSQHQDNCSVPQTSYGGDRVVPLKLE
85,CO_C201K,0.9491967369313058,0.003247752792856093,VASWLFPNSDKNNNNQNNGLLFSDEYLNLVDYNSSMDYKFTGEYSQHQQNKSVPQTSYGGDRVVPLKLE
86,CO_Y182K,0.8507253779047922,0.004015925563627981,VASWLFPNSDKNNNNQNNGLLFSDEYLNLVDKNSSMDYKFTGEYSQHQQNCSVPQTSYGGDRVVPLKLE
87,CO_V151D,0.9203148901024988,0.0005352053516589057,DASWLFPNSDKNNNNQNNGLLFSDEYLNLVDYNSSMDYKFTGEYSQHQQNCSVPQTSYGGDRVVPLKLE
88,CO_S153P,0.9674693530781575,0.007019070122748745,VAPWLFPNSDKNNNNQNNGLLFSDEYLNLVDYNSSMDYKFTGEYSQHQQNCSVPQTSYGGDRVVPLKLE
89,CO_D174K,0.7933704502661201,0.0009497133588171007,VASWLFPNSDKNNNNQNNGLLFSKEYLNLVDYNSSMDYKFTGEYSQHQQNCSVPQTSYGGDRVVPLKLE
90,CO_L177D,0.8432887065559461,0.0025402185918560615,VASWLFPNSDKNNNNQNNGLLFSDEYDNLVDYNSSMDYKFTGEYSQHQQNCSVPQTSYGGDRVVPLKLE
91,CO_D181W,1.0920843440053951,0.001150333260425912,VASWLFPNSDKNNNNQNNGLLFSDEYLNLVWYNSSMDYKFTGEYSQHQQNCSVPQTSYGGDRVVPLKLE
92,CO_K189D,1.0113890140847284,0.0013317392094286285,VASWLFPNSDKNNNNQNNGLLFSDEYLNLVDYNSSMDYDFTGEYSQHQQNCSVPQTSYGGDRVVPLKLE
93,CO_C201W,1.1079476805624093,0.00028255028689181256,VASWLFPNSDKNNNNQNNGLLFSDEYLNLVDYNSSMDYKFTGEYSQHQQNWSVPQTSYGGDRVVPLKLE
94,CO_hydphob_tract9,0.7708615793259692,0.002680600433264858,VASWLFPNSDKNNNNQNNGLLFSDEYLILVVYNSSMDYKFTGEYSQHQQNCSVPQTSYGGDRVVPLKLE
95,CO_F190D,0.8855816328482384,0.0023764032803067115,VASWLFPNSDKNNNNQNNGLLFSDEYLNLVDYNSSMDYKDTGEYSQHQQNCSVPQTSYGGDRVVPLKLE
96,CO_S184W,0.8805660121502885,0.006425423089582523,VASWLFPNSDKNNNNQNNGLLFSDEYLNLVDYNWSMDYKFTGEYSQHQQNCSVPQTSYGGDRVVPLKLE
97,CO_F190P,0.9327509025260223,0.004241377253487723,VASWLFPNSDKNNNNQNNGLLFSDEYLNLVDYNSSMDYKPTGEYSQHQQNCSVPQTSYGGDRVVPLKLE
98,CO_Y176K,0.8313208132158166,0.009272180260114279,VASWLFPNSDKNNNNQNNGLLFSDEKLNLVDYNSSMDYKFTGEYSQHQQNCSVPQTSYGGDRVVPLKLE
99,CO_hydphob_tract10,0.8398366659025683,0.0020949160082753228,VAYWLFPNSDKNNNNQNNGLLFSDEYLNLVDYNSSMDYKFTGEYSQHQQNCSVPQTSYGGDRVVPLKLE
100,CO_Y176D,0.8863048011077892,0.008472490577240921,VASWLFPNSDKNNNNQNNGLLFSDEDLNLVDYNSSMDYKFTGEYSQHQQNCSVPQTSYGGDRVVPLKLE
101,CO_Q196D,0.7644093663457971,0.0009021934400168177,VASWLFPNSDKNNNNQNNGLLFSDEYLNLVDYNSSMDYKFTGEYSDHQQNCSVPQTSYGGDRVVPLKLE
102,CO_D181P,0.8027823995749529,0.002998221727411041,VASWLFPNSDKNNNNQNNGLLFSDEYLNLVPYNSSMDYKFTGEYSQHQQNCSVPQTSYGGDRVVPLKLE
103,CO_L179D,0.9068322830160371,0.004336434427959244,VASWLFPNSDKNNNNQNNGLLFSDEYLNDVDYNSSMDYKFTGEYSQHQQNCSVPQTSYGGDRVVPLKLE
104,CO_LOF10,0.8347982499491272,0.0022863755672731982,VASWLFPNSDKNKNKQRNKLLFSDEYLNLVDYNSSMDYKFTGEYSQHQQNCSVPQTSYGGDRVVPLKLE
105,CO_Q196K,0.9330373944858463,0.007568723140816113,VASWLFPNSDKNNNNQNNGLLFSDEYLNLVDYNSSMDYKFTGEYSKHQQNCSVPQTSYGGDRVVPLKLE
106,CO_M186W,0.9683635794645431,0.0033138064084857395,VASWLFPNSDKNNNNQNNGLLFSDEYLNLVDYNSSWDYKFTGEYSQHQQNCSVPQTSYGGDRVVPLKLE
107,CO_actad_GOF17,0.8663669069678287,0.004551754539200095,VASWLFPNSDKNNNNQNNGLLFYDEYLELVDYFSSMDYKFTGEYSQHQQNCSVPQTSYGGDRVVPLKLE
108,CO_V213W,1.0320647480910143,0.002817955577663384,VASWLFPNSDKNNNNQNNGLLFSDEYLNLVDYNSSMDYKFTGEYSQHQQNCSVPQTSYGGDRWVPLKLE
109,CO_actad_GOF26,0.8270251494711425,0.0027723362120394748,VASWLFPNSDKNNNNQNNGLLFSDEFLNLVDWYSSMDYKFTGEYSQHQQNCSVPQTSYGGDRVVPLKLE
110,CO_S159K,0.7487033785291166,0.0014061111402859509,VASWLFPNKDKNNNNQNNGLLFSDEYLNLVDYNSSMDYKFTGEYSQHQQNCSVPQTSYGGDRVVPLKLE
111,CO_N163K,0.899676890457816,0.003797307567261197,VASWLFPNSDKNKNNQNNGLLFSDEYLNLVDYNSSMDYKFTGEYSQHQQNCSVPQTSYGGDRVVPLKLE
112,CO_actad_GOF24,0.8803491054107918,0.0011156664392227048,VASWLFPNSDKNNNNQNNGLLFSDEYFEWVDYNSSMDYKFTGEYSQHQQNCSVPQTSYGGDRVVPLKLE
113,CO_N168K,0.9445707735022971,0.006734903884888404,VASWLFPNSDKNNNNQNKGLLFSDEYLNLVDYNSSMDYKFTGEYSQHQQNCSVPQTSYGGDRVVPLKLE
114,CO_E193D,0.9165781197879949,0.0031324752793607303,VASWLFPNSDKNNNNQNNGLLFSDEYLNLVDYNSSMDYKFTGDYSQHQQNCSVPQTSYGGDRVVPLKLE
115,CO_D211P,1.01909821704363,0.001448139595504445,VASWLFPNSDKNNNNQNNGLLFSDEYLNLVDYNSSMDYKFTGEYSQHQQNCSVPQTSYGGPRVVPLKLE
116,CO_L171W,1.0287224069167398,0.0024096649917589663,VASWLFPNSDKNNNNQNNGLWFSDEYLNLVDYNSSMDYKFTGEYSQHQQNCSVPQTSYGGDRVVPLKLE
117,CO_actad_GOF19,0.9105637357565369,0.00046841780248759964,VASWLFPNSDKNNNNQNNGLLFSDEYLELVDYWDSMDYKFTGEYSQHQQNCSVPQTSYGGDRVVPLKLE
118,CO_V151P,0.8614904757137769,0.003404145425020182,PASWLFPNSDKNNNNQNNGLLFSDEYLNLVDYNSSMDYKFTGEYSQHQQNCSVPQTSYGGDRVVPLKLE
119,CO_F156W,0.9430103592893346,0.0020994162036892293,VASWLWPNSDKNNNNQNNGLLFSDEYLNLVDYNSSMDYKFTGEYSQHQQNCSVPQTSYGGDRVVPLKLE
120,CO_T206W,0.9495686934327912,0.001987392300532243,VASWLFPNSDKNNNNQNNGLLFSDEYLNLVDYNSSMDYKFTGEYSQHQQNCSVPQWSYGGDRVVPLKLE
121,CO_S184K,0.9298359272796874,0.001654419610728565,VASWLFPNSDKNNNNQNNGLLFSDEYLNLVDYNKSMDYKFTGEYSQHQQNCSVPQTSYGGDRVVPLKLE
122,CO_polyq_GOF4,0.9080128896165216,0.004138036146420658,VASWLFPNSDKNNNNQNNGLLFSDEYLNLVDYNSSMDYKFTGEYSQQQQNQQVPQTSYGGDRVVPLKLE
123,CO_W154K,0.872708240647607,0.0003755878940530248,VASKLFPNSDKNNNNQNNGLLFSDEYLNLVDYNSSMDYKFTGEYSQHQQNCSVPQTSYGGDRVVPLKLE
124,CO_S207D,1.0253342742492002,0.002050186465209363,VASWLFPNSDKNNNNQNNGLLFSDEYLNLVDYNSSMDYKFTGEYSQHQQNCSVPQTDYGGDRVVPLKLE
125,CO_N183P,1.045962687793582,0.0032005677574334828,VASWLFPNSDKNNNNQNNGLLFSDEYLNLVDYPSSMDYKFTGEYSQHQQNCSVPQTSYGGDRVVPLKLE
126,CO_polyq_GOF2,1.0083521587963786,0.0038526319831799407,VASWLFPNQQQNNNNQNNGLLFSDEYLNLVDYNSSMDYKFTGEYSQHQQNCSVPQTSYGGDRVVPLKLE
127,CO_N165K,0.8284359984577758,0.0014364501731194215,VASWLFPNSDKNNNKQNNGLLFSDEYLNLVDYNSSMDYKFTGEYSQHQQNCSVPQTSYGGDRVVPLKLE
128,CO_L170D,0.9541394879392113,0.004478739596088257,VASWLFPNSDKNNNNQNNGDLFSDEYLNLVDYNSSMDYKFTGEYSQHQQNCSVPQTSYGGDRVVPLKLE
129,CO_P215W,0.9715236329502916,0.002386659179685306,VASWLFPNSDKNNNNQNNGLLFSDEYLNLVDYNSSMDYKFTGEYSQHQQNCSVPQTSYGGDRVVWLKLE
130,CO_S159P,0.9534431677687153,0.002559039425119583,VASWLFPNPDKNNNNQNNGLLFSDEYLNLVDYNSSMDYKFTGEYSQHQQNCSVPQTSYGGDRVVPLKLE
131,CO_L179P,0.9815796772781695,0.0016280578160025078,VASWLFPNSDKNNNNQNNGLLFSDEYLNPVDYNSSMDYKFTGEYSQHQQNCSVPQTSYGGDRVVPLKLE
132,CO_polyq_GOF1,0.9833777542701467,0.006079293029779173,VASWLFPNSDQNNNNQNNQLLFSDEYLNLVDYNSSMDYKFTGEYSQHQQNCSVPQTSYGGDRVVPLKLE
133,CO_LOF12,0.9168100199542908,0.0013763575434917333,VASWLFPNSDKNNNNQNNGLLFSDEYLNLVDYNSSMDYKFTGEYSQHKRNCSVPQTSYGGDRVVPLKLE
134,CO_Q205D,0.955340162020842,0.007382818951240487,VASWLFPNSDKNNNNQNNGLLFSDEYLNLVDYNSSMDYKFTGEYSQHQQNCSVPDTSYGGDRVVPLKLE
135,CO_N178K,0.9444852854466871,0.007099266076917666,VASWLFPNSDKNNNNQNNGLLFSDEYLKLVDYNSSMDYKFTGEYSQHQQNCSVPQTSYGGDRVVPLKLE
136,CO_F156K,0.8805878538208984,0.011274143612719282,VASWLKPNSDKNNNNQNNGLLFSDEYLNLVDYNSSMDYKFTGEYSQHQQNCSVPQTSYGGDRVVPLKLE
137,CO_L155P,0.8964933527569616,0.005952744342733223,VASWPFPNSDKNNNNQNNGLLFSDEYLNLVDYNSSMDYKFTGEYSQHQQNCSVPQTSYGGDRVVPLKLE
138,CO_Q205P,0.885876901466234,0.002723386575474587,VASWLFPNSDKNNNNQNNGLLFSDEYLNLVDYNSSMDYKFTGEYSQHQQNCSVPPTSYGGDRVVPLKLE
139,CO_T206K,0.8813266585986321,0.009474473265446747,VASWLFPNSDKNNNNQNNGLLFSDEYLNLVDYNSSMDYKFTGEYSQHQQNCSVPQKSYGGDRVVPLKLE
140,CO_V203W,0.9444483735102818,0.0033562115841054988,VASWLFPNSDKNNNNQNNGLLFSDEYLNLVDYNSSMDYKFTGEYSQHQQNCSWPQTSYGGDRVVPLKLE
141,CO_H197D,0.9646432422249671,0.007643142303393827,VASWLFPNSDKNNNNQNNGLLFSDEYLNLVDYNSSMDYKFTGEYSQDQQNCSVPQTSYGGDRVVPLKLE
142,CO_T191D,0.9153723672960229,0.0007216856128516558,VASWLFPNSDKNNNNQNNGLLFSDEYLNLVDYNSSMDYKFDGEYSQHQQNCSVPQTSYGGDRVVPLKLE
143,CO_Q166W,0.9601909271182043,0.002005117001063636,VASWLFPNSDKNNNNWNNGLLFSDEYLNLVDYNSSMDYKFTGEYSQHQQNCSVPQTSYGGDRVVPLKLE
144,CO_L216W,0.9325777482850414,0.006972275630466308,VASWLFPNSDKNNNNQNNGLLFSDEYLNLVDYNSSMDYKFTGEYSQHQQNCSVPQTSYGGDRVVPWKLE
145,CO_polyq_GOF3,1.033329579545549,0.004995251826867973,VASWLFPNSDKNNNNQNNGLLFSDEYLNLVDYNSSMDYKFTGEYSQQQQNQSVPQTSYGGDRVVPLKLE
146,CO_G210D,0.9038555406372742,0.0023653925481522836,VASWLFPNSDKNNNNQNNGLLFSDEYLNLVDYNSSMDYKFTGEYSQHQQNCSVPQTSYGDDRVVPLKLE
147,CO_R212K,0.9640257375539392,0.0053442029005372985,VASWLFPNSDKNNNNQNNGLLFSDEYLNLVDYNSSMDYKFTGEYSQHQQNCSVPQTSYGGDKVVPLKLE
148,CO_N164W,0.9787551522469315,0.001837985939784103,VASWLFPNSDKNNWNQNNGLLFSDEYLNLVDYNSSMDYKFTGEYSQHQQNCSVPQTSYGGDRVVPLKLE
149,CO_N163P,0.9107174257871617,0.006328903652018317,VASWLFPNSDKNPNNQNNGLLFSDEYLNLVDYNSSMDYKFTGEYSQHQQNCSVPQTSYGGDRVVPLKLE
150,CO_Y188W,0.9828711175337255,0.009698889933829261,VASWLFPNSDKNNNNQNNGLLFSDEYLNLVDYNSSMDWKFTGEYSQHQQNCSVPQTSYGGDRVVPLKLE
151,CO_actad_GOF18,0.9394656055568558,0.008206494617069376,VASWLFPNSDKNNNNQNNGLLFWDEYLDLVDYFSSMDYKFTGEYSQHQQNCSVPQTSYGGDRVVPLKLE
152,CO_A152P,0.9147754847474718,0.0012216099286266034,VPSWLFPNSDKNNNNQNNGLLFSDEYLNLVDYNSSMDYKFTGEYSQHQQNCSVPQTSYGGDRVVPLKLE
153,CO_LOF1,0.8862874556002391,0.0023612777328347974,VASWLFPNSDKNNNNQNNGLHKSREYLNLVDYNSSMDYKFTGEYSQHQQNCSVPQTSYGGDRVVPLKLE
154,CO_L177P,0.9213106897304362,0.0038844597789100587,VASWLFPNSDKNNNNQNNGLLFSDEYPNLVDYNSSMDYKFTGEYSQHQQNCSVPQTSYGGDRVVPLKLE
155,CO_G192K,0.9339572771386158,0.0018303611208525105,VASWLFPNSDKNNNNQNNGLLFSDEYLNLVDYNSSMDYKFTKEYSQHQQNCSVPQTSYGGDRVVPLKLE
156,CO_F172K,0.9071146751229432,0.004518488324034129,VASWLFPNSDKNNNNQNNGLLKSDEYLNLVDYNSSMDYKFTGEYSQHQQNCSVPQTSYGGDRVVPLKLE
157,CO_actad_GOF23,0.8616239675721972,0.0005065632213956006,VASWLFPNSDKNNNNQNNGLLEWDEYLNLVDYEWSMDYKFTGEYSQHQQNCSVPQTSYGGDRVVPLKLE
158,CO_D187W,1.377182242436841,0.0006572948405699777,VASWLFPNSDKNNNNQNNGLLFSDEYLNLVDYNSSMWYKFTGEYSQHQQNCSVPQTSYGGDRVVPLKLE
159,CO_N178D,0.9731244712017333,0.006303084487627744,VASWLFPNSDKNNNNQNNGLLFSDEYLDLVDYNSSMDYKFTGEYSQHQQNCSVPQTSYGGDRVVPLKLE
160,CO_LOF15,1.1623282687524439,0.002515069898947809,VARKLFPNSDKNNNNQNNGLLFSDEYLNLVDYNSSMDYKFTGEYSQHQQNCSVPQTSYGGDRVVPLKLE
161,CO_R212D,0.9962160610994568,0.0045835287650263,VASWLFPNSDKNNNNQNNGLLFSDEYLNLVDYNSSMDYKFTGEYSQHQQNCSVPQTSYGGDDVVPLKLE
162,CO_T191P,0.9965263459347069,0.002638187524654032,VASWLFPNSDKNNNNQNNGLLFSDEYLNLVDYNSSMDYKFPGEYSQHQQNCSVPQTSYGGDRVVPLKLE
163,CO_S207K,1.0795923536375056,0.004821194303661348,VASWLFPNSDKNNNNQNNGLLFSDEYLNLVDYNSSMDYKFTGEYSQHQQNCSVPQTKYGGDRVVPLKLE
164,CO_N158D,1.0030963640041908,0.002035421162086921,VASWLFPDSDKNNNNQNNGLLFSDEYLNLVDYNSSMDYKFTGEYSQHQQNCSVPQTSYGGDRVVPLKLE
165,CO_S173W,1.0062915678779083,0.006267744358380569,VASWLFPNSDKNNNNQNNGLLFWDEYLNLVDYNSSMDYKFTGEYSQHQQNCSVPQTSYGGDRVVPLKLE
166,CO_S207P,1.0693515307188028,0.0044163985163347555,VASWLFPNSDKNNNNQNNGLLFSDEYLNLVDYNSSMDYKFTGEYSQHQQNCSVPQTPYGGDRVVPLKLE
167,CO_N167D,1.027104304891124,0.0038308458664963836,VASWLFPNSDKNNNNQDNGLLFSDEYLNLVDYNSSMDYKFTGEYSQHQQNCSVPQTSYGGDRVVPLKLE
168,CO_A152D,0.8997568130018571,0.0008624936432435573,VDSWLFPNSDKNNNNQNNGLLFSDEYLNLVDYNSSMDYKFTGEYSQHQQNCSVPQTSYGGDRVVPLKLE
169,CO_W154P,0.9778872850829712,0.0025445594982377324,VASPLFPNSDKNNNNQNNGLLFSDEYLNLVDYNSSMDYKFTGEYSQHQQNCSVPQTSYGGDRVVPLKLE
170,CO_L170K,0.9529264617860789,0.0018707244028200857,VASWLFPNSDKNNNNQNNGKLFSDEYLNLVDYNSSMDYKFTGEYSQHQQNCSVPQTSYGGDRVVPLKLE
171,CO_S195P,0.9549639253189386,0.0024183293535352526,VASWLFPNSDKNNNNQNNGLLFSDEYLNLVDYNSSMDYKFTGEYPQHQQNCSVPQTSYGGDRVVPLKLE
172,CO_Y208P,0.9870491551446227,0.0015612998643157743,VASWLFPNSDKNNNNQNNGLLFSDEYLNLVDYNSSMDYKFTGEYSQHQQNCSVPQTSPGGDRVVPLKLE
173,CO_Y182P,1.085417351932432,0.0017982667610916298,VASWLFPNSDKNNNNQNNGLLFSDEYLNLVDPNSSMDYKFTGEYSQHQQNCSVPQTSYGGDRVVPLKLE
174,CO_LOF19,0.9767289747003197,0.002000674531535086,VASWLFPNSDKNNNNQNNGLLFSDEYLNLVDYNSSMDYKFTGEYSQHQQNCSVPQTSYGGDRKRPLKLE
175,CO_actad_GOF25,1.1105104219134867,0.0032872779185671597,VASWLFPNSDKNNNNQNNGLLFSDEYFGLWDYLSSMDYKFTGEYSQHQQNCSVPQTSYGGDRVVPLKLE
176,CO_actad_GOF12,1.0519898470120517,0.0009689516345821556,VAEWLFDYSDKNNNNQNNGLLFSDEYLNLVDYNSSMDYKFTGEYSQHQQNCSVPQTSYGGDRVVPLKLE
177,CO_actad_GOF28,0.9564950044658868,0.0009538624762353885,VASWLFPNSDKNNNNQNNGLLFSDEYLNLVDYWEFMDYKFTGEYSQHQQNCSVPQTSYGGDRVVPLKLE
178,CO_actad_GOF27,1.0946049359405134,0.0022541341790936996,VASWLFPNSDKNNNNQNNGLLFSDEFWEWVDYNSSMDYKFTGEYSQHQQNCSVPQTSYGGDRVVPLKLE
179,CO_Q205W,0.9438315879698949,0.00814198179602384,VASWLFPNSDKNNNNQNNGLLFSDEYLNLVDYNSSMDYKFTGEYSQHQQNCSVPWTSYGGDRVVPLKLE
180,CO_L177W,0.9393645745304622,0.0036491069827019047,VASWLFPNSDKNNNNQNNGLLFSDEYWNLVDYNSSMDYKFTGEYSQHQQNCSVPQTSYGGDRVVPLKLE
181,CO_S202P,0.9767629427328982,0.0034592736832794197,VASWLFPNSDKNNNNQNNGLLFSDEYLNLVDYNSSMDYKFTGEYSQHQQNCPVPQTSYGGDRVVPLKLE
182,CO_ac_to_pos1,0.9361768890736875,0.0005380503527637354,VASWLFPNSRKNNNNQNNGLLFSDEYLNLVDYNSSMDYKFTGEYSQHQQNCSVPQTSYGGDRVVPLKLE
183,CO_H197K,1.0908186902967538,0.000851008318666709,VASWLFPNSDKNNNNQNNGLLFSDEYLNLVDYNSSMDYKFTGEYSQKQQNCSVPQTSYGGDRVVPLKLE
184,CO_P204K,1.0058563312150384,0.0031052449183056035,VASWLFPNSDKNNNNQNNGLLFSDEYLNLVDYNSSMDYKFTGEYSQHQQNCSVKQTSYGGDRVVPLKLE
185,CO_N162W,0.8993564354357986,0.0023894428925415583,VASWLFPNSDKWNNNQNNGLLFSDEYLNLVDYNSSMDYKFTGEYSQHQQNCSVPQTSYGGDRVVPLKLE
186,CO_N167K,0.9588782282302442,0.003607028606729133,VASWLFPNSDKNNNNQKNGLLFSDEYLNLVDYNSSMDYKFTGEYSQHQQNCSVPQTSYGGDRVVPLKLE
187,CO_N183D,0.9950987253355352,0.0025594389128096038,VASWLFPNSDKNNNNQNNGLLFSDEYLNLVDYDSSMDYKFTGEYSQHQQNCSVPQTSYGGDRVVPLKLE
188,CO_actad_GOF4,1.0209589573000433,0.005158695539083722,VASWLFPNSDKNNNNQNNGLLFSDEYLGLVDYEWSMDYKFTGEYSQHQQNCSVPQTSYGGDRVVPLKLE
189,CO_V213P,0.9932794980433803,0.0025680724928722216,VASWLFPNSDKNNNNQNNGLLFSDEYLNLVDYNSSMDYKFTGEYSQHQQNCSVPQTSYGGDRPVPLKLE
190,CO_G209D,1.0197587343750896,0.010115256944829173,VASWLFPNSDKNNNNQNNGLLFSDEYLNLVDYNSSMDYKFTGEYSQHQQNCSVPQTSYDGDRVVPLKLE
191,CO_D160P,1.1127871892672685,0.004250206337548287,VASWLFPNSPKNNNNQNNGLLFSDEYLNLVDYNSSMDYKFTGEYSQHQQNCSVPQTSYGGDRVVPLKLE
192,CO_P157K,0.9584907751455999,0.001000938299472228,VASWLFKNSDKNNNNQNNGLLFSDEYLNLVDYNSSMDYKFTGEYSQHQQNCSVPQTSYGGDRVVPLKLE
193,CO_actad_GOF31,1.0334771987128324,0.006791046751147904,VADWLFDNSDKNNNNQNNGLLFSDEYLNLVDYNSSMDYKFTGEYSQHQQNCSVPQTSYGGDRVVPLKLE
194,CO_S185D,0.9049684840997134,0.0023360440850148075,VASWLFPNSDKNNNNQNNGLLFSDEYLNLVDYNSDMDYKFTGEYSQHQQNCSVPQTSYGGDRVVPLKLE
195,CO_L218W,1.0035694932040755,0.006155938462557082,VASWLFPNSDKNNNNQNNGLLFSDEYLNLVDYNSSMDYKFTGEYSQHQQNCSVPQTSYGGDRVVPLKWE
196,CO_actad_GOF2,1.0825059007099196,0.00342392481380576,VASWLFPNSDKNNNNQNNGLLFSDEYLELVDYDWSMDYKFTGEYSQHQQNCSVPQTSYGGDRVVPLKLE
197,CO_N200W,1.0100334252932206,0.005305708879952885,VASWLFPNSDKNNNNQNNGLLFSDEYLNLVDYNSSMDYKFTGEYSQHQQWCSVPQTSYGGDRVVPLKLE
198,CO_R212P,1.0111870125962714,0.0032274117936208512,VASWLFPNSDKNNNNQNNGLLFSDEYLNLVDYNSSMDYKFTGEYSQHQQNCSVPQTSYGGDPVVPLKLE
199,CO_F172W,0.9418883043208857,0.005846934019867188,VASWLFPNSDKNNNNQNNGLLWSDEYLNLVDYNSSMDYKFTGEYSQHQQNCSVPQTSYGGDRVVPLKLE
200,CO_wt6,1.1367717988888715,0.005220835492781396,VASWLFPNSDKNNNNQNNGLLFSDEYLNLVDYNSSMDYKFTGEYSQHQQNCSVPQTSYGGDRVVPLKLE
201,CO_E175K,0.9231473529136958,0.003258124887287616,VASWLFPNSDKNNNNQNNGLLFSDKYLNLVDYNSSMDYKFTGEYSQHQQNCSVPQTSYGGDRVVPLKLE
202,CO_pos_to_ac4,1.0342077628070827,0.006758150090267279,VASWLFPNSDKNNNNQNNGLLFSDEYLNLVDYNSSMDYKFTGEYSQEQQNCSVPQTSYGGDEVVPLELE
203,CO_Y188K,0.9183458628674291,0.004621199060357738,VASWLFPNSDKNNNNQNNGLLFSDEYLNLVDYNSSMDKKFTGEYSQHQQNCSVPQTSYGGDRVVPLKLE
204,CO_wt4,1.0673502461036302,0.0031751596155449764,VASWLFPNSDKNNNNQNNGLLFSDEYLNLVDYNSSMDYKFTGEYSQHQQNCSVPQTSYGGDRVVPLKLE
205,CO_wt1,1.0393236241275494,0.0023604000483830488,VASWLFPNSDKNNNNQNNGLLFSDEYLNLVDYNSSMDYKFTGEYSQHQQNCSVPQTSYGGDRVVPLKLE
206,CO_D174P,0.9589965037091609,0.0022653012524368552,VASWLFPNSDKNNNNQNNGLLFSPEYLNLVDYNSSMDYKFTGEYSQHQQNCSVPQTSYGGDRVVPLKLE
207,CO_A152W,1.1140429645474135,0.0040294344196833915,VWSWLFPNSDKNNNNQNNGLLFSDEYLNLVDYNSSMDYKFTGEYSQHQQNCSVPQTSYGGDRVVPLKLE
208,CO_L177K,0.8821537813349881,0.0006374810657314235,VASWLFPNSDKNNNNQNNGLLFSDEYKNLVDYNSSMDYKFTGEYSQHQQNCSVPQTSYGGDRVVPLKLE
209,CO_D160K,0.9525639211595797,0.012795518935187378,VASWLFPNSKKNNNNQNNGLLFSDEYLNLVDYNSSMDYKFTGEYSQHQQNCSVPQTSYGGDRVVPLKLE
210,CO_Y188D,1.0315380721782987,0.005226564252574395,VASWLFPNSDKNNNNQNNGLLFSDEYLNLVDYNSSMDDKFTGEYSQHQQNCSVPQTSYGGDRVVPLKLE
211,CO_N165P,1.0548147726104151,0.0028757892085140343,VASWLFPNSDKNNNPQNNGLLFSDEYLNLVDYNSSMDYKFTGEYSQHQQNCSVPQTSYGGDRVVPLKLE
212,CO_G192W,1.116807758302434,0.005412123124237224,VASWLFPNSDKNNNNQNNGLLFSDEYLNLVDYNSSMDYKFTWEYSQHQQNCSVPQTSYGGDRVVPLKLE
213,CO_D160W,0.871555134316529,0.001329132119054721,VASWLFPNSWKNNNNQNNGLLFSDEYLNLVDYNSSMDYKFTGEYSQHQQNCSVPQTSYGGDRVVPLKLE
214,CO_N163W,1.0351253943399912,0.007852955850456778,VASWLFPNSDKNWNNQNNGLLFSDEYLNLVDYNSSMDYKFTGEYSQHQQNCSVPQTSYGGDRVVPLKLE
215,CO_N200P,1.2436190282807218,0.0009634728032550926,VASWLFPNSDKNNNNQNNGLLFSDEYLNLVDYNSSMDYKFTGEYSQHQQPCSVPQTSYGGDRVVPLKLE
216,CO_K189W,1.0566290048860827,0.009530656913436356,VASWLFPNSDKNNNNQNNGLLFSDEYLNLVDYNSSMDYWFTGEYSQHQQNCSVPQTSYGGDRVVPLKLE
217,CO_L216K,1.1280334026288188,0.0016598757888829732,VASWLFPNSDKNNNNQNNGLLFSDEYLNLVDYNSSMDYKFTGEYSQHQQNCSVPQTSYGGDRVVPKKLE
218,CO_T191W,1.0595686247381666,0.0029188942584532558,VASWLFPNSDKNNNNQNNGLLFSDEYLNLVDYNSSMDYKFWGEYSQHQQNCSVPQTSYGGDRVVPLKLE
219,CO_L218P,0.9875517474931284,0.0014103376503635005,VASWLFPNSDKNNNNQNNGLLFSDEYLNLVDYNSSMDYKFTGEYSQHQQNCSVPQTSYGGDRVVPLKPE
220,CO_V213K,1.0459138202051221,0.004418137078934835,VASWLFPNSDKNNNNQNNGLLFSDEYLNLVDYNSSMDYKFTGEYSQHQQNCSVPQTSYGGDRKVPLKLE
221,CO_M186D,1.022575394564307,0.002924579840901378,VASWLFPNSDKNNNNQNNGLLFSDEYLNLVDYNSSDDYKFTGEYSQHQQNCSVPQTSYGGDRVVPLKLE
222,CO_V151K,1.032077010830735,0.003716477638009514,KASWLFPNSDKNNNNQNNGLLFSDEYLNLVDYNSSMDYKFTGEYSQHQQNCSVPQTSYGGDRVVPLKLE
223,CO_F172D,1.4059647337673953,0.00044290809461797393,VASWLFPNSDKNNNNQNNGLLDSDEYLNLVDYNSSMDYKFTGEYSQHQQNCSVPQTSYGGDRVVPLKLE
224,CO_pos_to_ac5,0.9555560962710135,0.00035909984788649554,VASWLFPNSDKNNNNQNNGLLFSDEYLNLVDYNSSMDYDFTGEYSQEQQNCSVPQTSYGGDEVVPLELE
225,CO_N183K,0.9855869216037045,0.0015613406249712844,VASWLFPNSDKNNNNQNNGLLFSDEYLNLVDYKSSMDYKFTGEYSQHQQNCSVPQTSYGGDRVVPLKLE
226,CO_S202D,1.1535262030735676,0.006764543730062138,VASWLFPNSDKNNNNQNNGLLFSDEYLNLVDYNSSMDYKFTGEYSQHQQNCDVPQTSYGGDRVVPLKLE
227,CO_G192D,1.0154767611596376,0.0068892076016717615,VASWLFPNSDKNNNNQNNGLLFSDEYLNLVDYNSSMDYKFTDEYSQHQQNCSVPQTSYGGDRVVPLKLE
228,CO_LOF17,1.0390187816840752,0.003813212617986679,RKRWLFPNSDKNNNNQNNGLLFSDEYLNLVDYNSSMDYKFTGEYSQHQQNCSVPQTSYGGDRVVPLKLE
229,CO_N167W,1.0779913369744276,0.0026106063704579782,VASWLFPNSDKNNNNQWNGLLFSDEYLNLVDYNSSMDYKFTGEYSQHQQNCSVPQTSYGGDRVVPLKLE
230,CO_actad_GOF5,1.1615572864915715,0.003758181668294299,VASWLFPNSDKNNNNQNNGLLFEWEYLDLVDYNSSMDYKFTGEYSQHQQNCSVPQTSYGGDRVVPLKLE
231,CO_Y208K,1.0448624024068698,0.00043893556112678913,VASWLFPNSDKNNNNQNNGLLFSDEYLNLVDYNSSMDYKFTGEYSQHQQNCSVPQTSKGGDRVVPLKLE
232,CO_V214P,1.1015615947358315,0.005525397789352674,VASWLFPNSDKNNNNQNNGLLFSDEYLNLVDYNSSMDYKFTGEYSQHQQNCSVPQTSYGGDRVPPLKLE
233,CO_G169W,0.9508446453957347,0.001099022618155986,VASWLFPNSDKNNNNQNNWLLFSDEYLNLVDYNSSMDYKFTGEYSQHQQNCSVPQTSYGGDRVVPLKLE
234,CO_actad_GOF32,0.9938006589281991,0.003225269940923166,VADWDFYNSDKNNNNQNNGLLFSDEYLNLVDYNSSMDYKFTGEYSQHQQNCSVPQTSYGGDRVVPLKLE
235,CO_actad_GOF7,1.1750263370658276,0.004020191281325077,VASWLFPNSDKNNNNQNNGLLFSDEYLDFVDYNSSMDYKFTGEYSQHQQNCSVPQTSYGGDRVVPLKLE
236,CO_actad_GOF33,1.0775353734156667,0.002878827231042517,VADWEFWNSDKNNNNQNNGLLFSDEYLNLVDYNSSMDYKFTGEYSQHQQNCSVPQTSYGGDRVVPLKLE
237,CO_K161D,1.109664612318971,0.005341160284087843,VASWLFPNSDDNNNNQNNGLLFSDEYLNLVDYNSSMDYKFTGEYSQHQQNCSVPQTSYGGDRVVPLKLE
238,CO_E175P,1.0356665523144737,0.0021053989463236797,VASWLFPNSDKNNNNQNNGLLFSDPYLNLVDYNSSMDYKFTGEYSQHQQNCSVPQTSYGGDRVVPLKLE
239,CO_S173D,1.09364191091983,0.0034130449154520033,VASWLFPNSDKNNNNQNNGLLFDDEYLNLVDYNSSMDYKFTGEYSQHQQNCSVPQTSYGGDRVVPLKLE
240,CO_wt5,1.1431907799345913,0.0031037482663257014,VASWLFPNSDKNNNNQNNGLLFSDEYLNLVDYNSSMDYKFTGEYSQHQQNCSVPQTSYGGDRVVPLKLE
241,CO_H197P,0.9098787350865836,0.0007847314661882783,VASWLFPNSDKNNNNQNNGLLFSDEYLNLVDYNSSMDYKFTGEYSQPQQNCSVPQTSYGGDRVVPLKLE
242,CO_actad_GOF10,1.1068368152513997,0.009805425473332706,VADWEFYNSDKNNNNQNNGLLFSDEYLNLVDYNSSMDYKFTGEYSQHQQNCSVPQTSYGGDRVVPLKLE
243,CO_P204W,1.1036859891094644,0.009623589443318644,VASWLFPNSDKNNNNQNNGLLFSDEYLNLVDYNSSMDYKFTGEYSQHQQNCSVWQTSYGGDRVVPLKLE
244,CO_P215D,1.1358975758966645,0.004768542877353211,VASWLFPNSDKNNNNQNNGLLFSDEYLNLVDYNSSMDYKFTGEYSQHQQNCSVPQTSYGGDRVVDLKLE
245,CO_P157W,1.089490049156415,0.002117915271587012,VASWLFWNSDKNNNNQNNGLLFSDEYLNLVDYNSSMDYKFTGEYSQHQQNCSVPQTSYGGDRVVPLKLE
246,CO_Y182W,1.1268668770157468,0.003542741025604551,VASWLFPNSDKNNNNQNNGLLFSDEYLNLVDWNSSMDYKFTGEYSQHQQNCSVPQTSYGGDRVVPLKLE
247,CO_D174W,0.9902523319011807,0.0005680714192182058,VASWLFPNSDKNNNNQNNGLLFSWEYLNLVDYNSSMDYKFTGEYSQHQQNCSVPQTSYGGDRVVPLKLE
248,CO_hydphob_tract3,0.9181352813922896,0.0009304093393209304,VASWLFPNSDKNNNNQNNGLLFSFLYLNLVDYNSSMDYKFTGEYSQHQQNCSVPQTSYGGDRVVPLKLE
249,CO_P157D,0.9653478484739717,0.0011225276788968922,VASWLFDNSDKNNNNQNNGLLFSDEYLNLVDYNSSMDYKFTGEYSQHQQNCSVPQTSYGGDRVVPLKLE
250,CO_R212W,1.0547469434220984,0.0010303237242784763,VASWLFPNSDKNNNNQNNGLLFSDEYLNLVDYNSSMDYKFTGEYSQHQQNCSVPQTSYGGDWVVPLKLE
251,CO_S202W,1.0977869543541812,0.007843999515446756,VASWLFPNSDKNNNNQNNGLLFSDEYLNLVDYNSSMDYKFTGEYSQHQQNCWVPQTSYGGDRVVPLKLE
252,CO_pos_to_FW4,1.3530399715894776,0.0025443654934875,VASWLFPNSDKNNNNQNNGLLFSDEYLNLVDYNSSMDYKFTGEYSQWQQNCSVPQTSYGGDFVVPLWLE
253,CO_actad_GOF22,1.4853818470796614,0.0002640998715670356,VASWLFPNSDKNNNNQNNGLLDFDEYLELVDYWDSMDYKFTGEYSQHQQNCSVPQTSYGGDRVVPLKLE
254,CO_polyq_GOF5,1.1510507442466986,0.001183459763126286,VASWLFPNSDKNNNNQNNGLLFSDEYLNLVDYNSSMDYKFTGEYSQQQQNQQNPQTSYGGDRVVPLKLE
255,CO_D187P,1.084070348308086,0.003631898169236825,VASWLFPNSDKNNNNQNNGLLFSDEYLNLVDYNSSMPYKFTGEYSQHQQNCSVPQTSYGGDRVVPLKLE
256,CO_K217D,1.1619295249022188,0.006478038204574007,VASWLFPNSDKNNNNQNNGLLFSDEYLNLVDYNSSMDYKFTGEYSQHQQNCSVPQTSYGGDRVVPLDLE
257,CO_V203P,1.1214293237757782,0.003042912956674782,VASWLFPNSDKNNNNQNNGLLFSDEYLNLVDYNSSMDYKFTGEYSQHQQNCSPPQTSYGGDRVVPLKLE
258,CO_F190W,1.206011918936863,0.0027311795825913305,VASWLFPNSDKNNNNQNNGLLFSDEYLNLVDYNSSMDYKWTGEYSQHQQNCSVPQTSYGGDRVVPLKLE
259,CO_L170P,1.199313918123834,0.004303029319170759,VASWLFPNSDKNNNNQNNGPLFSDEYLNLVDYNSSMDYKFTGEYSQHQQNCSVPQTSYGGDRVVPLKLE
260,CO_actad_GOF3,1.166191417706305,0.0010143340274047885,VASWLFPNSDKNNNNQNNGLLFSDEYLDLVDYEFSMDYKFTGEYSQHQQNCSVPQTSYGGDRVVPLKLE
261,CO_G209P,1.1556776090406595,0.0027396504014657536,VASWLFPNSDKNNNNQNNGLLFSDEYLNLVDYNSSMDYKFTGEYSQHQQNCSVPQTSYPGDRVVPLKLE
262,CO_Q166P,1.0679956319920105,0.004716781438086528,VASWLFPNSDKNNNNPNNGLLFSDEYLNLVDYNSSMDYKFTGEYSQHQQNCSVPQTSYGGDRVVPLKLE
263,CO_C201P,1.032606198103514,0.002799223824542513,VASWLFPNSDKNNNNQNNGLLFSDEYLNLVDYNSSMDYKFTGEYSQHQQNPSVPQTSYGGDRVVPLKLE
264,CO_N165D,1.4090596308556407,0.0011902168702928853,VASWLFPNSDKNNNDQNNGLLFSDEYLNLVDYNSSMDYKFTGEYSQHQQNCSVPQTSYGGDRVVPLKLE
265,CO_G169P,1.2326429614071022,0.0025609743945128596,VASWLFPNSDKNNNNQNNPLLFSDEYLNLVDYNSSMDYKFTGEYSQHQQNCSVPQTSYGGDRVVPLKLE
266,CO_LOF3,0.9423066049163387,0.001395259370332979,VASWLFPNSDKNNNNQNNGLLFSDEYLNRKRYNSSMDYKFTGEYSQHQQNCSVPQTSYGGDRVVPLKLE
267,CO_N168D,1.196481689428693,0.0008938810136344672,VASWLFPNSDKNNNNQNDGLLFSDEYLNLVDYNSSMDYKFTGEYSQHQQNCSVPQTSYGGDRVVPLKLE
268,CO_N178W,1.5091029803893852,0.0008986135640198373,VASWLFPNSDKNNNNQNNGLLFSDEYLWLVDYNSSMDYKFTGEYSQHQQNCSVPQTSYGGDRVVPLKLE
269,CO_Q196P,1.1410356278844584,0.0018809031524180224,VASWLFPNSDKNNNNQNNGLLFSDEYLNLVDYNSSMDYKFTGEYSPHQQNCSVPQTSYGGDRVVPLKLE
270,CO_G210W,1.0538894597320616,0.0026207253491222996,VASWLFPNSDKNNNNQNNGLLFSDEYLNLVDYNSSMDYKFTGEYSQHQQNCSVPQTSYGWDRVVPLKLE
271,CO_L155W,1.2496417512332092,0.000992722404789748,VASWWFPNSDKNNNNQNNGLLFSDEYLNLVDYNSSMDYKFTGEYSQHQQNCSVPQTSYGGDRVVPLKLE
272,CO_F172P,1.2508906920561,0.0008362746580770979,VASWLFPNSDKNNNNQNNGLLPSDEYLNLVDYNSSMDYKFTGEYSQHQQNCSVPQTSYGGDRVVPLKLE
273,CO_actad_GOF11,1.1010055480940668,0.0022433686770440644,VADWLFENSDKNNNNQNNGLLFSDEYLNLVDYNSSMDYKFTGEYSQHQQNCSVPQTSYGGDRVVPLKLE
274,CO_N200D,1.1368235417246901,0.0034181453109945635,VASWLFPNSDKNNNNQNNGLLFSDEYLNLVDYNSSMDYKFTGEYSQHQQDCSVPQTSYGGDRVVPLKLE
275,CO_S173P,1.0786816097106011,0.005092784972471432,VASWLFPNSDKNNNNQNNGLLFPDEYLNLVDYNSSMDYKFTGEYSQHQQNCSVPQTSYGGDRVVPLKLE
276,CO_L170W,1.2128735588557613,0.001081557168536571,VASWLFPNSDKNNNNQNNGWLFSDEYLNLVDYNSSMDYKFTGEYSQHQQNCSVPQTSYGGDRVVPLKLE
277,CO_pos_to_ac6,1.0110701003890181,0.00043626243933283355,VASWLFPNSDENNNNQNNGLLFSDEYLNLVDYNSSMDYDFTGEYSQEQQNCSVPQTSYGGDEVVPLELE
278,CO_K161W,1.1533214491554937,0.00833977434499655,VASWLFPNSDWNNNNQNNGLLFSDEYLNLVDYNSSMDYKFTGEYSQHQQNCSVPQTSYGGDRVVPLKLE
279,CO_T206D,1.1040387205562991,0.00032151292084605943,VASWLFPNSDKNNNNQNNGLLFSDEYLNLVDYNSSMDYKFTGEYSQHQQNCSVPQDSYGGDRVVPLKLE
280,CO_Y188P,1.2301993265632427,0.004095119815093895,VASWLFPNSDKNNNNQNNGLLFSDEYLNLVDYNSSMDPKFTGEYSQHQQNCSVPQTSYGGDRVVPLKLE
281,CO_pos_to_ac1,1.2435382435172895,0.000878665726103257,VASWLFPNSDENNNNQNNGLLFSDEYLNLVDYNSSMDYKFTGEYSQHQQNCSVPQTSYGGDRVVPLKLE
282,CO_wt3,1.172280957245359,0.002318246234592012,VASWLFPNSDKNNNNQNNGLLFSDEYLNLVDYNSSMDYKFTGEYSQHQQNCSVPQTSYGGDRVVPLKLE
283,CO_G210K,1.111622250508323,0.0024826200380089264,VASWLFPNSDKNNNNQNNGLLFSDEYLNLVDYNSSMDYKFTGEYSQHQQNCSVPQTSYGKDRVVPLKLE
284,CO_Y176P,1.3089633249302364,0.000520664712492948,VASWLFPNSDKNNNNQNNGLLFSDEPLNLVDYNSSMDYKFTGEYSQHQQNCSVPQTSYGGDRVVPLKLE
285,CO_V213D,1.1652995387919185,0.0041578673688254224,VASWLFPNSDKNNNNQNNGLLFSDEYLNLVDYNSSMDYKFTGEYSQHQQNCSVPQTSYGGDRDVPLKLE
286,CO_L155K,1.161269094796433,0.002576375668948544,VASWKFPNSDKNNNNQNNGLLFSDEYLNLVDYNSSMDYKFTGEYSQHQQNCSVPQTSYGGDRVVPLKLE
287,CO_V180W,1.3269685087483514,0.0009323279614249179,VASWLFPNSDKNNNNQNNGLLFSDEYLNLWDYNSSMDYKFTGEYSQHQQNCSVPQTSYGGDRVVPLKLE
288,CO_G209W,1.1455667114381178,0.0024546692784621162,VASWLFPNSDKNNNNQNNGLLFSDEYLNLVDYNSSMDYKFTGEYSQHQQNCSVPQTSYWGDRVVPLKLE
289,CO_L216P,1.2215395222794516,0.00517603107818571,VASWLFPNSDKNNNNQNNGLLFSDEYLNLVDYNSSMDYKFTGEYSQHQQNCSVPQTSYGGDRVVPPKLE
290,CO_wt2,1.1614180368395606,0.005174247709643931,VASWLFPNSDKNNNNQNNGLLFSDEYLNLVDYNSSMDYKFTGEYSQHQQNCSVPQTSYGGDRVVPLKLE
291,CO_V180P,1.2278807998904804,0.004477018105992433,VASWLFPNSDKNNNNQNNGLLFSDEYLNLPDYNSSMDYKFTGEYSQHQQNCSVPQTSYGGDRVVPLKLE
292,CO_actad_GOF15,1.2189675960386366,0.005804612527557049,VASWLFPNSDKNNNNQNNGLLFSDEYLNLVDYNSSMDYKFTGEYSQHQQNCSVPQTSYGYDWVVPLFLE
293,CO_Q198D,1.0475763949325279,0.0009684585113837529,VASWLFPNSDKNNNNQNNGLLFSDEYLNLVDYNSSMDYKFTGEYSQHDQNCSVPQTSYGGDRVVPLKLE
294,CO_N168W,1.1409697539973487,0.0019717651325140448,VASWLFPNSDKNNNNQNWGLLFSDEYLNLVDYNSSMDYKFTGEYSQHQQNCSVPQTSYGGDRVVPLKLE
295,CO_S184P,1.187326926392811,0.0007123964395122188,VASWLFPNSDKNNNNQNNGLLFSDEYLNLVDYNPSMDYKFTGEYSQHQQNCSVPQTSYGGDRVVPLKLE
296,CO_actad_GOF20,1.2954867319955645,0.0037394390431122683,VASWLFPNSDKNNNNQNNGLLFSDEWLEFVDYWDSMDYKFTGEYSQHQQNCSVPQTSYGGDRVVPLKLE
297,CO_pos_to_FW3,1.1904056072838998,0.0009384767365010047,VASWLFPNSDKNNNNQNNGLLFSDEYLNLVDYNSSMDYKFTGEYSQHQQNCSVPQTSYGGDFVVPLWLE
298,CO_E219W,1.2209502657857438,0.0036271115660245733,VASWLFPNSDKNNNNQNNGLLFSDEYLNLVDYNSSMDYKFTGEYSQHQQNCSVPQTSYGGDRVVPLKLW
299,CO_N183W,1.1553114214696383,0.0033099308470547007,VASWLFPNSDKNNNNQNNGLLFSDEYLNLVDYWSSMDYKFTGEYSQHQQNCSVPQTSYGGDRVVPLKLE
300,CO_Y182D,1.0699038254078999,0.0024329421138691,VASWLFPNSDKNNNNQNNGLLFSDEYLNLVDDNSSMDYKFTGEYSQHQQNCSVPQTSYGGDRVVPLKLE
301,CO_K217W,1.2291778737038455,0.0008075588921651817,VASWLFPNSDKNNNNQNNGLLFSDEYLNLVDYNSSMDYKFTGEYSQHQQNCSVPQTSYGGDRVVPLWLE
302,CO_Y208W,1.2858963563533965,0.0012445666710892164,VASWLFPNSDKNNNNQNNGLLFSDEYLNLVDYNSSMDYKFTGEYSQHQQNCSVPQTSWGGDRVVPLKLE
303,CO_pos_to_FW2,1.281625105422496,0.003222374644002106,VASWLFPNSDKNNNNQNNGLLFSDEYLNLVDYNSSMDYWFTGEYSQWQQNCSVPQTSYGGDRVVPLKLE
304,CO_N167P,1.2219949026087629,0.001625023553318916,VASWLFPNSDKNNNNQPNGLLFSDEYLNLVDYNSSMDYKFTGEYSQHQQNCSVPQTSYGGDRVVPLKLE
305,CO_Y194D,1.0726218572513997,0.0006141249882501324,VASWLFPNSDKNNNNQNNGLLFSDEYLNLVDYNSSMDYKFTGEDSQHQQNCSVPQTSYGGDRVVPLKLE
306,CO_V214W,1.397756344763191,0.0016914499587663456,VASWLFPNSDKNNNNQNNGLLFSDEYLNLVDYNSSMDYKFTGEYSQHQQNCSVPQTSYGGDRVWPLKLE
307,CO_hydphob_tract4,1.212378282219413,0.002090355496127256,VASWLFPNSDKNNNNQNNGLLFWDEYLWLVDYNSSMDYKFTGEYSQHQQNCSVPQTSYGGDRVVPLKLE
308,CO_actad_GOF14,1.4209758485306725,0.005757314814047797,VASWLFPNSDKNNNNQNNGLLFSDEYLNLVDYNSSMDYKFTGEYSQHQQNCSVPQTSYGYDWVVELFLE
309,CO_pos_to_ac3,1.3465428541254416,0.0011073751067219597,VASWLFPNSDKNNNNQNNGLLFSDEYLNLVDYNSSMDYEFTGEYSQDQQNCSVPQTSYGGDRVVPLKLE
310,CO_V214D,1.2921355057787491,0.005563150862364243,VASWLFPNSDKNNNNQNNGLLFSDEYLNLVDYNSSMDYKFTGEYSQHQQNCSVPQTSYGGDRVDPLKLE
311,CO_S159D,1.439984409147144,0.0021285606859688722,VASWLFPNDDKNNNNQNNGLLFSDEYLNLVDYNSSMDYKFTGEYSQHQQNCSVPQTSYGGDRVVPLKLE
312,CO_P204D,1.3218772097098146,0.0031597341672008296,VASWLFPNSDKNNNNQNNGLLFSDEYLNLVDYNSSMDYKFTGEYSQHQQNCSVDQTSYGGDRVVPLKLE
313,CO_Y176W,1.25311578786367,0.0015653679847354922,VASWLFPNSDKNNNNQNNGLLFSDEWLNLVDYNSSMDYKFTGEYSQHQQNCSVPQTSYGGDRVVPLKLE
314,CO_Q198K,1.2051761965096202,0.002034385039746167,VASWLFPNSDKNNNNQNNGLLFSDEYLNLVDYNSSMDYKFTGEYSQHKQNCSVPQTSYGGDRVVPLKLE
315,CO_actad_GOF13,1.6455977348850148,0.0036555716672965724,VASWLFPNSDKNNNNQNNGLLFSDEYLNLVDYNSSMDYKFTGEYSQHQQNCSVPQTSYGGDFVVDLWLE
316,CO_pos_to_FW6,1.6052179130537512,0.002802111175757829,VASWLFPNSDFNNNNQNNGLLFSDEYLNLVDYNSSMDYWFTGEYSQWQQNCSVPQTSYGGDFVVPLWLE
317,CO_E175D,1.4656826704655628,0.0006104823968968742,VASWLFPNSDKNNNNQNNGLLFSDDYLNLVDYNSSMDYKFTGEYSQHQQNCSVPQTSYGGDRVVPLKLE
318,CO_K189P,1.4064363682510779,0.0003524790917247853,VASWLFPNSDKNNNNQNNGLLFSDEYLNLVDYNSSMDYPFTGEYSQHQQNCSVPQTSYGGDRVVPLKLE
319,CO_D211K,1.3872078988214709,0.00044055060930006835,VASWLFPNSDKNNNNQNNGLLFSDEYLNLVDYNSSMDYKFTGEYSQHQQNCSVPQTSYGGKRVVPLKLE
320,CO_S185W,1.5355249452201192,0.0020398179921842954,VASWLFPNSDKNNNNQNNGLLFSDEYLNLVDYNSWMDYKFTGEYSQHQQNCSVPQTSYGGDRVVPLKLE
321,CO_pos_to_FW5,1.461631699937661,0.0019459913851640374,VASWLFPNSDKNNNNQNNGLLFSDEYLNLVDYNSSMDYWFTGEYSQWQQNCSVPQTSYGGDFVVPLWLE
322,CO_Q198W,1.5298066277306657,0.0009107374326914827,VASWLFPNSDKNNNNQNNGLLFSDEYLNLVDYNSSMDYKFTGEYSQHWQNCSVPQTSYGGDRVVPLKLE
323,CO_Y194W,1.790615492018925,0.0005726335174004024,VASWLFPNSDKNNNNQNNGLLFSDEYLNLVDYNSSMDYKFTGEWSQHQQNCSVPQTSYGGDRVVPLKLE
324,CO_K217P,1.9161427903014552,0.0005104735252877163,VASWLFPNSDKNNNNQNNGLLFSDEYLNLVDYNSSMDYKFTGEYSQHQQNCSVPQTSYGGDRVVPLPLE
325,CO_actad_GOF29,2.0250684303909763,0.0013067303782364659,VASWLFPNSDKNNNNQNNGLLFSDEYLNLVDYNEFMDWEFTGEYSQHQQNCSVPQTSYGGDRVVPLKLE
