Tile ID;Sequence;;;;;
F7;GCCAACTATGCTTTCAATTTTATGTTGGTTTGGAGCCCAAGCGGGACTTTTATAATATCCGCTATAATCTGTGGAGCAACAATTGTATTCACATGGTGCTTGGTGCCGGAGACTCGAAGATTAACGTTAGAAGAAATCCAACTGTCGTTTGTCAATGTT;159;;;;
B9;GATAATAATCCCTTTCAATCGAACCGATCGGGTCTAAACCCGGCTCAACAGATGGGTCTAACCCGGGATTTTCTTGGAGTGAGCAACGAGCATCACCCTCACCAAACGGGTCGTCGTCCGTTTTTGCCTCAAGAACTCGCAAGGTTTGCTCCATTGGGT;159;;;;
C5;CTGTTGGATCCGGGAACACCTATGGACGCTGATTTGGTAGCTTCTTCTACAGTAGTGTGGGAACAAGATGCAGATCCTTTTGCTGGAACAGCCGACGACTTCCCCGCCTTCAATGAAGAGGAGCTTGCATGGTTGATGGAACTGCTTCCTCAAGCACGT;159;;;;
A8;AACTTCTCCAATGCATCAGTGATGGATTATCATTTCAAGACTAAGAAACACAAAAAGCGTGTGAAGAAGATAGAGCGACCAGCGCCACACTCGCAACTCGATGCAGATTTAGCTGGTGGAATGGGAATGCCAGACAATGGTCCAAAGCTGATGTCTGCC;159;;;;
A1;AAGAAGAAGGGAGACGGCTCTGGATCGGGGTCGGGTTCTGGCTCAGTCGACCTTGATCTTGACCTCGAACTCAGACTTGGATTTGCTCTCGATCTCGACCTTGAACTTAGACTCGGATTTGCTCTTGACCTCGATCTTGAGCTTAGACTCGGATTCGCT;159;;;;
NH72;CCTTCTCAGGATGTTGTGATCCATGACTGTGGAGAAATCCCTGAGGGTGCAGATGATGGGATTTGTGACTTTTTCAAGGATGGTGATGTGTACCCTGACTGGCCTATTGATCTGAATGAAAGCCCAGCTGAGTTATCTTGGTGGATGGAGACTGTTGAT;159;;;;
NH92;CCGAAAAACCTCGAGTTCTATTTCATTTCAGCTATCAGTGACTGACTGATCGAGTGAGATTTGCATATGACTGACATTCCATTGCATATTTCAACCAATCAGCGGTCACGGCGGCGGAGACG;122;;;;
NH80;AGATTTTATGCAGAATTACATATCGATGATCCTATTGTCACTGAATACTTCAAAAATCAGAATACTGCATCTATTGCGGAACTGAATTCTCTACAGGATATTTATGACTACCTAGAATTCAAATATGCCAACGAAATCAATGAAATGTTTATAAACCAC;159;;;;
NH28;GAGAATGTAGTTTTCATTACTTCCACGGCTGGGCAAGGTGAATTCCCCCAAGACGGTAAGTCTTTCTGGGAAGCTCTGAAAAATGACACCGACTTGGATTTAGCTAGTTTGAATGTTGCTGTTTTTGGTCTCGGTGATTCTGAGTATTGGCCACGTAAA;159;;;;
NH2;TATCCAGAGTGGAGCGAGTTTTACTTGCACAATGAGACTGAAGATGAAGATGAGTTTATGTCTCCTGCATTTAGAGAATCTGATTGCTTCATTTTACCTGAAAATGCAGAGGATAAGTTTATCACAGATAACCAATTCGAGAATTCGCTTGGTGTCTAT;159;;;;
NH45;AGTCTCTCTGACCTCACTGCAGATTTGTCAAATCTTGGAGATTTAGGGGCTTTAGGAAACTATCCCGGTTCTCCTTTTCTGCCATCTGATTCAGAGATTTTACTTGACTCTCCCGAACAAGAGGACATAGATGAATTCTTTGTGGATTCGATTCCAGGA;159;;;;
NH64;ATTTGGGGATTTGAAGATCACGTGTCGAATTACGGTGGTTTAGATTTTGGTTCCGGCGTCGGAGATGGTGGAGATTACGTGGCTGTTGAGGGGTTGTTTGAATTTTCCGACGATTGTTTTGACTCCGGCGATCTGTTTTCGTGGCGGTCGGAGTCGTTA;159;;;;
NH68;TCCGGCGCAGGTGATGAACTTGATTACGAATTCGTCGGTGCTGATCTAGAAACTGCTCAAACCAATTTCTATTGGGAAAGTGTTTTGAACTACACGAATTCTGCCAATATTTCCACTACTGATACATTTGAAAACTACCATACTTACGAATTAGATTGG;159;;;;
NH96;GAGGATCAGAGCTTTTGGGAAAACCTAGATGTCGACGACGTGTTTGGTCTTTTTAAGGACGACAACAATCTTGAGGTTCCTCTTCAAGATCATTCCTCAACCAACGAAGACGACGAGTTATTGATCGACATAAGTGAATACTTAAGCGAAGAAGCAATG;159;;;;
NH8;GAGTCTGTTACTTTGCCTCAAGCACTAAATCTGGACGAGTTCGACTTGGAAGATGACACTCTCGACATGGAATTCGATAATCATACTCGGAGTGAGGAAGATATCACTCTCACAGATCAAATTCCTACTGGCATTGATCCTTATGTTGCTGTAACATTC;159;;;;
NH93;GCATTATCAAAATGGGCAAGTGAAGGCTATATGCCAACCTTTGATGAGTACATGGAGGTTGGGGAGGTCACTGGGGGGATGGATGATTTTGCTTTGTACAGCTTTATCGCGATGGAAGATTGCGACGAGAAACCATTGTACGAATGGTTTGACTCCAAG;159;;;;
NH44;GATCGTCTCAAAGAAGAAACGGAGATGGTTGTATTCGATGATCAGATCTTGGCGATTTTTGAGAGTAACGACAAACCTACAGGAAACTTGGAAGATCAAGAGATAGATCTTGATCAATTCCTAGATTTTGATCAACTCATAGATTTCGAGGGTTTGATC;159;;;;
NH39;GAGAAGAACAGAATGATTGTACCCCAAGAAACACAGACATCAACGCTTTTCACTGAGGATCAGAGCTTTTGGGAAAATCTATTCAAGGATTTTAATAACGAAAACCTTGAGGTTCCACTTCAAGATCATTCCTCAACC;138;;;;
NH32;GTGGAAATGAAATGGGATTTTGATTCATTGAGTTCGTCGGATTATATTATTGAAAATAATATCAACCTCGATGCTTTGGCTGAGGACAACAACGAGTGGGCTACTGCCCAACATGACCTGTTCAACTATGCATACCCTGACGAAGATTCTTATTACTTT;159;;;;
NH31;GACAATCAAGAAATAGACTTTTTAGATCTCTTTAGTCCAACTTTCAAATTCAACTTTGCATCTACTACCACTGATTGGCAACCCATTGTGGCTGGACCTGACGAATGCGACGAATCAGTCTCAGATCTTTTGGCAGAAGTGGAAGCCATGGAGTCCCAA;159;;;;
NH20;TTGGTGAATGAAGATGCTGGATTTGTTGACTGCTTATTTGAAACAGAGGAGGAGAAGAACAGAATGATTGTACCCCAAGAAACACAAACACAACCGATGTTCTCTGAGGAGGATCAGAGCTTTTGGGAAAACCTAGATGTCGACGACGTGTTTGGTCTT;159;;;;
E5;GCGCTAGACGATTTCGATCTGGACATGTTGGGGGACGGGGATTCCCCGGGGCCGGGATTTACCCCCCACGACTCCGCCCCCTACGGCGCTCTGGATACGGCCGACTTCGAGTTTGAGCAGATGTTTACCGATGCCCTTGGAATTGACGAGTACGGTGGG;159;;;;
H8;ATGAAGAAGATAAGTTCAACGATCATGCAGGTCACTTGTCAAACATGTAAAGGACAGTTTCAAGCAGTTGCGGTTCCGGCGGCTACGGCTGATGAGACGTCTCTTGTCGTGAGTTACATGTCGTCAGCGAATACTGACGGAGAGTTGGAAAATGGTTTT;159;;;;
B8;TCTCTTGTGGAACATGTAGAGAAAACACATGAGAGGAACAAGAAGCAGAATCATGGCAATGTCACGGTCGATGTCTGCCCTAGATGTAGCAGAGGATTCCGCGATCCAGTAGATCTTGTGAACCATATCGAAAGAGATCACCGAGGCACTTCGAAAGCA;159;;;;
H7;CTCGAGAATTGCCGTAATACCTCAGTCACTAACAACAACAACAACAGTGTGGATCATCCCAGTGACTCAAACACCAACAACAATAACATTGTGGATCATCCGAATGACATAAAAAACAAGAACAATGTTGACAACAAGGACAATAACAGCAGAGACAAG;159;;;;
D7;AAGAAGAAATCGGGTGTCTTCTACCTCGCCATTTCAATATTGACCTTGATGCTACTCCCACTCTTTTATCTTCTAGTCTTCTTACATCAAAGAGAAAAGAGAAGCGGAACACAAGATTTGCGTCGTATTATAAAATCTGGAAAAAAAACAAAACCGTCA;159;;;;
