;Virus;Protein;gBlockname;Aasequence;AaLength;DNA;Bplength;Left overhang;Right overhang;Final DNA sequence
;TGMV;AL2;AL2-1;MRNSSSSTPPSIKAQHRAAKRRAIRRRRIDLNCGCSIYIHIDCRNNGFTHRGT;53;ATGCGTAACAGCAGCTCCTCAACACCTCCGAGCATCAAGGCTCAACACCGAGCCGCCAAACGTAGAGCTATTAGGCGAAGAAGGATCGACTTGAACTGCGGGTGCAGCATATACATTCACATCGACTGCCGTAACAATGGGTTCACGCATAGGGGAACC;159;acgtcagtgtggtctctaggt;taagcttagagaccaagcgctta;acgtcagtgtggtctctaggtATGCGTAACAGCAGCTCCTCAACACCTCCGAGCATCAAGGCTCAACACCGAGCCGCCAAACGTAGAGCTATTAGGCGAAGAAGGATCGACTTGAACTGCGGGTGCAGCATATACATTCACATCGACTGCCGTAACAATGGGTTCACGCATAGGGGAACCtaagcttagagaccaagcgctta
;TGMV;AL2;AL2-2;SIYIHIDCRNNGFTHRGTYHCASSREWRLYLGDNKSPLFQDNQRRGSPLHQHQ;53;AGTATCTACATCCATATCGACTGCCGAAACAACGGGTTCACTCATAGGGGAACCTACCACTGTGCTTCCTCACGAGAGTGGCGACTGTACCTCGGAGACAATAAAAGTCCATTGTTCCAGGATAACCAGCGTCGTGGGTCACCACTCCATCAACATCAG;159;acgtcagtgtggtctctaggt;taagcttagagaccaagcgctta;acgtcagtgtggtctctaggtAGTATCTACATCCATATCGACTGCCGAAACAACGGGTTCACTCATAGGGGAACCTACCACTGTGCTTCCTCACGAGAGTGGCGACTGTACCTCGGAGACAATAAAAGTCCATTGTTCCAGGATAACCAGCGTCGTGGGTCACCACTCCATCAACATCAGtaagcttagagaccaagcgctta
;TGMV;AL2;AL2-3;NQRRGSPLHQHQDIPLTNQVQPQPEESIGSPQGISQLPSMDDIDDSFWENLFK;53;AATCAACGACGTGGAAGCCCTTTACACCAGCACCAAGATATCCCGCTTACAAATCAAGTTCAACCCCAACCTGAAGAATCTATAGGCTCCCCCCAGGGCATATCCCAGTTGCCATCTATGGATGATATAGATGACTCATTCTGGGAGAACCTGTTCAAA;159;acgtcagtgtggtctctaggt;taagcttagagaccaagcgctta;acgtcagtgtggtctctaggtAATCAACGACGTGGAAGCCCTTTACACCAGCACCAAGATATCCCGCTTACAAATCAAGTTCAACCCCAACCTGAAGAATCTATAGGCTCCCCCCAGGGCATATCCCAGTTGCCATCTATGGATGATATAGATGACTCATTCTGGGAGAACCTGTTCAAAtaagcttagagaccaagcgctta
;CVB;P12;P12-1;MDVIVKMLILRKFVEQGNVCPIHLCVDIYKRAFPRSVNKGRSSYARRRRALEL;53;ATGGACGTGATCGTGAAGATGTTGATCCTGCGTAAATTCGTCGAACAAGGTAATGTCTGTCCCATACACTTGTGTGTGGACATTTATAAAAGGGCCTTCCCGAGATCAGTCAACAAGGGACGTAGTTCCTATGCCCGTAGGAGAAGGGCACTCGAACTT;159;acgtcagtgtggtctctaggt;taagcttagagaccaagcgctta;acgtcagtgtggtctctaggtATGGACGTGATCGTGAAGATGTTGATCCTGCGTAAATTCGTCGAACAAGGTAATGTCTGTCCCATACACTTGTGTGTGGACATTTATAAAAGGGCCTTCCCGAGATCAGTCAACAAGGGACGTAGTTCCTATGCCCGTAGGAGAAGGGCACTCGAACTTtaagcttagagaccaagcgctta
;CVB;P12;P12-2;RCHRCYRVYPPLFPEISRCDNRTCVPGISYNSKVRDYILWGVTEVIPHPGYNF;53;AGGTGCCACCGATGTTATAGAGTATATCCCCCTTTGTTCCCTGAGATAAGCCGTTGCGACAATAGAACTTGTGTACCAGGCATCTCCTACAACTCCAAAGTGCGTGACTACATACTGTGGGGAGTTACGGAGGTTATACCGCACCCAGGATACAATTTC;159;acgtcagtgtggtctctaggt;taagcttagagaccaagcgctta;acgtcagtgtggtctctaggtAGGTGCCACCGATGTTATAGAGTATATCCCCCTTTGTTCCCTGAGATAAGCCGTTGCGACAATAGAACTTGTGTACCAGGCATCTCCTACAACTCCAAAGTGCGTGACTACATACTGTGGGGAGTTACGGAGGTTATACCGCACCCAGGATACAATTTCtaagcttagagaccaagcgctta
;RSV;P2;P2-1;MALLLFNDHYYGFLHKYKRHTGSYDNLFNLRCSKEDHYLNSLDAIWLMGCCEE;53;ATGGCTCTGCTTTTGTTCAACGATCACTACTATGGCTTCTTACACAAGTATAAAAGACACACTGGCAGCTACGACAACCTCTTCAACTTAAGGTGTTCAAAGgaGgacCACTACCTTAATAGCCTCGACGCCATATGGTTGATGGGCTGCTGTGAAGAA;159;acgtcagtgtggtctctaggt;taagcttagagaccaagcgctta;acgtcagtgtggtctctaggtATGGCTCTGCTTTTGTTCAACGATCACTACTATGGCTTCTTACACAAGTATAAAAGACACACTGGCAGCTACGACAACCTCTTCAACTTAAGGTGTTCAAAGgaGgacCACTACCTTAATAGCCTCGACGCCATATGGTTGATGGGCTGCTGTGAAGAAtaagcttagagaccaagcgctta
;RSV;P2;P2-2;RAYYKPHQKMEHKHIVVTNGIPISKNFNEIALPDPSPSDDYVLVGAHECPILM;53;CGTGCTTATTACAAGCCACACCAGAAGATGGAACACAAACATATTGTGGTCACGAATGGTATCCCAATAAGCAAGAATTTCAATGAAATCGCTCTTCCCGACCCTTCTCCCTCAGATGATTATGTCCTGGTGGGGGCTCACGAATGTCCTATCCTCATG;159;acgtcagtgtggtctctaggt;taagcttagagaccaagcgctta;acgtcagtgtggtctctaggtCGTGCTTATTACAAGCCACACCAGAAGATGGAACACAAACATATTGTGGTCACGAATGGTATCCCAATAAGCAAGAATTTCAATGAAATCGCTCTTCCCGACCCTTCTCCCTCAGATGATTATGTCCTGGTGGGGGCTCACGAATGTCCTATCCTCATGtaagcttagagaccaagcgctta
;RSMV;M;M-1;MAVPWTEVKDSKYLATKMSVTLIMEMNEDTPLKYPSYNAFESIFKRLAEPECA;53;ATGGCAGTTCCATGGACGGAGGTCAAAGACAGTAAATACTTGGCCACGAAAATGAGCGTCACGCTCATCATGGAGATGAACGAGGATACTCCTTTAAAATACCCAAGTTACAACGCATTTGAGAGTATCTTTAAAAGGCTTGCCGAACCCGAATGTGCC;159;acgtcagtgtggtctctaggt;taagcttagagaccaagcgctta;acgtcagtgtggtctctaggtATGGCAGTTCCATGGACGGAGGTCAAAGACAGTAAATACTTGGCCACGAAAATGAGCGTCACGCTCATCATGGAGATGAACGAGGATACTCCTTTAAAATACCCAAGTTACAACGCATTTGAGAGTATCTTTAAAAGGCTTGCCGAACCCGAATGTGCCtaagcttagagaccaagcgctta
;RSMV;M;M-2;KDIYYLEVSNKETAQYGPTKVYKLQCPAYLLSRVTGGSQLDYTSLIGSKVMTE;53;AAGGATATATACTATCTCGAGGTGAGCAACAAGGAGACTGCTCAGTATGGTCCGACAAAAGTCTATAAGTTGCAGTGTCCAGCCTATCTTCTGTCCAGGGTCACTGGTGGGTCCCAGTTAGATTACACTTCTCTCATAGGATCAAAGGTTATGACAGAG;159;acgtcagtgtggtctctaggt;taagcttagagaccaagcgctta;acgtcagtgtggtctctaggtAAGGATATATACTATCTCGAGGTGAGCAACAAGGAGACTGCTCAGTATGGTCCGACAAAAGTCTATAAGTTGCAGTGTCCAGCCTATCTTCTGTCCAGGGTCACTGGTGGGTCCCAGTTAGATTACACTTCTCTCATAGGATCAAAGGTTATGACAGAGtaagcttagagaccaagcgctta
;RSMV;M;M-3;KDRGIPVRTLYITGGGTSFRVINEETANQFIINDNAVRLPGECKVDGGSIIWS;53;AAAGATCGAGGCATACCTGTTAGAACCCTCTACATCACGGGTGGAGGCACCTCTTTCAGAGTGATCAATGAGGAGACTGCAAATCAGTTCATAATAAATGATAATGCCGTTCGACTTCCAGGTGAATGTAAGGTCGATGGGGGCTCTATCATCTGGAGT;159;acgtcagtgtggtctctaggt;taagcttagagaccaagcgctta;acgtcagtgtggtctctaggtAAAGATCGAGGCATACCTGTTAGAACCCTCTACATCACGGGTGGAGGCACCTCTTTCAGAGTGATCAATGAGGAGACTGCAAATCAGTTCATAATAAATGATAATGCCGTTCGACTTCCAGGTGAATGTAAGGTCGATGGGGGCTCTATCATCTGGAGTtaagcttagagaccaagcgctta
;BeYDV;RepA;RepA-1;DLHNWRETHLYHVSIDAYTFIHPVSYDQAQSDLEWMADLTRMREGLGSDTPAS;53;GACCTCCACAACTGGCGAGAAACGCATTTGTATCACGTTAGTATAGATGCTTACACCTTCATACACCCTGTCTCATACGATCAGGCCCAGAGTGACCTTGAGTGGATGGCTGACCTTACGAGAATGAGAGAGGGCTTGGGTTCTGACACCCCTGCATCC;159;acgtcagtgtggtctctaggt;taagcttagagaccaagcgctta;acgtcagtgtggtctctaggtGACCTCCACAACTGGCGAGAAACGCATTTGTATCACGTTAGTATAGATGCTTACACCTTCATACACCCTGTCTCATACGATCAGGCCCAGAGTGACCTTGAGTGGATGGCTGACCTTACGAGAATGAGAGAGGGCTTGGGTTCTGACACCCCTGCATCCtaagcttagagaccaagcgctta
;BeYDV;RepA;RepA-2;SADQLVPERPPGLEVSGDTTTGTGPSTSPTTMNTPPIISSTTSPSSSSHCGSN;53;TCAGCCGACCAACTGGTGCCTGAAAGACCTCCAGGTCTTGAGGTATCTGGCGACACAACTACGGGTACGGGGCCTTCAACAAGTCCAACCACAATGAACACACCGCCTATCATCAGCAGTACAACTTCCCCCTCATCAAGCTCTCATTGCGGGTCAAAC;159;acgtcagtgtggtctctaggt;taagcttagagaccaagcgctta;acgtcagtgtggtctctaggtTCAGCCGACCAACTGGTGCCTGAAAGACCTCCAGGTCTTGAGGTATCTGGCGACACAACTACGGGTACGGGGCCTTCAACAAGTCCAACCACAATGAACACACCGCCTATCATCAGCAGTACAACTTCCCCCTCATCAAGCTCTCATTGCGGGTCAAACtaagcttagagaccaagcgctta
;BeYDV;Rep;Rep-1;VSPFTESDLRCHEDLHNWRETHLYHDEGRTGVRHPSLYICGPTRTGKTTWARS;53;GTGAGCCCTTTTACAGAATCCGATCTTCGATGCCATGAGGATCTTCATAACTGGAGAGAAACACACCTTTATCACGATGAAGGGCGTACAGGAGTTAGGCACCCTTCCTTGTATATTTGCGGACCTACAAGAACTGGTAAGACAACCTGGGCACGTAGC;159;acgtcagtgtggtctctaggt;taagcttagagaccaagcgctta;acgtcagtgtggtctctaggtGTGAGCCCTTTTACAGAATCCGATCTTCGATGCCATGAGGATCTTCATAACTGGAGAGAAACACACCTTTATCACGATGAAGGGCGTACAGGAGTTAGGCACCCTTCCTTGTATATTTGCGGACCTACAAGAACTGGTAAGACAACCTGGGCACGTAGCtaagcttagagaccaagcgctta
;BeYDV;Rep;Rep-2;HNYWNGTIDFTNYDEHATYNIIDDIPFKFVPLWKQLIGCQSDFTVNPKYGKKK;53;CACAACTACTGGAATGGTACCATTGATTTTACTAATTACGACGAACATGCCACCTATAATATAATTGATGATATTCCTTTCAAGTTCGTCCCGCTCTGGAAACAGCTGATAGGTTGCCAGAGTGACTTTACGGTGAACCCGAAGTACGGTAAAAAGAAG;159;acgtcagtgtggtctctaggt;taagcttagagaccaagcgctta;acgtcagtgtggtctctaggtCACAACTACTGGAATGGTACCATTGATTTTACTAATTACGACGAACATGCCACCTATAATATAATTGATGATATTCCTTTCAAGTTCGTCCCGCTCTGGAAACAGCTGATAGGTTGCCAGAGTGACTTTACGGTGAACCCGAAGTACGGTAAAAAGAAGtaagcttagagaccaagcgctta
;BeYDV;Rep;Rep-3;KIKGGIPSIILCNPDEDWMLSMTSQQKDYFEDNCVTHYMCDGETFFARESSSH;53;AAAATCAAGGGCGGCATACCCTCCATTATCCTTTGTAACCCGGATGAAGATTGGATGCTTTCAATGACGAGTCAACAAAAAGACTATTTCGAGGACAACTGCGTCACCCACTATATGTGCGATGGCGAGACTTTTTTTGCCCGTGAGTCTTCAAGCCAC;159;acgtcagtgtggtctctaggt;taagcttagagaccaagcgctta;acgtcagtgtggtctctaggtAAAATCAAGGGCGGCATACCCTCCATTATCCTTTGTAACCCGGATGAAGATTGGATGCTTTCAATGACGAGTCAACAAAAAGACTATTTCGAGGACAACTGCGTCACCCACTATATGTGCGATGGCGAGACTTTTTTTGCCCGTGAGTCTTCAAGCCACtaagcttagagaccaagcgctta
;RBSDV;P8;P8-1;VECSASKMMANTLLHHFYERYTSNMNPTPVFLFSYFFGLTKGLNVLKASSIIV;53;GTAGAATGCAGCGCCAGCAAGATGATGGCTAATACGCTTTTGCATCACTTCTACGAACGATACACTTCTAATATGAATCCCACGCCGGTATTCCTCTTCAGTTACTTTTTCGGGTTGACAAAGGGCCTGAATGTTCTCAAAGCCTCATCCATAATAGTG;159;acgtcagtgtggtctctaggt;taagcttagagaccaagcgctta;acgtcagtgtggtctctaggtGTAGAATGCAGCGCCAGCAAGATGATGGCTAATACGCTTTTGCATCACTTCTACGAACGATACACTTCTAATATGAATCCCACGCCGGTATTCCTCTTCAGTTACTTTTTCGGGTTGACAAAGGGCCTGAATGTTCTCAAAGCCTCATCCATAATAGTGtaagcttagagaccaagcgctta
;RBSDV;p8;P8-2;MTGTHDDRISLRLLFFNLWNKKRPNDPINHRKTKKKLKPQTANPTSNPILVSP;53;ATGACGGGGACCCATGATGATAGAATATCCCTCAGGCTCTTATTCTTCAACCTGTGGAACAAAAAACGTCCCAACGACCCAATTAATCACAGAAAGACGAAGAAGAAACTCAAGCCGCAAACCGCCAATCCAACCAGCAACCCCATTCTTGTATCACCA;159;acgtcagtgtggtctctaggt;taagcttagagaccaagcgctta;acgtcagtgtggtctctaggtATGACGGGGACCCATGATGATAGAATATCCCTCAGGCTCTTATTCTTCAACCTGTGGAACAAAAAACGTCCCAACGACCCAATTAATCACAGAAAGACGAAGAAGAAACTCAAGCCGCAAACCGCCAATCCAACCAGCAACCCCATTCTTGTATCACCAtaagcttagagaccaagcgctta
;RBSDV;p8;P8-3;SITDYAEQISDEFAKARKPILVPTQIFSAFTRLETIFNRTGSYPDLFSNPIKY;53;TCAATAACCGACTACGCCGAGCAGATATCAGACGAGTTCGCCAAAGCTAGGAAGCCAATTTTGGTCCCCACTCAGATTTTCTCTGCCTTTACGAGGCTGGAGACAATATTTAACCGTACTGGCTCCTACCCTGACTTATTCTCTAACCCCATCAAATAC;159;acgtcagtgtggtctctaggt;taagcttagagaccaagcgctta;acgtcagtgtggtctctaggtTCAATAACCGACTACGCCGAGCAGATATCAGACGAGTTCGCCAAAGCTAGGAAGCCAATTTTGGTCCCCACTCAGATTTTCTCTGCCTTTACGAGGCTGGAGACAATATTTAACCGTACTGGCTCCTACCCTGACTTATTCTCTAACCCCATCAAATACtaagcttagagaccaagcgctta
;RBSDV;P8;P8-4;LGFLIFMPDASIHLDPPTVDHSYYNLKRNHKMSFDELQSNLTSRMLTGQIVKT;53;TTGGGGTTTCTCATCTTTATGCCTGATGCATCCATACACCTGGACCCTCCCACTGTAGATCATTCCTACTATAACCTTAAGAGGAACCACAAGATGAGTTTCGACGAGCTCCAGAGCAACCTTACGTCAAGAATGTTGACCGGGCAAATCGTCAAAACC;159;acgtcagtgtggtctctaggt;taagcttagagaccaagcgctta;acgtcagtgtggtctctaggtTTGGGGTTTCTCATCTTTATGCCTGATGCATCCATACACCTGGACCCTCCCACTGTAGATCATTCCTACTATAACCTTAAGAGGAACCACAAGATGAGTTTCGACGAGCTCCAGAGCAACCTTACGTCAAGAATGTTGACCGGGCAAATCGTCAAAACCtaagcttagagaccaagcgctta
