Triplet,Amino acid,Fraction,Frequency/ Thousand,Number
TTT,F,0.58,24.4,10395
TTC,F,0.42,17.8,7569
TTA,L,0.14,12.5,5334
TTG,L,0.24,21.9,9315
TAT,Y,0.57,17.8,7573
TAC,Y,0.43,13.5,5737
TAA,*,0.41,1.1,486
TAG,*,0.19,0.5,224
CTT,L,0.26,23.7,10079
CTC,L,0.14,12.2,5176
CTA,L,0.1,9.2,3935
CTG,L,0.12,10.4,4431
CAT,H,0.61,13.3,5650
CAC,H,0.39,8.6,3672
CAA,Q,0.58,21.3,9069
CAG,Q,0.42,15.5,6618
ATT,I,0.5,27.3,11626
ATC,I,0.25,13.7,5823
ATA,I,0.25,13.9,5914
ATG,M,1,24.8,10543
AAT,N,0.6,27.4,11684
AAC,N,0.4,18.6,7922
AAA,K,0.49,32.3,13750
AAG,K,0.51,33.9,14437
GTT,V,0.41,27,11505
GTC,V,0.17,11.4,4855
GTA,V,0.17,11.2,4755
GTG,V,0.25,16.6,7057
GAT,D,0.68,36.7,15612
GAC,D,0.32,16.9,7219
GAA,E,0.55,35,14896
GAG,E,0.45,29.1,12401
TCT,S,0.26,20.3,8634
TCC,S,0.14,10.7,4542
TCA,S,0.23,17.7,7543
TCG,S,0.07,5.4,2290
TGT,C,0.57,9.9,4233
TGC,C,0.43,7.6,3225
TGA,*,0.41,1.1,455
TGG,W,1,11.6,4921
CCT,P,0.37,18.8,8012
CCC,P,0.13,6.7,2862
CCA,P,0.4,20,8540
CCG,P,0.1,4.9,2098
CGT,R,0.15,7.4,3173
CGC,R,0.08,4,1688
CGA,R,0.11,5.1,2179
CGG,R,0.08,3.7,1573
ACT,T,0.39,20.8,8844
ACC,T,0.19,10,4251
ACA,T,0.33,17.4,7420
ACG,T,0.09,4.6,1946
AGT,S,0.17,13.3,5657
AGC,S,0.13,10,4262
AGA,R,0.32,15.5,6586
AGG,R,0.26,12.5,5309
GCT,A,0.44,32,13610
GCC,A,0.17,12.6,5373
GCA,A,0.31,23,9805
GCG,A,0.08,5.8,2490
GGT,G,0.34,23.1,9831
GGC,G,0.17,11.4,4854
GGA,G,0.34,23.5,10006
GGG,G,0.15,10.5,4482