ID,sequence,,,,,
COTAD_wt1,VASWLFPNSDKNNNNQNNGLLFSDEYLNLVDYNSSMDYKFTGEYSQHQQNCSVPQTSYGGDRVVPLKLE,69,,,,
COTAD_wt2,VASWLFPNSDKNNNNQNNGLLFSDEYLNLVDYNSSMDYKFTGEYSQHQQNCSVPQTSYGGDRVVPLKLE,69,,,,
COTAD_wt3,VASWLFPNSDKNNNNQNNGLLFSDEYLNLVDYNSSMDYKFTGEYSQHQQNCSVPQTSYGGDRVVPLKLE,69,,,,
COTAD_wt4,VASWLFPNSDKNNNNQNNGLLFSDEYLNLVDYNSSMDYKFTGEYSQHQQNCSVPQTSYGGDRVVPLKLE,69,,,,
COTAD_wt5,VASWLFPNSDKNNNNQNNGLLFSDEYLNLVDYNSSMDYKFTGEYSQHQQNCSVPQTSYGGDRVVPLKLE,69,,,,
COTAD_wt6,VASWLFPNSDKNNNNQNNGLLFSDEYLNLVDYNSSMDYKFTGEYSQHQQNCSVPQTSYGGDRVVPLKLE,69,,,,
CO_ac_to_pos1,VASWLFPNSRKNNNNQNNGLLFSDEYLNLVDYNSSMDYKFTGEYSQHQQNCSVPQTSYGGDRVVPLKLE,69,,,,
CO_ac_to_pos2,VASWLFPNSRKNNNNQNNGLLFSKEYLNLVDYNSSMDYKFTGEYSQHQQNCSVPQTSYGGDRVVPLKLE,69,,,,
CO_ac_to_pos3,VASWLFPNSRKNNNNQNNGLLFSKRYLNLVDYNSSMDYKFTGEYSQHQQNCSVPQTSYGGDRVVPLKLE,69,,,,
CO_ac_to_pos4,VASWLFPNSRKNNNNQNNGLLFSKRYLNLVDYNSSMKYKFTGEYSQHQQNCSVPQTSYGGDRVVPLKLE,69,,,,
CO_ac_to_pos5,VASWLFPNSRKNNNNQNNGLLFSKRYLNLVDYNSSMKYKFTGKYSQHQQNCSVPQTSYGGDRVVPLKLE,69,,,,
CO_ac_to_pos6,VASWLFPNSRKNNNNQNNGLLFSKRYLNLVDYNSSMKYKFTGKYSQHQQNCSVPQTSYGGKRVVPLKLE,69,,,,
CO_ac_to_pos7,VASWLFPNSRKNNNNQNNGLLFSKRYLNLVDYNSSMKYKFTGKYSQHQQNCSVPQTSYGGKRVVPLKLR,69,,,,
CO_hydphob_tract1,VASWLFPNSDKNNNNQNNGLLFSYVYLNLVDYNSSMDYKFTGEYSQHQQNCSVPQTSYGGDRVVPLKLE,69,,,,
CO_hydphob_tract2,VASWLFPNSDKNNNNQNNGLLFSFLYLNLVIYNSSMDYKFTGEYSQHQQNCSVPQTSYGGDRVVPLKLE,69,,,,
CO_hydphob_tract3,VASWLFPNSDKNNNNQNNGLLFSFLYLNLVDYNSSMDYKFTGEYSQHQQNCSVPQTSYGGDRVVPLKLE,69,,,,
CO_hydphob_tract4,VASWLFPNSDKNNNNQNNGLLFWDEYLWLVDYNSSMDYKFTGEYSQHQQNCSVPQTSYGGDRVVPLKLE,69,,,,
CO_hydphob_tract5,VASWLFPNSDKNNNNQNNGLLFSDEYLFLVYYNSSMDYKFTGEYSQHQQNCSVPQTSYGGDRVVPLKLE,69,,,,
CO_hydphob_tract6,VASWLFPNSDKNNNNQNNGLLFSDEYLNLVFYNSSMLYKFTFIYSQHQQNCSVPQTSYGGDRVVPLKLE,69,,,,
CO_hydphob_tract7,VASWLFPNSDKNNNNQNNGLLFSDEYLNLVDYNSSMDYKFTFIYSQHQQNCSVPQTSYGGDRVVPLKLE,69,,,,
CO_hydphob_tract8,VASWLFPNSDKNNNNQNNGLLFSDEYLNLVDYNSSMDYKFTFIYSQHQQNCSVPQTSYGGFRVVPLFLI,69,,,,
CO_hydphob_tract9,VASWLFPNSDKNNNNQNNGLLFSDEYLILVVYNSSMDYKFTGEYSQHQQNCSVPQTSYGGDRVVPLKLE,69,,,,
CO_hydphob_tract10,VAYWLFPNSDKNNNNQNNGLLFSDEYLNLVDYNSSMDYKFTGEYSQHQQNCSVPQTSYGGDRVVPLKLE,69,,,,
CO_hydphob_tract11,VAYWLFWNSDKNNNNQNNGLLFSDEYLNLVDYNSSMDYKFTGEYSQHQQNCSVPQTSYGGDRVVPLKLE,69,,,,
CO_pos_to_ac1,VASWLFPNSDENNNNQNNGLLFSDEYLNLVDYNSSMDYKFTGEYSQHQQNCSVPQTSYGGDRVVPLKLE,69,,,,
CO_pos_to_ac2,VASWLFPNSDKNNNNQNNGLLFSDEYLNLVDYNSSMDYKFTGEYSQHQQNCSVPQTSYGGDEVVPLELE,69,,,,
CO_pos_to_ac3,VASWLFPNSDKNNNNQNNGLLFSDEYLNLVDYNSSMDYEFTGEYSQDQQNCSVPQTSYGGDRVVPLKLE,69,,,,
CO_pos_to_FW1,VASWLFPNSDWNNNNQNNGLLFSDEYLNLVDYNSSMDYKFTGEYSQHQQNCSVPQTSYGGDRVVPLKLE,69,,,,
CO_pos_to_FW2,VASWLFPNSDKNNNNQNNGLLFSDEYLNLVDYNSSMDYWFTGEYSQWQQNCSVPQTSYGGDRVVPLKLE,69,,,,
CO_pos_to_FW3,VASWLFPNSDKNNNNQNNGLLFSDEYLNLVDYNSSMDYKFTGEYSQHQQNCSVPQTSYGGDFVVPLWLE,69,,,,
CO_LOF1,VASWLFPNSDKNNNNQNNGLHKSREYLNLVDYNSSMDYKFTGEYSQHQQNCSVPQTSYGGDRVVPLKLE,69,,,,
CO_LOF2,VASWLFPNSDKNNNNQNNGLLKSREYLNLVDYNSSMDYKFTGEYSQHQQNCSVPQTSYGGDRVVPLKLE,69,,,,
CO_LOF3,VASWLFPNSDKNNNNQNNGLLFSDEKRNKVDYNSSMDYKFTGEYSQHQQNCSVPQTSYGGDRVVPLKLE,69,,,,
CO_LOF4,VASWLFPNSDKNNNNQNNGLLFSDEKRNKRDYNSSMDYKFTGEYSQHQQNCSVPQTSYGGDRVVPLKLE,69,,,,
CO_LOF5,VASWLFPNSDKNNNNQNNGLLFSDEKRNKRDKRSSMDYKFTGEYSQHQQNCSVPQTSYGGDRVVPLKLE,69,,,,
CO_LOF6,VASWLFPNSDKNNNNQNNGLLFSDEKRNKRDKRSSKDYKFTGEYSQHQQNCSVPQTSYGGDRVVPLKLE,69,,,,
CO_LOF7,VASWLFPNSDKRKNNQNNGLLFSDEYLNLVDYNSSMDYKFTGEYSQHQQNCSVPQTSYGGDRVVPLKLE,69,,,,
CO_LOF8,VASWLFPNSDKRKRKQNNGLLFSDEYLNLVDYNSSMDYKFTGEYSQHQQNCSVPQTSYGGDRVVPLKLE,69,,,,
CO_LOF9,VASWLFPNSDKNKNKQRNKLLFSDEYLNLVDYNSSMDYKFTGEYSQHQQNCSVPQTSYGGDRVVPLKLE,69,,,,
CO_LOF10,VASWLFPNSDKNNNNQNRGKLFRREYLNLVDYNSSMDYKFTGEYSQHQQNCSVPQTSYGGDRVVPLKLE,69,,,,
CO_LOF11,VASWLFPNSDKNNNNQNNGLLFSDEYLNLVDYNSSMDYKFTGEYSQHKRNCSVPQTSYGGDRVVPLKLE,69,,,,
CO_LOF12,VASKKFPNSDKNNNNQNNGLLFSDEYLNLVDYNSSMDYKFTGEYSQHQQNCSVPQTSYGGDRVVPLKLE,,,,,
CO_LOF13,RKSWLFPNSDKNNNNQNNGLLFSDEYLNLVDYNSSMDYKFTGEYSQHQQNCSVPQTSYGGDRVVPLKLE,,,,,
CO_LOF14,VARKLFPNSDKNNNNQNNGLLFSDEYLNLVDYNSSMDYKFTGEYSQHQQNCSVPQTSYGGDRVVPLKLE,,,,,
CO_LOF15,VASWRKPNSDKNNNNQNNGLLFSDEYLNLVDYNSSMDYKFTGEYSQHQQNCSVPQTSYGGDRVVPLKLE,,,,,
CO_LOF16,RKRWLFPNSDKNNNNQNNGLLFSDEYLNLVDYNSSMDYKFTGEYSQHQQNCSVPQTSYGGDRVVPLKLE,,,,,
CO_actad_GOF1,VASWLFPNSDKNNNNQNNGLLFSDEYLELVDYDFSMDYKFTGEYSQHQQNCSVPQTSYGGDRVVPLKLE,69,,,,
CO_actad_GOF2,VASWLFPNSDKNNNNQNNGLLFSDEYLELVDYDWSMDYKFTGEYSQHQQNCSVPQTSYGGDRVVPLKLE,69,,,,
CO_actad_GOF3,VASWLFPNSDKNNNNQNNGLLFSDEYLDLVDYEFSMDYKFTGEYSQHQQNCSVPQTSYGGDRVVPLKLE,69,,,,
CO_actad_GOF4,VASWLFPNSDKNNNNQNNGLLFSDEYLGLVDYEWSMDYKFTGEYSQHQQNCSVPQTSYGGDRVVPLKLE,69,,,,
CO_actad_GOF5,VASWLFPNSDKNNNNQNNGLLFEWEYLDLVDYNSSMDYKFTGEYSQHQQNCSVPQTSYGGDRVVPLKLE,69,,,,
CO_actad_GOF6,VASWLFPNSDKNNNNQNNGLLFSDEYLEFVDYNSSMDYKFTGEYSQHQQNCSVPQTSYGGDRVVPLKLE,69,,,,
CO_actad_GOF7,VASWLFPNSDKNNNNQNNGLLFSDEYLDFVDYNSSMDYKFTGEYSQHQQNCSVPQTSYGGDRVVPLKLE,69,,,,
CO_actad_GOF8,VASWLFPNSDKNNNNQNNGLLFSDEYLEVDYLSSMDYKFTGEYSQHQQNCSVPQTSYGGDRVVPLKLE,68,,,,
CO_actad_GOF9,VASWLFPNSDKNNNNQNNGLLFSDEYLDFVDWLSSMDYKFTGEYSQHQQNCSVPQTSYGGDRVVPLKLE,69,,,,
CO_actad_GOF10,VADWEFYNSDKNNNNQNNGLLFSDEYLNLVDYNSSMDYKFTGEYSQHQQNCSVPQTSYGGDRVVPLKLE,69,,,,
CO_actad_GOF11,VADWLFENSDKNNNNQNNGLLFSDEYLNLVDYNSSMDYKFTGEYSQHQQNCSVPQTSYGGDRVVPLKLE,69,,,,
CO_actad_GOF12,VAEWLFDYSDKNNNNQNNGLLFSDEYLNLVDYNSSMDYKFTGEYSQHQQNCSVPQTSYGGDRVVPLKLE,69,,,,
CO_actad_GOF13,VASWLFPNSDKNNNNQNNGLLFSDEYLNLVDYNSSMDYKFTGEYSQHQQNCSVPQTSYGGDFVVDLWLE,69,,,,
CO_actad_GOF14,VASWLFPNSDKNNNNQNNGLLFSDEYLNLVDYNSSMDYKFTGEYSQHQQNCSVPQTSYGYDWVVELFLE,69,,,,
CO_actad_GOF15,VASWLFYVIDENNNNQNNGLLFSDEYLNLVDYNSSMDYKFTGEYSQHQQNCSVPQTSYGGDRVVPLKLE,69,,,,
CO_actad_GOF16,VASWLFPNSDKNNNNQNNGLLFYDEYLELVDYFSSMDYKFTGEYSQHQQNCSVPQTSYGGDRVVPLKLE,69,,,,
CO_actad_GOF17,VASWLFPNSDKNNNNQNNGLLFWDEYLDLVDYFSSMDYKFTGEYSQHQQNCSVPQTSYGGDRVVPLKLE,69,,,,
CO_actad_GOF18,VASWLFPNSDKNNNNQNNGLLFSDEYLELVDYWDSMDYKFTGEYSQHQQNCSVPQTSYGGDRVVPLKLE,69,,,,
CO_actad_GOF19,VASWLFPNSDKNNNNQNNGLLFSDEWLEFVDYWDSMDYKFTGEYSQHQQNCSVPQTSYGGDRVVPLKLE,69,,,,
CO_actad_GOF20,VASWLFPNSDKNNNNQNNGLLDFDEYLNLVDYDFSMDYKFTGEYSQHQQNCSVPQTSYGGDRVVPLKLE,69,,,,
CO_actad_GOF21,VASWLFPNSDKNNNNQNNGLLDFDEYLELVDYWDSMDYKFTGEYSQHQQNCSVPQTSYGGDRVVPLKLE,69,,,,
CO_actad_GOF22,VASWLFPNSDKNNNNQNNGLLEWDEYLNLVDYEWSMDYKFTGEYSQHQQNCSVPQTSYGGDRVVPLKLE,69,,,,
CO_actad_GOF23,VASWLFPNSDKNNNNQNNGLLFSDEYFEWVDYNSSMDYKFTGEYSQHQQNCSVPQTSYGGDRVVPLKLE,69,,,,
CO_actad_GOF24,VASWLFPNSDKNNNNQNNGLLFSDEYFGLWDYLSSMDYKFTGEYSQHQQNCSVPQTSYGGDRVVPLKLE,69,,,,
CO_actad_GOF25,VASWLFPNSDKNNNNQNNGLLFSDEFLNLVDWYSSMDYKFTGEYSQHQQNCSVPQTSYGGDRVVPLKLE,69,,,,
CO_actad_GOF26,VASWLFPNSDKNNNNQNNGLLFSDEFWEWVDYNSSMDYKFTGEYSQHQQNCSVPQTSYGGDRVVPLKLE,69,,,,
CO_actad_GOF27,VASWLFPNSDKNNNNQNNGLLFSDEYLNLVDYWEFMDYKFTGEYSQHQQNCSVPQTSYGGDRVVPLKLE,69,,,,
CO_actad_GOF28,VASWLFPNSDKNNNNQNNGLLFSDEYLNLVDYNEFMDWEFTGEYSQHQQNCSVPQTSYGGDRVVPLKLE,69,,,,
CO_actad_GOF29,VAEWLFENSDKNNNNQNNGLLFSDEYLNLVDYNSSMDYKFTGEYSQHQQNCSVPQTSYGGDRVVPLKLE,69,,,,
CO_actad_GOF30,VADWLFDNSDKNNNNQNNGLLFSDEYLNLVDYNSSMDYKFTGEYSQHQQNCSVPQTSYGGDRVVPLKLE,69,,,,
CO_actad_GOF31,VADWDFYNSDKNNNNQNNGLLFSDEYLNLVDYNSSMDYKFTGEYSQHQQNCSVPQTSYGGDRVVPLKLE,69,,,,
CO_actad_GOF32,VADWEFWNSDKNNNNQNNGLLFSDEYLNLVDYNSSMDYKFTGEYSQHQQNCSVPQTSYGGDRVVPLKLE,69,,,,
CO_actad_GOF33,VADWEFWNSDKNNNNQNNGLLFSDEYLNLVDYNSSMDYKFTGEYSQHQQNCSVPQTSYGGDRVVPLKLE,69,,,,
CO_actad_GOF34,VASWDFEWSDKNNNNQNNGLLFSDEYLNLVDYNSSMDYKFTGEYSQHQQNCSVPQTSYGGDRVVPLKLE,69,,,,
CO_polyq_GOF1,VASWLFPNSDQNNNNQNNQLLFSDEYLNLVDYNSSMDYKFTGEYSQHQQNCSVPQTSYGGDRVVPLKLE,69,,,,
CO_polyq_GOF2,VASWLFPNQQQNNNNQNNGLLFSDEYLNLVDYNSSMDYKFTGEYSQHQQNCSVPQTSYGGDRVVPLKLE,69,,,,
CO_polyq_GOF3,VASWLFPNSDKNNNNQNNGLLFSDEYLNLVDYNSSMDYKFTGEYSQQQQNQSVPQTSYGGDRVVPLKLE,69,,,,
CO_polyq_GOF4,VASWLFPNSDKNNNNQNNGLLFSDEYLNLVDYNSSMDYKFTGEYSQQQQNQQVPQTSYGGDRVVPLKLE,69,,,,
CO_polyq_GOF5,VASWLFPNSDKNNNNQNNGLLFSDEYLNLVDYNSSMDYKFTGEYSQQQQNQQNPQTSYGGDRVVPLKLE,69,,,,
CO_V151K,KASWLFPNSDKNNNNQNNGLLFSDEYLNLVDYNSSMDYKFTGEYSQHQQNCSVPQTSYGGDRVVPLKLE,69,,,,
CO_V151P,PASWLFPNSDKNNNNQNNGLLFSDEYLNLVDYNSSMDYKFTGEYSQHQQNCSVPQTSYGGDRVVPLKLE,69,,,,
CO_V151W,WASWLFPNSDKNNNNQNNGLLFSDEYLNLVDYNSSMDYKFTGEYSQHQQNCSVPQTSYGGDRVVPLKLE,69,,,,
CO_V151D,DASWLFPNSDKNNNNQNNGLLFSDEYLNLVDYNSSMDYKFTGEYSQHQQNCSVPQTSYGGDRVVPLKLE,69,,,,
CO_V151A,AASWLFPNSDKNNNNQNNGLLFSDEYLNLVDYNSSMDYKFTGEYSQHQQNCSVPQTSYGGDRVVPLKLE,69,,,,
CO_V151Y,YASWLFPNSDKNNNNQNNGLLFSDEYLNLVDYNSSMDYKFTGEYSQHQQNCSVPQTSYGGDRVVPLKLE,69,,,,
CO_A152K,VKSWLFPNSDKNNNNQNNGLLFSDEYLNLVDYNSSMDYKFTGEYSQHQQNCSVPQTSYGGDRVVPLKLE,69,,,,
CO_A152P,VPSWLFPNSDKNNNNQNNGLLFSDEYLNLVDYNSSMDYKFTGEYSQHQQNCSVPQTSYGGDRVVPLKLE,69,,,,
CO_A152W,VWSWLFPNSDKNNNNQNNGLLFSDEYLNLVDYNSSMDYKFTGEYSQHQQNCSVPQTSYGGDRVVPLKLE,69,,,,
CO_A152D,VDSWLFPNSDKNNNNQNNGLLFSDEYLNLVDYNSSMDYKFTGEYSQHQQNCSVPQTSYGGDRVVPLKLE,69,,,,
CO_A152Y,VYSWLFPNSDKNNNNQNNGLLFSDEYLNLVDYNSSMDYKFTGEYSQHQQNCSVPQTSYGGDRVVPLKLE,69,,,,
CO_S153K,VAKWLFPNSDKNNNNQNNGLLFSDEYLNLVDYNSSMDYKFTGEYSQHQQNCSVPQTSYGGDRVVPLKLE,69,,,,
CO_S153P,VAPWLFPNSDKNNNNQNNGLLFSDEYLNLVDYNSSMDYKFTGEYSQHQQNCSVPQTSYGGDRVVPLKLE,69,,,,
CO_S153W,VAWWLFPNSDKNNNNQNNGLLFSDEYLNLVDYNSSMDYKFTGEYSQHQQNCSVPQTSYGGDRVVPLKLE,69,,,,
CO_S153D,VADWLFPNSDKNNNNQNNGLLFSDEYLNLVDYNSSMDYKFTGEYSQHQQNCSVPQTSYGGDRVVPLKLE,69,,,,
CO_S153A,VAAWLFPNSDKNNNNQNNGLLFSDEYLNLVDYNSSMDYKFTGEYSQHQQNCSVPQTSYGGDRVVPLKLE,69,,,,
CO_S153Y,VAYWLFPNSDKNNNNQNNGLLFSDEYLNLVDYNSSMDYKFTGEYSQHQQNCSVPQTSYGGDRVVPLKLE,69,,,,
CO_W154K,VASKLFPNSDKNNNNQNNGLLFSDEYLNLVDYNSSMDYKFTGEYSQHQQNCSVPQTSYGGDRVVPLKLE,69,,,,
CO_W154P,VASPLFPNSDKNNNNQNNGLLFSDEYLNLVDYNSSMDYKFTGEYSQHQQNCSVPQTSYGGDRVVPLKLE,69,,,,
CO_W154D,VASDLFPNSDKNNNNQNNGLLFSDEYLNLVDYNSSMDYKFTGEYSQHQQNCSVPQTSYGGDRVVPLKLE,69,,,,
CO_W154A,VASALFPNSDKNNNNQNNGLLFSDEYLNLVDYNSSMDYKFTGEYSQHQQNCSVPQTSYGGDRVVPLKLE,69,,,,
CO_W154Y,VASYLFPNSDKNNNNQNNGLLFSDEYLNLVDYNSSMDYKFTGEYSQHQQNCSVPQTSYGGDRVVPLKLE,69,,,,
CO_L155K,VASWKFPNSDKNNNNQNNGLLFSDEYLNLVDYNSSMDYKFTGEYSQHQQNCSVPQTSYGGDRVVPLKLE,69,,,,
CO_L155P,VASWPFPNSDKNNNNQNNGLLFSDEYLNLVDYNSSMDYKFTGEYSQHQQNCSVPQTSYGGDRVVPLKLE,69,,,,
CO_L155W,VASWWFPNSDKNNNNQNNGLLFSDEYLNLVDYNSSMDYKFTGEYSQHQQNCSVPQTSYGGDRVVPLKLE,69,,,,
CO_L155D,VASWDFPNSDKNNNNQNNGLLFSDEYLNLVDYNSSMDYKFTGEYSQHQQNCSVPQTSYGGDRVVPLKLE,69,,,,
CO_L155A,VASWAFPNSDKNNNNQNNGLLFSDEYLNLVDYNSSMDYKFTGEYSQHQQNCSVPQTSYGGDRVVPLKLE,69,,,,
CO_L155Y,VASWYFPNSDKNNNNQNNGLLFSDEYLNLVDYNSSMDYKFTGEYSQHQQNCSVPQTSYGGDRVVPLKLE,69,,,,
CO_F156K,VASWLKPNSDKNNNNQNNGLLFSDEYLNLVDYNSSMDYKFTGEYSQHQQNCSVPQTSYGGDRVVPLKLE,69,,,,
CO_F156P,VASWLPPNSDKNNNNQNNGLLFSDEYLNLVDYNSSMDYKFTGEYSQHQQNCSVPQTSYGGDRVVPLKLE,69,,,,
CO_F156W,VASWLWPNSDKNNNNQNNGLLFSDEYLNLVDYNSSMDYKFTGEYSQHQQNCSVPQTSYGGDRVVPLKLE,69,,,,
CO_F156D,VASWLDPNSDKNNNNQNNGLLFSDEYLNLVDYNSSMDYKFTGEYSQHQQNCSVPQTSYGGDRVVPLKLE,69,,,,
CO_F156A,VASWLAPNSDKNNNNQNNGLLFSDEYLNLVDYNSSMDYKFTGEYSQHQQNCSVPQTSYGGDRVVPLKLE,69,,,,
CO_F156Y,VASWLYPNSDKNNNNQNNGLLFSDEYLNLVDYNSSMDYKFTGEYSQHQQNCSVPQTSYGGDRVVPLKLE,69,,,,
CO_P157K,VASWLFKNSDKNNNNQNNGLLFSDEYLNLVDYNSSMDYKFTGEYSQHQQNCSVPQTSYGGDRVVPLKLE,69,,,,
CO_P157W,VASWLFWNSDKNNNNQNNGLLFSDEYLNLVDYNSSMDYKFTGEYSQHQQNCSVPQTSYGGDRVVPLKLE,69,,,,
CO_P157D,VASWLFDNSDKNNNNQNNGLLFSDEYLNLVDYNSSMDYKFTGEYSQHQQNCSVPQTSYGGDRVVPLKLE,69,,,,
CO_P157A,VASWLFANSDKNNNNQNNGLLFSDEYLNLVDYNSSMDYKFTGEYSQHQQNCSVPQTSYGGDRVVPLKLE,69,,,,
CO_P157Y,VASWLFYNSDKNNNNQNNGLLFSDEYLNLVDYNSSMDYKFTGEYSQHQQNCSVPQTSYGGDRVVPLKLE,69,,,,
CO_N158K,VASWLFPKSDKNNNNQNNGLLFSDEYLNLVDYNSSMDYKFTGEYSQHQQNCSVPQTSYGGDRVVPLKLE,69,,,,
CO_N158P,VASWLFPPSDKNNNNQNNGLLFSDEYLNLVDYNSSMDYKFTGEYSQHQQNCSVPQTSYGGDRVVPLKLE,69,,,,
CO_N158W,VASWLFPWSDKNNNNQNNGLLFSDEYLNLVDYNSSMDYKFTGEYSQHQQNCSVPQTSYGGDRVVPLKLE,69,,,,
CO_N158D,VASWLFPDSDKNNNNQNNGLLFSDEYLNLVDYNSSMDYKFTGEYSQHQQNCSVPQTSYGGDRVVPLKLE,69,,,,
CO_N158A,VASWLFPASDKNNNNQNNGLLFSDEYLNLVDYNSSMDYKFTGEYSQHQQNCSVPQTSYGGDRVVPLKLE,69,,,,
CO_N158Y,VASWLFPYSDKNNNNQNNGLLFSDEYLNLVDYNSSMDYKFTGEYSQHQQNCSVPQTSYGGDRVVPLKLE,69,,,,
CO_S159K,VASWLFPNKDKNNNNQNNGLLFSDEYLNLVDYNSSMDYKFTGEYSQHQQNCSVPQTSYGGDRVVPLKLE,69,,,,
CO_S159P,VASWLFPNPDKNNNNQNNGLLFSDEYLNLVDYNSSMDYKFTGEYSQHQQNCSVPQTSYGGDRVVPLKLE,69,,,,
CO_S159W,VASWLFPNWDKNNNNQNNGLLFSDEYLNLVDYNSSMDYKFTGEYSQHQQNCSVPQTSYGGDRVVPLKLE,69,,,,
CO_S159D,VASWLFPNDDKNNNNQNNGLLFSDEYLNLVDYNSSMDYKFTGEYSQHQQNCSVPQTSYGGDRVVPLKLE,69,,,,
CO_S159A,VASWLFPNADKNNNNQNNGLLFSDEYLNLVDYNSSMDYKFTGEYSQHQQNCSVPQTSYGGDRVVPLKLE,69,,,,
CO_S159Y,VASWLFPNYDKNNNNQNNGLLFSDEYLNLVDYNSSMDYKFTGEYSQHQQNCSVPQTSYGGDRVVPLKLE,69,,,,
CO_D160K,VASWLFPNSKKNNNNQNNGLLFSDEYLNLVDYNSSMDYKFTGEYSQHQQNCSVPQTSYGGDRVVPLKLE,69,,,,
CO_D160P,VASWLFPNSPKNNNNQNNGLLFSDEYLNLVDYNSSMDYKFTGEYSQHQQNCSVPQTSYGGDRVVPLKLE,69,,,,
CO_D160W,VASWLFPNSWKNNNNQNNGLLFSDEYLNLVDYNSSMDYKFTGEYSQHQQNCSVPQTSYGGDRVVPLKLE,69,,,,
CO_D160A,VASWLFPNSAKNNNNQNNGLLFSDEYLNLVDYNSSMDYKFTGEYSQHQQNCSVPQTSYGGDRVVPLKLE,69,,,,
CO_D160Y,VASWLFPNSYKNNNNQNNGLLFSDEYLNLVDYNSSMDYKFTGEYSQHQQNCSVPQTSYGGDRVVPLKLE,69,,,,
CO_K161P,VASWLFPNSDPNNNNQNNGLLFSDEYLNLVDYNSSMDYKFTGEYSQHQQNCSVPQTSYGGDRVVPLKLE,69,,,,
CO_K161W,VASWLFPNSDWNNNNQNNGLLFSDEYLNLVDYNSSMDYKFTGEYSQHQQNCSVPQTSYGGDRVVPLKLE,69,,,,
CO_K161D,VASWLFPNSDDNNNNQNNGLLFSDEYLNLVDYNSSMDYKFTGEYSQHQQNCSVPQTSYGGDRVVPLKLE,69,,,,
CO_K161A,VASWLFPNSDANNNNQNNGLLFSDEYLNLVDYNSSMDYKFTGEYSQHQQNCSVPQTSYGGDRVVPLKLE,69,,,,
CO_K161Y,VASWLFPNSDYNNNNQNNGLLFSDEYLNLVDYNSSMDYKFTGEYSQHQQNCSVPQTSYGGDRVVPLKLE,69,,,,
CO_N162K,VASWLFPNSDKKNNNQNNGLLFSDEYLNLVDYNSSMDYKFTGEYSQHQQNCSVPQTSYGGDRVVPLKLE,69,,,,
CO_N162P,VASWLFPNSDKPNNNQNNGLLFSDEYLNLVDYNSSMDYKFTGEYSQHQQNCSVPQTSYGGDRVVPLKLE,69,,,,
CO_N162W,VASWLFPNSDKWNNNQNNGLLFSDEYLNLVDYNSSMDYKFTGEYSQHQQNCSVPQTSYGGDRVVPLKLE,69,,,,
CO_N162D,VASWLFPNSDKDNNNQNNGLLFSDEYLNLVDYNSSMDYKFTGEYSQHQQNCSVPQTSYGGDRVVPLKLE,69,,,,
CO_N162A,VASWLFPNSDKANNNQNNGLLFSDEYLNLVDYNSSMDYKFTGEYSQHQQNCSVPQTSYGGDRVVPLKLE,69,,,,
CO_N162Y,VASWLFPNSDKYNNNQNNGLLFSDEYLNLVDYNSSMDYKFTGEYSQHQQNCSVPQTSYGGDRVVPLKLE,69,,,,
CO_N163K,VASWLFPNSDKNKNNQNNGLLFSDEYLNLVDYNSSMDYKFTGEYSQHQQNCSVPQTSYGGDRVVPLKLE,69,,,,
CO_N163P,VASWLFPNSDKNPNNQNNGLLFSDEYLNLVDYNSSMDYKFTGEYSQHQQNCSVPQTSYGGDRVVPLKLE,69,,,,
CO_N163W,VASWLFPNSDKNWNNQNNGLLFSDEYLNLVDYNSSMDYKFTGEYSQHQQNCSVPQTSYGGDRVVPLKLE,69,,,,
CO_N163D,VASWLFPNSDKNDNNQNNGLLFSDEYLNLVDYNSSMDYKFTGEYSQHQQNCSVPQTSYGGDRVVPLKLE,69,,,,
CO_N163A,VASWLFPNSDKNANNQNNGLLFSDEYLNLVDYNSSMDYKFTGEYSQHQQNCSVPQTSYGGDRVVPLKLE,69,,,,
CO_N163Y,VASWLFPNSDKNYNNQNNGLLFSDEYLNLVDYNSSMDYKFTGEYSQHQQNCSVPQTSYGGDRVVPLKLE,69,,,,
CO_N164K,VASWLFPNSDKNNKNQNNGLLFSDEYLNLVDYNSSMDYKFTGEYSQHQQNCSVPQTSYGGDRVVPLKLE,69,,,,
CO_N164P,VASWLFPNSDKNNPNQNNGLLFSDEYLNLVDYNSSMDYKFTGEYSQHQQNCSVPQTSYGGDRVVPLKLE,69,,,,
CO_N164W,VASWLFPNSDKNNWNQNNGLLFSDEYLNLVDYNSSMDYKFTGEYSQHQQNCSVPQTSYGGDRVVPLKLE,69,,,,
CO_N164D,VASWLFPNSDKNNDNQNNGLLFSDEYLNLVDYNSSMDYKFTGEYSQHQQNCSVPQTSYGGDRVVPLKLE,69,,,,
CO_N164A,VASWLFPNSDKNNANQNNGLLFSDEYLNLVDYNSSMDYKFTGEYSQHQQNCSVPQTSYGGDRVVPLKLE,69,,,,
CO_N164Y,VASWLFPNSDKNNYNQNNGLLFSDEYLNLVDYNSSMDYKFTGEYSQHQQNCSVPQTSYGGDRVVPLKLE,69,,,,
CO_N165K,VASWLFPNSDKNNNKQNNGLLFSDEYLNLVDYNSSMDYKFTGEYSQHQQNCSVPQTSYGGDRVVPLKLE,69,,,,
CO_N165P,VASWLFPNSDKNNNPQNNGLLFSDEYLNLVDYNSSMDYKFTGEYSQHQQNCSVPQTSYGGDRVVPLKLE,69,,,,
CO_N165W,VASWLFPNSDKNNNWQNNGLLFSDEYLNLVDYNSSMDYKFTGEYSQHQQNCSVPQTSYGGDRVVPLKLE,69,,,,
CO_N165D,VASWLFPNSDKNNNDQNNGLLFSDEYLNLVDYNSSMDYKFTGEYSQHQQNCSVPQTSYGGDRVVPLKLE,69,,,,
CO_N165A,VASWLFPNSDKNNNAQNNGLLFSDEYLNLVDYNSSMDYKFTGEYSQHQQNCSVPQTSYGGDRVVPLKLE,69,,,,
CO_N165Y,VASWLFPNSDKNNNYQNNGLLFSDEYLNLVDYNSSMDYKFTGEYSQHQQNCSVPQTSYGGDRVVPLKLE,69,,,,
CO_Q166K,VASWLFPNSDKNNNNKNNGLLFSDEYLNLVDYNSSMDYKFTGEYSQHQQNCSVPQTSYGGDRVVPLKLE,69,,,,
CO_Q166P,VASWLFPNSDKNNNNPNNGLLFSDEYLNLVDYNSSMDYKFTGEYSQHQQNCSVPQTSYGGDRVVPLKLE,69,,,,
CO_Q166W,VASWLFPNSDKNNNNWNNGLLFSDEYLNLVDYNSSMDYKFTGEYSQHQQNCSVPQTSYGGDRVVPLKLE,69,,,,
CO_Q166D,VASWLFPNSDKNNNNDNNGLLFSDEYLNLVDYNSSMDYKFTGEYSQHQQNCSVPQTSYGGDRVVPLKLE,69,,,,
CO_Q166A,VASWLFPNSDKNNNNANNGLLFSDEYLNLVDYNSSMDYKFTGEYSQHQQNCSVPQTSYGGDRVVPLKLE,69,,,,
CO_Q166Y,VASWLFPNSDKNNNNYNNGLLFSDEYLNLVDYNSSMDYKFTGEYSQHQQNCSVPQTSYGGDRVVPLKLE,69,,,,
CO_N167K,VASWLFPNSDKNNNNQKNGLLFSDEYLNLVDYNSSMDYKFTGEYSQHQQNCSVPQTSYGGDRVVPLKLE,69,,,,
CO_N167P,VASWLFPNSDKNNNNQPNGLLFSDEYLNLVDYNSSMDYKFTGEYSQHQQNCSVPQTSYGGDRVVPLKLE,69,,,,
CO_N167W,VASWLFPNSDKNNNNQWNGLLFSDEYLNLVDYNSSMDYKFTGEYSQHQQNCSVPQTSYGGDRVVPLKLE,69,,,,
CO_N167D,VASWLFPNSDKNNNNQDNGLLFSDEYLNLVDYNSSMDYKFTGEYSQHQQNCSVPQTSYGGDRVVPLKLE,69,,,,
CO_N167A,VASWLFPNSDKNNNNQANGLLFSDEYLNLVDYNSSMDYKFTGEYSQHQQNCSVPQTSYGGDRVVPLKLE,69,,,,
CO_N167Y,VASWLFPNSDKNNNNQYNGLLFSDEYLNLVDYNSSMDYKFTGEYSQHQQNCSVPQTSYGGDRVVPLKLE,69,,,,
CO_N168K,VASWLFPNSDKNNNNQNKGLLFSDEYLNLVDYNSSMDYKFTGEYSQHQQNCSVPQTSYGGDRVVPLKLE,69,,,,
CO_N168P,VASWLFPNSDKNNNNQNPGLLFSDEYLNLVDYNSSMDYKFTGEYSQHQQNCSVPQTSYGGDRVVPLKLE,69,,,,
CO_N168W,VASWLFPNSDKNNNNQNWGLLFSDEYLNLVDYNSSMDYKFTGEYSQHQQNCSVPQTSYGGDRVVPLKLE,69,,,,
CO_N168D,VASWLFPNSDKNNNNQNDGLLFSDEYLNLVDYNSSMDYKFTGEYSQHQQNCSVPQTSYGGDRVVPLKLE,69,,,,
CO_N168A,VASWLFPNSDKNNNNQNAGLLFSDEYLNLVDYNSSMDYKFTGEYSQHQQNCSVPQTSYGGDRVVPLKLE,69,,,,
CO_N168Y,VASWLFPNSDKNNNNQNYGLLFSDEYLNLVDYNSSMDYKFTGEYSQHQQNCSVPQTSYGGDRVVPLKLE,69,,,,
CO_G169K,VASWLFPNSDKNNNNQNNKLLFSDEYLNLVDYNSSMDYKFTGEYSQHQQNCSVPQTSYGGDRVVPLKLE,69,,,,
CO_G169P,VASWLFPNSDKNNNNQNNPLLFSDEYLNLVDYNSSMDYKFTGEYSQHQQNCSVPQTSYGGDRVVPLKLE,69,,,,
CO_G169W,VASWLFPNSDKNNNNQNNWLLFSDEYLNLVDYNSSMDYKFTGEYSQHQQNCSVPQTSYGGDRVVPLKLE,69,,,,
CO_G169D,VASWLFPNSDKNNNNQNNDLLFSDEYLNLVDYNSSMDYKFTGEYSQHQQNCSVPQTSYGGDRVVPLKLE,69,,,,
CO_G169A,VASWLFPNSDKNNNNQNNALLFSDEYLNLVDYNSSMDYKFTGEYSQHQQNCSVPQTSYGGDRVVPLKLE,69,,,,
CO_G169Y,VASWLFPNSDKNNNNQNNYLLFSDEYLNLVDYNSSMDYKFTGEYSQHQQNCSVPQTSYGGDRVVPLKLE,69,,,,
CO_L170K,VASWLFPNSDKNNNNQNNGKLFSDEYLNLVDYNSSMDYKFTGEYSQHQQNCSVPQTSYGGDRVVPLKLE,69,,,,
CO_L170P,VASWLFPNSDKNNNNQNNGPLFSDEYLNLVDYNSSMDYKFTGEYSQHQQNCSVPQTSYGGDRVVPLKLE,69,,,,
CO_L170W,VASWLFPNSDKNNNNQNNGWLFSDEYLNLVDYNSSMDYKFTGEYSQHQQNCSVPQTSYGGDRVVPLKLE,69,,,,
CO_L170D,VASWLFPNSDKNNNNQNNGDLFSDEYLNLVDYNSSMDYKFTGEYSQHQQNCSVPQTSYGGDRVVPLKLE,69,,,,
CO_L170A,VASWLFPNSDKNNNNQNNGALFSDEYLNLVDYNSSMDYKFTGEYSQHQQNCSVPQTSYGGDRVVPLKLE,69,,,,
CO_L170Y,VASWLFPNSDKNNNNQNNGYLFSDEYLNLVDYNSSMDYKFTGEYSQHQQNCSVPQTSYGGDRVVPLKLE,69,,,,
CO_L171K,VASWLFPNSDKNNNNQNNGLKFSDEYLNLVDYNSSMDYKFTGEYSQHQQNCSVPQTSYGGDRVVPLKLE,69,,,,
CO_L171P,VASWLFPNSDKNNNNQNNGLPFSDEYLNLVDYNSSMDYKFTGEYSQHQQNCSVPQTSYGGDRVVPLKLE,69,,,,
CO_L171W,VASWLFPNSDKNNNNQNNGLWFSDEYLNLVDYNSSMDYKFTGEYSQHQQNCSVPQTSYGGDRVVPLKLE,69,,,,
CO_L171D,VASWLFPNSDKNNNNQNNGLDFSDEYLNLVDYNSSMDYKFTGEYSQHQQNCSVPQTSYGGDRVVPLKLE,69,,,,
CO_L171A,VASWLFPNSDKNNNNQNNGLAFSDEYLNLVDYNSSMDYKFTGEYSQHQQNCSVPQTSYGGDRVVPLKLE,69,,,,
CO_L171Y,VASWLFPNSDKNNNNQNNGLYFSDEYLNLVDYNSSMDYKFTGEYSQHQQNCSVPQTSYGGDRVVPLKLE,69,,,,
CO_F172K,VASWLFPNSDKNNNNQNNGLLKSDEYLNLVDYNSSMDYKFTGEYSQHQQNCSVPQTSYGGDRVVPLKLE,69,,,,
CO_F172P,VASWLFPNSDKNNNNQNNGLLPSDEYLNLVDYNSSMDYKFTGEYSQHQQNCSVPQTSYGGDRVVPLKLE,69,,,,
CO_F172W,VASWLFPNSDKNNNNQNNGLLWSDEYLNLVDYNSSMDYKFTGEYSQHQQNCSVPQTSYGGDRVVPLKLE,69,,,,
CO_F172D,VASWLFPNSDKNNNNQNNGLLDSDEYLNLVDYNSSMDYKFTGEYSQHQQNCSVPQTSYGGDRVVPLKLE,69,,,,
CO_F172A,VASWLFPNSDKNNNNQNNGLLASDEYLNLVDYNSSMDYKFTGEYSQHQQNCSVPQTSYGGDRVVPLKLE,69,,,,
CO_F172Y,VASWLFPNSDKNNNNQNNGLLYSDEYLNLVDYNSSMDYKFTGEYSQHQQNCSVPQTSYGGDRVVPLKLE,69,,,,
CO_S173K,VASWLFPNSDKNNNNQNNGLLFKDEYLNLVDYNSSMDYKFTGEYSQHQQNCSVPQTSYGGDRVVPLKLE,69,,,,
CO_S173P,VASWLFPNSDKNNNNQNNGLLFPDEYLNLVDYNSSMDYKFTGEYSQHQQNCSVPQTSYGGDRVVPLKLE,69,,,,
CO_S173W,VASWLFPNSDKNNNNQNNGLLFWDEYLNLVDYNSSMDYKFTGEYSQHQQNCSVPQTSYGGDRVVPLKLE,69,,,,
CO_S173D,VASWLFPNSDKNNNNQNNGLLFDDEYLNLVDYNSSMDYKFTGEYSQHQQNCSVPQTSYGGDRVVPLKLE,69,,,,
CO_S173A,VASWLFPNSDKNNNNQNNGLLFADEYLNLVDYNSSMDYKFTGEYSQHQQNCSVPQTSYGGDRVVPLKLE,69,,,,
CO_S173Y,VASWLFPNSDKNNNNQNNGLLFYDEYLNLVDYNSSMDYKFTGEYSQHQQNCSVPQTSYGGDRVVPLKLE,69,,,,
CO_D174K,VASWLFPNSDKNNNNQNNGLLFSKEYLNLVDYNSSMDYKFTGEYSQHQQNCSVPQTSYGGDRVVPLKLE,69,,,,
CO_D174P,VASWLFPNSDKNNNNQNNGLLFSPEYLNLVDYNSSMDYKFTGEYSQHQQNCSVPQTSYGGDRVVPLKLE,69,,,,
CO_D174W,VASWLFPNSDKNNNNQNNGLLFSWEYLNLVDYNSSMDYKFTGEYSQHQQNCSVPQTSYGGDRVVPLKLE,69,,,,
CO_D174A,VASWLFPNSDKNNNNQNNGLLFSAEYLNLVDYNSSMDYKFTGEYSQHQQNCSVPQTSYGGDRVVPLKLE,69,,,,
CO_D174Y,VASWLFPNSDKNNNNQNNGLLFSYEYLNLVDYNSSMDYKFTGEYSQHQQNCSVPQTSYGGDRVVPLKLE,69,,,,
CO_E175K,VASWLFPNSDKNNNNQNNGLLFSDKYLNLVDYNSSMDYKFTGEYSQHQQNCSVPQTSYGGDRVVPLKLE,69,,,,
CO_E175P,VASWLFPNSDKNNNNQNNGLLFSDPYLNLVDYNSSMDYKFTGEYSQHQQNCSVPQTSYGGDRVVPLKLE,69,,,,
CO_E175W,VASWLFPNSDKNNNNQNNGLLFSDWYLNLVDYNSSMDYKFTGEYSQHQQNCSVPQTSYGGDRVVPLKLE,69,,,,
CO_E175D,VASWLFPNSDKNNNNQNNGLLFSDDYLNLVDYNSSMDYKFTGEYSQHQQNCSVPQTSYGGDRVVPLKLE,69,,,,
CO_E175A,VASWLFPNSDKNNNNQNNGLLFSDAYLNLVDYNSSMDYKFTGEYSQHQQNCSVPQTSYGGDRVVPLKLE,69,,,,
CO_E175Y,VASWLFPNSDKNNNNQNNGLLFSDYYLNLVDYNSSMDYKFTGEYSQHQQNCSVPQTSYGGDRVVPLKLE,69,,,,
CO_Y176K,VASWLFPNSDKNNNNQNNGLLFSDEKLNLVDYNSSMDYKFTGEYSQHQQNCSVPQTSYGGDRVVPLKLE,69,,,,
CO_Y176P,VASWLFPNSDKNNNNQNNGLLFSDEPLNLVDYNSSMDYKFTGEYSQHQQNCSVPQTSYGGDRVVPLKLE,69,,,,
CO_Y176W,VASWLFPNSDKNNNNQNNGLLFSDEWLNLVDYNSSMDYKFTGEYSQHQQNCSVPQTSYGGDRVVPLKLE,69,,,,
CO_Y176D,VASWLFPNSDKNNNNQNNGLLFSDEDLNLVDYNSSMDYKFTGEYSQHQQNCSVPQTSYGGDRVVPLKLE,69,,,,
CO_Y176A,VASWLFPNSDKNNNNQNNGLLFSDEALNLVDYNSSMDYKFTGEYSQHQQNCSVPQTSYGGDRVVPLKLE,69,,,,
CO_L177K,VASWLFPNSDKNNNNQNNGLLFSDEYKNLVDYNSSMDYKFTGEYSQHQQNCSVPQTSYGGDRVVPLKLE,69,,,,
CO_L177P,VASWLFPNSDKNNNNQNNGLLFSDEYPNLVDYNSSMDYKFTGEYSQHQQNCSVPQTSYGGDRVVPLKLE,69,,,,
CO_L177W,VASWLFPNSDKNNNNQNNGLLFSDEYWNLVDYNSSMDYKFTGEYSQHQQNCSVPQTSYGGDRVVPLKLE,69,,,,
CO_L177D,VASWLFPNSDKNNNNQNNGLLFSDEYDNLVDYNSSMDYKFTGEYSQHQQNCSVPQTSYGGDRVVPLKLE,69,,,,
CO_L177A,VASWLFPNSDKNNNNQNNGLLFSDEYANLVDYNSSMDYKFTGEYSQHQQNCSVPQTSYGGDRVVPLKLE,69,,,,
CO_L177Y,VASWLFPNSDKNNNNQNNGLLFSDEYYNLVDYNSSMDYKFTGEYSQHQQNCSVPQTSYGGDRVVPLKLE,69,,,,
CO_N178K,VASWLFPNSDKNNNNQNNGLLFSDEYLKLVDYNSSMDYKFTGEYSQHQQNCSVPQTSYGGDRVVPLKLE,69,,,,
CO_N178P,VASWLFPNSDKNNNNQNNGLLFSDEYLPLVDYNSSMDYKFTGEYSQHQQNCSVPQTSYGGDRVVPLKLE,69,,,,
CO_N178W,VASWLFPNSDKNNNNQNNGLLFSDEYLWLVDYNSSMDYKFTGEYSQHQQNCSVPQTSYGGDRVVPLKLE,69,,,,
CO_N178D,VASWLFPNSDKNNNNQNNGLLFSDEYLDLVDYNSSMDYKFTGEYSQHQQNCSVPQTSYGGDRVVPLKLE,69,,,,
CO_N178A,VASWLFPNSDKNNNNQNNGLLFSDEYLALVDYNSSMDYKFTGEYSQHQQNCSVPQTSYGGDRVVPLKLE,69,,,,
CO_N178Y,VASWLFPNSDKNNNNQNNGLLFSDEYLYLVDYNSSMDYKFTGEYSQHQQNCSVPQTSYGGDRVVPLKLE,69,,,,
CO_L179K,VASWLFPNSDKNNNNQNNGLLFSDEYLNKVDYNSSMDYKFTGEYSQHQQNCSVPQTSYGGDRVVPLKLE,69,,,,
CO_L179P,VASWLFPNSDKNNNNQNNGLLFSDEYLNPVDYNSSMDYKFTGEYSQHQQNCSVPQTSYGGDRVVPLKLE,69,,,,
CO_L179W,VASWLFPNSDKNNNNQNNGLLFSDEYLNWVDYNSSMDYKFTGEYSQHQQNCSVPQTSYGGDRVVPLKLE,69,,,,
CO_L179D,VASWLFPNSDKNNNNQNNGLLFSDEYLNDVDYNSSMDYKFTGEYSQHQQNCSVPQTSYGGDRVVPLKLE,69,,,,
CO_L179A,VASWLFPNSDKNNNNQNNGLLFSDEYLNAVDYNSSMDYKFTGEYSQHQQNCSVPQTSYGGDRVVPLKLE,69,,,,
CO_L179Y,VASWLFPNSDKNNNNQNNGLLFSDEYLNYVDYNSSMDYKFTGEYSQHQQNCSVPQTSYGGDRVVPLKLE,69,,,,
CO_V180K,VASWLFPNSDKNNNNQNNGLLFSDEYLNLKDYNSSMDYKFTGEYSQHQQNCSVPQTSYGGDRVVPLKLE,69,,,,
CO_V180P,VASWLFPNSDKNNNNQNNGLLFSDEYLNLPDYNSSMDYKFTGEYSQHQQNCSVPQTSYGGDRVVPLKLE,69,,,,
CO_V180W,VASWLFPNSDKNNNNQNNGLLFSDEYLNLWDYNSSMDYKFTGEYSQHQQNCSVPQTSYGGDRVVPLKLE,69,,,,
CO_V180D,VASWLFPNSDKNNNNQNNGLLFSDEYLNLDDYNSSMDYKFTGEYSQHQQNCSVPQTSYGGDRVVPLKLE,69,,,,
CO_V180A,VASWLFPNSDKNNNNQNNGLLFSDEYLNLADYNSSMDYKFTGEYSQHQQNCSVPQTSYGGDRVVPLKLE,69,,,,
CO_V180Y,VASWLFPNSDKNNNNQNNGLLFSDEYLNLYDYNSSMDYKFTGEYSQHQQNCSVPQTSYGGDRVVPLKLE,69,,,,
CO_D181K,VASWLFPNSDKNNNNQNNGLLFSDEYLNLVKYNSSMDYKFTGEYSQHQQNCSVPQTSYGGDRVVPLKLE,69,,,,
CO_D181P,VASWLFPNSDKNNNNQNNGLLFSDEYLNLVPYNSSMDYKFTGEYSQHQQNCSVPQTSYGGDRVVPLKLE,69,,,,
CO_D181W,VASWLFPNSDKNNNNQNNGLLFSDEYLNLVWYNSSMDYKFTGEYSQHQQNCSVPQTSYGGDRVVPLKLE,69,,,,
CO_D181A,VASWLFPNSDKNNNNQNNGLLFSDEYLNLVAYNSSMDYKFTGEYSQHQQNCSVPQTSYGGDRVVPLKLE,69,,,,
CO_D181Y,VASWLFPNSDKNNNNQNNGLLFSDEYLNLVYYNSSMDYKFTGEYSQHQQNCSVPQTSYGGDRVVPLKLE,69,,,,
CO_Y182K,VASWLFPNSDKNNNNQNNGLLFSDEYLNLVDKNSSMDYKFTGEYSQHQQNCSVPQTSYGGDRVVPLKLE,69,,,,
CO_Y182P,VASWLFPNSDKNNNNQNNGLLFSDEYLNLVDPNSSMDYKFTGEYSQHQQNCSVPQTSYGGDRVVPLKLE,69,,,,
CO_Y182W,VASWLFPNSDKNNNNQNNGLLFSDEYLNLVDWNSSMDYKFTGEYSQHQQNCSVPQTSYGGDRVVPLKLE,69,,,,
CO_Y182D,VASWLFPNSDKNNNNQNNGLLFSDEYLNLVDDNSSMDYKFTGEYSQHQQNCSVPQTSYGGDRVVPLKLE,69,,,,
CO_Y182A,VASWLFPNSDKNNNNQNNGLLFSDEYLNLVDANSSMDYKFTGEYSQHQQNCSVPQTSYGGDRVVPLKLE,69,,,,
CO_N183K,VASWLFPNSDKNNNNQNNGLLFSDEYLNLVDYKSSMDYKFTGEYSQHQQNCSVPQTSYGGDRVVPLKLE,69,,,,
CO_N183P,VASWLFPNSDKNNNNQNNGLLFSDEYLNLVDYPSSMDYKFTGEYSQHQQNCSVPQTSYGGDRVVPLKLE,69,,,,
CO_N183W,VASWLFPNSDKNNNNQNNGLLFSDEYLNLVDYWSSMDYKFTGEYSQHQQNCSVPQTSYGGDRVVPLKLE,69,,,,
CO_N183D,VASWLFPNSDKNNNNQNNGLLFSDEYLNLVDYDSSMDYKFTGEYSQHQQNCSVPQTSYGGDRVVPLKLE,69,,,,
CO_N183A,VASWLFPNSDKNNNNQNNGLLFSDEYLNLVDYASSMDYKFTGEYSQHQQNCSVPQTSYGGDRVVPLKLE,69,,,,
CO_N183Y,VASWLFPNSDKNNNNQNNGLLFSDEYLNLVDYYSSMDYKFTGEYSQHQQNCSVPQTSYGGDRVVPLKLE,69,,,,
CO_S184K,VASWLFPNSDKNNNNQNNGLLFSDEYLNLVDYNKSMDYKFTGEYSQHQQNCSVPQTSYGGDRVVPLKLE,69,,,,
CO_S184P,VASWLFPNSDKNNNNQNNGLLFSDEYLNLVDYNPSMDYKFTGEYSQHQQNCSVPQTSYGGDRVVPLKLE,69,,,,
CO_S184W,VASWLFPNSDKNNNNQNNGLLFSDEYLNLVDYNWSMDYKFTGEYSQHQQNCSVPQTSYGGDRVVPLKLE,69,,,,
CO_S184D,VASWLFPNSDKNNNNQNNGLLFSDEYLNLVDYNDSMDYKFTGEYSQHQQNCSVPQTSYGGDRVVPLKLE,69,,,,
CO_S184A,VASWLFPNSDKNNNNQNNGLLFSDEYLNLVDYNASMDYKFTGEYSQHQQNCSVPQTSYGGDRVVPLKLE,69,,,,
CO_S184Y,VASWLFPNSDKNNNNQNNGLLFSDEYLNLVDYNYSMDYKFTGEYSQHQQNCSVPQTSYGGDRVVPLKLE,69,,,,
CO_S185K,VASWLFPNSDKNNNNQNNGLLFSDEYLNLVDYNSKMDYKFTGEYSQHQQNCSVPQTSYGGDRVVPLKLE,69,,,,
CO_S185P,VASWLFPNSDKNNNNQNNGLLFSDEYLNLVDYNSPMDYKFTGEYSQHQQNCSVPQTSYGGDRVVPLKLE,69,,,,
CO_S185W,VASWLFPNSDKNNNNQNNGLLFSDEYLNLVDYNSWMDYKFTGEYSQHQQNCSVPQTSYGGDRVVPLKLE,69,,,,
CO_S185D,VASWLFPNSDKNNNNQNNGLLFSDEYLNLVDYNSDMDYKFTGEYSQHQQNCSVPQTSYGGDRVVPLKLE,69,,,,
CO_S185A,VASWLFPNSDKNNNNQNNGLLFSDEYLNLVDYNSAMDYKFTGEYSQHQQNCSVPQTSYGGDRVVPLKLE,69,,,,
CO_S185Y,VASWLFPNSDKNNNNQNNGLLFSDEYLNLVDYNSYMDYKFTGEYSQHQQNCSVPQTSYGGDRVVPLKLE,69,,,,
CO_M186K,VASWLFPNSDKNNNNQNNGLLFSDEYLNLVDYNSSKDYKFTGEYSQHQQNCSVPQTSYGGDRVVPLKLE,69,,,,
CO_M186P,VASWLFPNSDKNNNNQNNGLLFSDEYLNLVDYNSSPDYKFTGEYSQHQQNCSVPQTSYGGDRVVPLKLE,69,,,,
CO_M186W,VASWLFPNSDKNNNNQNNGLLFSDEYLNLVDYNSSWDYKFTGEYSQHQQNCSVPQTSYGGDRVVPLKLE,69,,,,
CO_M186D,VASWLFPNSDKNNNNQNNGLLFSDEYLNLVDYNSSDDYKFTGEYSQHQQNCSVPQTSYGGDRVVPLKLE,69,,,,
CO_M186A,VASWLFPNSDKNNNNQNNGLLFSDEYLNLVDYNSSADYKFTGEYSQHQQNCSVPQTSYGGDRVVPLKLE,69,,,,
CO_M186Y,VASWLFPNSDKNNNNQNNGLLFSDEYLNLVDYNSSYDYKFTGEYSQHQQNCSVPQTSYGGDRVVPLKLE,69,,,,
CO_D187K,VASWLFPNSDKNNNNQNNGLLFSDEYLNLVDYNSSMKYKFTGEYSQHQQNCSVPQTSYGGDRVVPLKLE,69,,,,
CO_D187P,VASWLFPNSDKNNNNQNNGLLFSDEYLNLVDYNSSMPYKFTGEYSQHQQNCSVPQTSYGGDRVVPLKLE,69,,,,
CO_D187W,VASWLFPNSDKNNNNQNNGLLFSDEYLNLVDYNSSMWYKFTGEYSQHQQNCSVPQTSYGGDRVVPLKLE,69,,,,
CO_D187A,VASWLFPNSDKNNNNQNNGLLFSDEYLNLVDYNSSMAYKFTGEYSQHQQNCSVPQTSYGGDRVVPLKLE,69,,,,
CO_D187Y,VASWLFPNSDKNNNNQNNGLLFSDEYLNLVDYNSSMYYKFTGEYSQHQQNCSVPQTSYGGDRVVPLKLE,69,,,,
CO_Y188K,VASWLFPNSDKNNNNQNNGLLFSDEYLNLVDYNSSMDKKFTGEYSQHQQNCSVPQTSYGGDRVVPLKLE,69,,,,
CO_Y188P,VASWLFPNSDKNNNNQNNGLLFSDEYLNLVDYNSSMDPKFTGEYSQHQQNCSVPQTSYGGDRVVPLKLE,69,,,,
CO_Y188W,VASWLFPNSDKNNNNQNNGLLFSDEYLNLVDYNSSMDWKFTGEYSQHQQNCSVPQTSYGGDRVVPLKLE,69,,,,
CO_Y188D,VASWLFPNSDKNNNNQNNGLLFSDEYLNLVDYNSSMDDKFTGEYSQHQQNCSVPQTSYGGDRVVPLKLE,69,,,,
CO_Y188A,VASWLFPNSDKNNNNQNNGLLFSDEYLNLVDYNSSMDAKFTGEYSQHQQNCSVPQTSYGGDRVVPLKLE,69,,,,
CO_K189P,VASWLFPNSDKNNNNQNNGLLFSDEYLNLVDYNSSMDYPFTGEYSQHQQNCSVPQTSYGGDRVVPLKLE,69,,,,
CO_K189W,VASWLFPNSDKNNNNQNNGLLFSDEYLNLVDYNSSMDYWFTGEYSQHQQNCSVPQTSYGGDRVVPLKLE,69,,,,
CO_K189D,VASWLFPNSDKNNNNQNNGLLFSDEYLNLVDYNSSMDYDFTGEYSQHQQNCSVPQTSYGGDRVVPLKLE,69,,,,
CO_K189A,VASWLFPNSDKNNNNQNNGLLFSDEYLNLVDYNSSMDYAFTGEYSQHQQNCSVPQTSYGGDRVVPLKLE,69,,,,
CO_K189Y,VASWLFPNSDKNNNNQNNGLLFSDEYLNLVDYNSSMDYYFTGEYSQHQQNCSVPQTSYGGDRVVPLKLE,69,,,,
CO_F190K,VASWLFPNSDKNNNNQNNGLLFSDEYLNLVDYNSSMDYKKTGEYSQHQQNCSVPQTSYGGDRVVPLKLE,69,,,,
CO_F190P,VASWLFPNSDKNNNNQNNGLLFSDEYLNLVDYNSSMDYKPTGEYSQHQQNCSVPQTSYGGDRVVPLKLE,69,,,,
CO_F190W,VASWLFPNSDKNNNNQNNGLLFSDEYLNLVDYNSSMDYKWTGEYSQHQQNCSVPQTSYGGDRVVPLKLE,69,,,,
CO_F190D,VASWLFPNSDKNNNNQNNGLLFSDEYLNLVDYNSSMDYKDTGEYSQHQQNCSVPQTSYGGDRVVPLKLE,69,,,,
CO_F190A,VASWLFPNSDKNNNNQNNGLLFSDEYLNLVDYNSSMDYKATGEYSQHQQNCSVPQTSYGGDRVVPLKLE,69,,,,
CO_F190Y,VASWLFPNSDKNNNNQNNGLLFSDEYLNLVDYNSSMDYKYTGEYSQHQQNCSVPQTSYGGDRVVPLKLE,69,,,,
CO_T191K,VASWLFPNSDKNNNNQNNGLLFSDEYLNLVDYNSSMDYKFKGEYSQHQQNCSVPQTSYGGDRVVPLKLE,69,,,,
CO_T191P,VASWLFPNSDKNNNNQNNGLLFSDEYLNLVDYNSSMDYKFPGEYSQHQQNCSVPQTSYGGDRVVPLKLE,69,,,,
CO_T191W,VASWLFPNSDKNNNNQNNGLLFSDEYLNLVDYNSSMDYKFWGEYSQHQQNCSVPQTSYGGDRVVPLKLE,69,,,,
CO_T191D,VASWLFPNSDKNNNNQNNGLLFSDEYLNLVDYNSSMDYKFDGEYSQHQQNCSVPQTSYGGDRVVPLKLE,69,,,,
CO_T191A,VASWLFPNSDKNNNNQNNGLLFSDEYLNLVDYNSSMDYKFAGEYSQHQQNCSVPQTSYGGDRVVPLKLE,69,,,,
CO_T191Y,VASWLFPNSDKNNNNQNNGLLFSDEYLNLVDYNSSMDYKFYGEYSQHQQNCSVPQTSYGGDRVVPLKLE,69,,,,
CO_G192K,VASWLFPNSDKNNNNQNNGLLFSDEYLNLVDYNSSMDYKFTKEYSQHQQNCSVPQTSYGGDRVVPLKLE,69,,,,
CO_G192P,VASWLFPNSDKNNNNQNNGLLFSDEYLNLVDYNSSMDYKFTPEYSQHQQNCSVPQTSYGGDRVVPLKLE,69,,,,
CO_G192W,VASWLFPNSDKNNNNQNNGLLFSDEYLNLVDYNSSMDYKFTWEYSQHQQNCSVPQTSYGGDRVVPLKLE,69,,,,
CO_G192D,VASWLFPNSDKNNNNQNNGLLFSDEYLNLVDYNSSMDYKFTDEYSQHQQNCSVPQTSYGGDRVVPLKLE,69,,,,
CO_G192A,VASWLFPNSDKNNNNQNNGLLFSDEYLNLVDYNSSMDYKFTAEYSQHQQNCSVPQTSYGGDRVVPLKLE,69,,,,
CO_G192Y,VASWLFPNSDKNNNNQNNGLLFSDEYLNLVDYNSSMDYKFTYEYSQHQQNCSVPQTSYGGDRVVPLKLE,69,,,,
CO_E193K,VASWLFPNSDKNNNNQNNGLLFSDEYLNLVDYNSSMDYKFTGKYSQHQQNCSVPQTSYGGDRVVPLKLE,69,,,,
CO_E193P,VASWLFPNSDKNNNNQNNGLLFSDEYLNLVDYNSSMDYKFTGPYSQHQQNCSVPQTSYGGDRVVPLKLE,69,,,,
CO_E193W,VASWLFPNSDKNNNNQNNGLLFSDEYLNLVDYNSSMDYKFTGWYSQHQQNCSVPQTSYGGDRVVPLKLE,69,,,,
CO_E193D,VASWLFPNSDKNNNNQNNGLLFSDEYLNLVDYNSSMDYKFTGDYSQHQQNCSVPQTSYGGDRVVPLKLE,69,,,,
CO_E193A,VASWLFPNSDKNNNNQNNGLLFSDEYLNLVDYNSSMDYKFTGAYSQHQQNCSVPQTSYGGDRVVPLKLE,69,,,,
CO_E193Y,VASWLFPNSDKNNNNQNNGLLFSDEYLNLVDYNSSMDYKFTGYYSQHQQNCSVPQTSYGGDRVVPLKLE,69,,,,
CO_Y194K,VASWLFPNSDKNNNNQNNGLLFSDEYLNLVDYNSSMDYKFTGEKSQHQQNCSVPQTSYGGDRVVPLKLE,69,,,,
CO_Y194P,VASWLFPNSDKNNNNQNNGLLFSDEYLNLVDYNSSMDYKFTGEPSQHQQNCSVPQTSYGGDRVVPLKLE,69,,,,
CO_Y194W,VASWLFPNSDKNNNNQNNGLLFSDEYLNLVDYNSSMDYKFTGEWSQHQQNCSVPQTSYGGDRVVPLKLE,69,,,,
CO_Y194D,VASWLFPNSDKNNNNQNNGLLFSDEYLNLVDYNSSMDYKFTGEDSQHQQNCSVPQTSYGGDRVVPLKLE,69,,,,
CO_Y194A,VASWLFPNSDKNNNNQNNGLLFSDEYLNLVDYNSSMDYKFTGEASQHQQNCSVPQTSYGGDRVVPLKLE,69,,,,
CO_S195K,VASWLFPNSDKNNNNQNNGLLFSDEYLNLVDYNSSMDYKFTGEYKQHQQNCSVPQTSYGGDRVVPLKLE,69,,,,
CO_S195P,VASWLFPNSDKNNNNQNNGLLFSDEYLNLVDYNSSMDYKFTGEYPQHQQNCSVPQTSYGGDRVVPLKLE,69,,,,
CO_S195W,VASWLFPNSDKNNNNQNNGLLFSDEYLNLVDYNSSMDYKFTGEYWQHQQNCSVPQTSYGGDRVVPLKLE,69,,,,
CO_S195D,VASWLFPNSDKNNNNQNNGLLFSDEYLNLVDYNSSMDYKFTGEYDQHQQNCSVPQTSYGGDRVVPLKLE,69,,,,
CO_S195A,VASWLFPNSDKNNNNQNNGLLFSDEYLNLVDYNSSMDYKFTGEYAQHQQNCSVPQTSYGGDRVVPLKLE,69,,,,
CO_S195Y,VASWLFPNSDKNNNNQNNGLLFSDEYLNLVDYNSSMDYKFTGEYYQHQQNCSVPQTSYGGDRVVPLKLE,69,,,,
CO_Q196K,VASWLFPNSDKNNNNQNNGLLFSDEYLNLVDYNSSMDYKFTGEYSKHQQNCSVPQTSYGGDRVVPLKLE,69,,,,
CO_Q196P,VASWLFPNSDKNNNNQNNGLLFSDEYLNLVDYNSSMDYKFTGEYSPHQQNCSVPQTSYGGDRVVPLKLE,69,,,,
CO_Q196W,VASWLFPNSDKNNNNQNNGLLFSDEYLNLVDYNSSMDYKFTGEYSWHQQNCSVPQTSYGGDRVVPLKLE,69,,,,
CO_Q196D,VASWLFPNSDKNNNNQNNGLLFSDEYLNLVDYNSSMDYKFTGEYSDHQQNCSVPQTSYGGDRVVPLKLE,69,,,,
CO_Q196A,VASWLFPNSDKNNNNQNNGLLFSDEYLNLVDYNSSMDYKFTGEYSAHQQNCSVPQTSYGGDRVVPLKLE,69,,,,
CO_Q196Y,VASWLFPNSDKNNNNQNNGLLFSDEYLNLVDYNSSMDYKFTGEYSYHQQNCSVPQTSYGGDRVVPLKLE,69,,,,
CO_H197K,VASWLFPNSDKNNNNQNNGLLFSDEYLNLVDYNSSMDYKFTGEYSQKQQNCSVPQTSYGGDRVVPLKLE,69,,,,
CO_H197P,VASWLFPNSDKNNNNQNNGLLFSDEYLNLVDYNSSMDYKFTGEYSQPQQNCSVPQTSYGGDRVVPLKLE,69,,,,
CO_H197W,VASWLFPNSDKNNNNQNNGLLFSDEYLNLVDYNSSMDYKFTGEYSQWQQNCSVPQTSYGGDRVVPLKLE,69,,,,
CO_H197D,VASWLFPNSDKNNNNQNNGLLFSDEYLNLVDYNSSMDYKFTGEYSQDQQNCSVPQTSYGGDRVVPLKLE,69,,,,
CO_H197A,VASWLFPNSDKNNNNQNNGLLFSDEYLNLVDYNSSMDYKFTGEYSQAQQNCSVPQTSYGGDRVVPLKLE,69,,,,
CO_H197Y,VASWLFPNSDKNNNNQNNGLLFSDEYLNLVDYNSSMDYKFTGEYSQYQQNCSVPQTSYGGDRVVPLKLE,69,,,,
CO_Q198K,VASWLFPNSDKNNNNQNNGLLFSDEYLNLVDYNSSMDYKFTGEYSQHKQNCSVPQTSYGGDRVVPLKLE,69,,,,
CO_Q198P,VASWLFPNSDKNNNNQNNGLLFSDEYLNLVDYNSSMDYKFTGEYSQHPQNCSVPQTSYGGDRVVPLKLE,69,,,,
CO_Q198W,VASWLFPNSDKNNNNQNNGLLFSDEYLNLVDYNSSMDYKFTGEYSQHWQNCSVPQTSYGGDRVVPLKLE,69,,,,
CO_Q198D,VASWLFPNSDKNNNNQNNGLLFSDEYLNLVDYNSSMDYKFTGEYSQHDQNCSVPQTSYGGDRVVPLKLE,69,,,,
CO_Q198A,VASWLFPNSDKNNNNQNNGLLFSDEYLNLVDYNSSMDYKFTGEYSQHAQNCSVPQTSYGGDRVVPLKLE,69,,,,
CO_Q198Y,VASWLFPNSDKNNNNQNNGLLFSDEYLNLVDYNSSMDYKFTGEYSQHYQNCSVPQTSYGGDRVVPLKLE,69,,,,
CO_Q199K,VASWLFPNSDKNNNNQNNGLLFSDEYLNLVDYNSSMDYKFTGEYSQHQKNCSVPQTSYGGDRVVPLKLE,69,,,,
CO_Q199P,VASWLFPNSDKNNNNQNNGLLFSDEYLNLVDYNSSMDYKFTGEYSQHQPNCSVPQTSYGGDRVVPLKLE,69,,,,
CO_Q199W,VASWLFPNSDKNNNNQNNGLLFSDEYLNLVDYNSSMDYKFTGEYSQHQWNCSVPQTSYGGDRVVPLKLE,69,,,,
CO_Q199D,VASWLFPNSDKNNNNQNNGLLFSDEYLNLVDYNSSMDYKFTGEYSQHQDNCSVPQTSYGGDRVVPLKLE,69,,,,
CO_Q199A,VASWLFPNSDKNNNNQNNGLLFSDEYLNLVDYNSSMDYKFTGEYSQHQANCSVPQTSYGGDRVVPLKLE,69,,,,
CO_Q199Y,VASWLFPNSDKNNNNQNNGLLFSDEYLNLVDYNSSMDYKFTGEYSQHQYNCSVPQTSYGGDRVVPLKLE,69,,,,
CO_N200K,VASWLFPNSDKNNNNQNNGLLFSDEYLNLVDYNSSMDYKFTGEYSQHQQKCSVPQTSYGGDRVVPLKLE,69,,,,
CO_N200P,VASWLFPNSDKNNNNQNNGLLFSDEYLNLVDYNSSMDYKFTGEYSQHQQPCSVPQTSYGGDRVVPLKLE,69,,,,
CO_N200W,VASWLFPNSDKNNNNQNNGLLFSDEYLNLVDYNSSMDYKFTGEYSQHQQWCSVPQTSYGGDRVVPLKLE,69,,,,
CO_N200D,VASWLFPNSDKNNNNQNNGLLFSDEYLNLVDYNSSMDYKFTGEYSQHQQDCSVPQTSYGGDRVVPLKLE,69,,,,
CO_N200A,VASWLFPNSDKNNNNQNNGLLFSDEYLNLVDYNSSMDYKFTGEYSQHQQACSVPQTSYGGDRVVPLKLE,69,,,,
CO_N200Y,VASWLFPNSDKNNNNQNNGLLFSDEYLNLVDYNSSMDYKFTGEYSQHQQYCSVPQTSYGGDRVVPLKLE,69,,,,
CO_C201K,VASWLFPNSDKNNNNQNNGLLFSDEYLNLVDYNSSMDYKFTGEYSQHQQNKSVPQTSYGGDRVVPLKLE,69,,,,
CO_C201P,VASWLFPNSDKNNNNQNNGLLFSDEYLNLVDYNSSMDYKFTGEYSQHQQNPSVPQTSYGGDRVVPLKLE,69,,,,
CO_C201W,VASWLFPNSDKNNNNQNNGLLFSDEYLNLVDYNSSMDYKFTGEYSQHQQNWSVPQTSYGGDRVVPLKLE,69,,,,
CO_C201D,VASWLFPNSDKNNNNQNNGLLFSDEYLNLVDYNSSMDYKFTGEYSQHQQNDSVPQTSYGGDRVVPLKLE,69,,,,
CO_C201A,VASWLFPNSDKNNNNQNNGLLFSDEYLNLVDYNSSMDYKFTGEYSQHQQNASVPQTSYGGDRVVPLKLE,69,,,,
CO_C201Y,VASWLFPNSDKNNNNQNNGLLFSDEYLNLVDYNSSMDYKFTGEYSQHQQNYSVPQTSYGGDRVVPLKLE,69,,,,
CO_S202K,VASWLFPNSDKNNNNQNNGLLFSDEYLNLVDYNSSMDYKFTGEYSQHQQNCKVPQTSYGGDRVVPLKLE,69,,,,
CO_S202P,VASWLFPNSDKNNNNQNNGLLFSDEYLNLVDYNSSMDYKFTGEYSQHQQNCPVPQTSYGGDRVVPLKLE,69,,,,
CO_S202W,VASWLFPNSDKNNNNQNNGLLFSDEYLNLVDYNSSMDYKFTGEYSQHQQNCWVPQTSYGGDRVVPLKLE,69,,,,
CO_S202D,VASWLFPNSDKNNNNQNNGLLFSDEYLNLVDYNSSMDYKFTGEYSQHQQNCDVPQTSYGGDRVVPLKLE,69,,,,
CO_S202A,VASWLFPNSDKNNNNQNNGLLFSDEYLNLVDYNSSMDYKFTGEYSQHQQNCAVPQTSYGGDRVVPLKLE,69,,,,
CO_S202Y,VASWLFPNSDKNNNNQNNGLLFSDEYLNLVDYNSSMDYKFTGEYSQHQQNCYVPQTSYGGDRVVPLKLE,69,,,,
CO_V203K,VASWLFPNSDKNNNNQNNGLLFSDEYLNLVDYNSSMDYKFTGEYSQHQQNCSKPQTSYGGDRVVPLKLE,69,,,,
CO_V203P,VASWLFPNSDKNNNNQNNGLLFSDEYLNLVDYNSSMDYKFTGEYSQHQQNCSPPQTSYGGDRVVPLKLE,69,,,,
CO_V203W,VASWLFPNSDKNNNNQNNGLLFSDEYLNLVDYNSSMDYKFTGEYSQHQQNCSWPQTSYGGDRVVPLKLE,69,,,,
CO_V203D,VASWLFPNSDKNNNNQNNGLLFSDEYLNLVDYNSSMDYKFTGEYSQHQQNCSDPQTSYGGDRVVPLKLE,69,,,,
CO_V203A,VASWLFPNSDKNNNNQNNGLLFSDEYLNLVDYNSSMDYKFTGEYSQHQQNCSAPQTSYGGDRVVPLKLE,69,,,,
CO_V203Y,VASWLFPNSDKNNNNQNNGLLFSDEYLNLVDYNSSMDYKFTGEYSQHQQNCSYPQTSYGGDRVVPLKLE,69,,,,
CO_P204K,VASWLFPNSDKNNNNQNNGLLFSDEYLNLVDYNSSMDYKFTGEYSQHQQNCSVKQTSYGGDRVVPLKLE,69,,,,
CO_P204W,VASWLFPNSDKNNNNQNNGLLFSDEYLNLVDYNSSMDYKFTGEYSQHQQNCSVWQTSYGGDRVVPLKLE,69,,,,
CO_P204D,VASWLFPNSDKNNNNQNNGLLFSDEYLNLVDYNSSMDYKFTGEYSQHQQNCSVDQTSYGGDRVVPLKLE,69,,,,
CO_P204A,VASWLFPNSDKNNNNQNNGLLFSDEYLNLVDYNSSMDYKFTGEYSQHQQNCSVAQTSYGGDRVVPLKLE,69,,,,
CO_P204Y,VASWLFPNSDKNNNNQNNGLLFSDEYLNLVDYNSSMDYKFTGEYSQHQQNCSVYQTSYGGDRVVPLKLE,69,,,,
CO_Q205K,VASWLFPNSDKNNNNQNNGLLFSDEYLNLVDYNSSMDYKFTGEYSQHQQNCSVPKTSYGGDRVVPLKLE,69,,,,
CO_Q205P,VASWLFPNSDKNNNNQNNGLLFSDEYLNLVDYNSSMDYKFTGEYSQHQQNCSVPPTSYGGDRVVPLKLE,69,,,,
CO_Q205W,VASWLFPNSDKNNNNQNNGLLFSDEYLNLVDYNSSMDYKFTGEYSQHQQNCSVPWTSYGGDRVVPLKLE,69,,,,
CO_Q205D,VASWLFPNSDKNNNNQNNGLLFSDEYLNLVDYNSSMDYKFTGEYSQHQQNCSVPDTSYGGDRVVPLKLE,69,,,,
CO_Q205A,VASWLFPNSDKNNNNQNNGLLFSDEYLNLVDYNSSMDYKFTGEYSQHQQNCSVPATSYGGDRVVPLKLE,69,,,,
CO_Q205Y,VASWLFPNSDKNNNNQNNGLLFSDEYLNLVDYNSSMDYKFTGEYSQHQQNCSVPYTSYGGDRVVPLKLE,69,,,,
CO_T206K,VASWLFPNSDKNNNNQNNGLLFSDEYLNLVDYNSSMDYKFTGEYSQHQQNCSVPQKSYGGDRVVPLKLE,69,,,,
CO_T206P,VASWLFPNSDKNNNNQNNGLLFSDEYLNLVDYNSSMDYKFTGEYSQHQQNCSVPQPSYGGDRVVPLKLE,69,,,,
CO_T206W,VASWLFPNSDKNNNNQNNGLLFSDEYLNLVDYNSSMDYKFTGEYSQHQQNCSVPQWSYGGDRVVPLKLE,69,,,,
CO_T206D,VASWLFPNSDKNNNNQNNGLLFSDEYLNLVDYNSSMDYKFTGEYSQHQQNCSVPQDSYGGDRVVPLKLE,69,,,,
CO_T206A,VASWLFPNSDKNNNNQNNGLLFSDEYLNLVDYNSSMDYKFTGEYSQHQQNCSVPQASYGGDRVVPLKLE,69,,,,
CO_T206Y,VASWLFPNSDKNNNNQNNGLLFSDEYLNLVDYNSSMDYKFTGEYSQHQQNCSVPQYSYGGDRVVPLKLE,69,,,,
CO_S207K,VASWLFPNSDKNNNNQNNGLLFSDEYLNLVDYNSSMDYKFTGEYSQHQQNCSVPQTKYGGDRVVPLKLE,69,,,,
CO_S207P,VASWLFPNSDKNNNNQNNGLLFSDEYLNLVDYNSSMDYKFTGEYSQHQQNCSVPQTPYGGDRVVPLKLE,69,,,,
CO_S207W,VASWLFPNSDKNNNNQNNGLLFSDEYLNLVDYNSSMDYKFTGEYSQHQQNCSVPQTWYGGDRVVPLKLE,69,,,,
CO_S207D,VASWLFPNSDKNNNNQNNGLLFSDEYLNLVDYNSSMDYKFTGEYSQHQQNCSVPQTDYGGDRVVPLKLE,69,,,,
CO_S207A,VASWLFPNSDKNNNNQNNGLLFSDEYLNLVDYNSSMDYKFTGEYSQHQQNCSVPQTAYGGDRVVPLKLE,69,,,,
CO_S207Y,VASWLFPNSDKNNNNQNNGLLFSDEYLNLVDYNSSMDYKFTGEYSQHQQNCSVPQTYYGGDRVVPLKLE,69,,,,
CO_Y208K,VASWLFPNSDKNNNNQNNGLLFSDEYLNLVDYNSSMDYKFTGEYSQHQQNCSVPQTSKGGDRVVPLKLE,69,,,,
CO_Y208P,VASWLFPNSDKNNNNQNNGLLFSDEYLNLVDYNSSMDYKFTGEYSQHQQNCSVPQTSPGGDRVVPLKLE,69,,,,
CO_Y208W,VASWLFPNSDKNNNNQNNGLLFSDEYLNLVDYNSSMDYKFTGEYSQHQQNCSVPQTSWGGDRVVPLKLE,69,,,,
CO_Y208D,VASWLFPNSDKNNNNQNNGLLFSDEYLNLVDYNSSMDYKFTGEYSQHQQNCSVPQTSDGGDRVVPLKLE,69,,,,
CO_Y208A,VASWLFPNSDKNNNNQNNGLLFSDEYLNLVDYNSSMDYKFTGEYSQHQQNCSVPQTSAGGDRVVPLKLE,69,,,,
CO_G209K,VASWLFPNSDKNNNNQNNGLLFSDEYLNLVDYNSSMDYKFTGEYSQHQQNCSVPQTSYKGDRVVPLKLE,69,,,,
CO_G209P,VASWLFPNSDKNNNNQNNGLLFSDEYLNLVDYNSSMDYKFTGEYSQHQQNCSVPQTSYPGDRVVPLKLE,69,,,,
CO_G209W,VASWLFPNSDKNNNNQNNGLLFSDEYLNLVDYNSSMDYKFTGEYSQHQQNCSVPQTSYWGDRVVPLKLE,69,,,,
CO_G209D,VASWLFPNSDKNNNNQNNGLLFSDEYLNLVDYNSSMDYKFTGEYSQHQQNCSVPQTSYDGDRVVPLKLE,69,,,,
CO_G209A,VASWLFPNSDKNNNNQNNGLLFSDEYLNLVDYNSSMDYKFTGEYSQHQQNCSVPQTSYAGDRVVPLKLE,69,,,,
CO_G209Y,VASWLFPNSDKNNNNQNNGLLFSDEYLNLVDYNSSMDYKFTGEYSQHQQNCSVPQTSYYGDRVVPLKLE,69,,,,
CO_G210K,VASWLFPNSDKNNNNQNNGLLFSDEYLNLVDYNSSMDYKFTGEYSQHQQNCSVPQTSYGKDRVVPLKLE,69,,,,
CO_G210P,VASWLFPNSDKNNNNQNNGLLFSDEYLNLVDYNSSMDYKFTGEYSQHQQNCSVPQTSYGPDRVVPLKLE,69,,,,
CO_G210W,VASWLFPNSDKNNNNQNNGLLFSDEYLNLVDYNSSMDYKFTGEYSQHQQNCSVPQTSYGWDRVVPLKLE,69,,,,
CO_G210D,VASWLFPNSDKNNNNQNNGLLFSDEYLNLVDYNSSMDYKFTGEYSQHQQNCSVPQTSYGDDRVVPLKLE,69,,,,
CO_G210A,VASWLFPNSDKNNNNQNNGLLFSDEYLNLVDYNSSMDYKFTGEYSQHQQNCSVPQTSYGADRVVPLKLE,69,,,,
CO_G210Y,VASWLFPNSDKNNNNQNNGLLFSDEYLNLVDYNSSMDYKFTGEYSQHQQNCSVPQTSYGYDRVVPLKLE,69,,,,
CO_D211K,VASWLFPNSDKNNNNQNNGLLFSDEYLNLVDYNSSMDYKFTGEYSQHQQNCSVPQTSYGGKRVVPLKLE,,,,,
CO_D211P,VASWLFPNSDKNNNNQNNGLLFSDEYLNLVDYNSSMDYKFTGEYSQHQQNCSVPQTSYGGPRVVPLKLE,,,,,
CO_D211W,VASWLFPNSDKNNNNQNNGLLFSDEYLNLVDYNSSMDYKFTGEYSQHQQNCSVPQTSYGGWRVVPLKLE,,,,,
CO_D211A,VASWLFPNSDKNNNNQNNGLLFSDEYLNLVDYNSSMDYKFTGEYSQHQQNCSVPQTSYGGARVVPLKLE,,,,,
CO_D211Y,VASWLFPNSDKNNNNQNNGLLFSDEYLNLVDYNSSMDYKFTGEYSQHQQNCSVPQTSYGGYRVVPLKLE,,,,,
CO_R212K,VASWLFPNSDKNNNNQNNGLLFSDEYLNLVDYNSSMDYKFTGEYSQHQQNCSVPQTSYGGDKVVPLKLE,,,,,
CO_R212P,VASWLFPNSDKNNNNQNNGLLFSDEYLNLVDYNSSMDYKFTGEYSQHQQNCSVPQTSYGGDPVVPLKLE,,,,,
CO_R212W,VASWLFPNSDKNNNNQNNGLLFSDEYLNLVDYNSSMDYKFTGEYSQHQQNCSVPQTSYGGDWVVPLKLE,,,,,
CO_R212D,VASWLFPNSDKNNNNQNNGLLFSDEYLNLVDYNSSMDYKFTGEYSQHQQNCSVPQTSYGGDDVVPLKLE,,,,,
CO_R212A,VASWLFPNSDKNNNNQNNGLLFSDEYLNLVDYNSSMDYKFTGEYSQHQQNCSVPQTSYGGDAVVPLKLE,,,,,
CO_R212Y,VASWLFPNSDKNNNNQNNGLLFSDEYLNLVDYNSSMDYKFTGEYSQHQQNCSVPQTSYGGDYVVPLKLE,,,,,
CO_V213K,VASWLFPNSDKNNNNQNNGLLFSDEYLNLVDYNSSMDYKFTGEYSQHQQNCSVPQTSYGGDRKVPLKLE,,,,,
CO_V213P,VASWLFPNSDKNNNNQNNGLLFSDEYLNLVDYNSSMDYKFTGEYSQHQQNCSVPQTSYGGDRPVPLKLE,,,,,
CO_V213W,VASWLFPNSDKNNNNQNNGLLFSDEYLNLVDYNSSMDYKFTGEYSQHQQNCSVPQTSYGGDRWVPLKLE,,,,,
CO_V213D,VASWLFPNSDKNNNNQNNGLLFSDEYLNLVDYNSSMDYKFTGEYSQHQQNCSVPQTSYGGDRDVPLKLE,,,,,
CO_V213A,VASWLFPNSDKNNNNQNNGLLFSDEYLNLVDYNSSMDYKFTGEYSQHQQNCSVPQTSYGGDRAVPLKLE,,,,,
CO_V213Y,VASWLFPNSDKNNNNQNNGLLFSDEYLNLVDYNSSMDYKFTGEYSQHQQNCSVPQTSYGGDRYVPLKLE,,,,,
CO_V214K,VASWLFPNSDKNNNNQNNGLLFSDEYLNLVDYNSSMDYKFTGEYSQHQQNCSVPQTSYGGDRVKPLKLE,,,,,
CO_V214P,VASWLFPNSDKNNNNQNNGLLFSDEYLNLVDYNSSMDYKFTGEYSQHQQNCSVPQTSYGGDRVPPLKLE,,,,,
CO_V214W,VASWLFPNSDKNNNNQNNGLLFSDEYLNLVDYNSSMDYKFTGEYSQHQQNCSVPQTSYGGDRVWPLKLE,,,,,
CO_V214D,VASWLFPNSDKNNNNQNNGLLFSDEYLNLVDYNSSMDYKFTGEYSQHQQNCSVPQTSYGGDRVDPLKLE,,,,,
CO_V214A,VASWLFPNSDKNNNNQNNGLLFSDEYLNLVDYNSSMDYKFTGEYSQHQQNCSVPQTSYGGDRVAPLKLE,,,,,
CO_V214Y,VASWLFPNSDKNNNNQNNGLLFSDEYLNLVDYNSSMDYKFTGEYSQHQQNCSVPQTSYGGDRVYPLKLE,,,,,
CO_P215K,VASWLFPNSDKNNNNQNNGLLFSDEYLNLVDYNSSMDYKFTGEYSQHQQNCSVPQTSYGGDRVVKLKLE,,,,,
CO_P215W,VASWLFPNSDKNNNNQNNGLLFSDEYLNLVDYNSSMDYKFTGEYSQHQQNCSVPQTSYGGDRVVWLKLE,,,,,
CO_P215D,VASWLFPNSDKNNNNQNNGLLFSDEYLNLVDYNSSMDYKFTGEYSQHQQNCSVPQTSYGGDRVVDLKLE,,,,,
CO_P215A,VASWLFPNSDKNNNNQNNGLLFSDEYLNLVDYNSSMDYKFTGEYSQHQQNCSVPQTSYGGDRVVALKLE,,,,,
CO_P215Y,VASWLFPNSDKNNNNQNNGLLFSDEYLNLVDYNSSMDYKFTGEYSQHQQNCSVPQTSYGGDRVVYLKLE,,,,,
CO_L216K,VASWLFPNSDKNNNNQNNGLLFSDEYLNLVDYNSSMDYKFTGEYSQHQQNCSVPQTSYGGDRVVPKKLE,,,,,
CO_L216P,VASWLFPNSDKNNNNQNNGLLFSDEYLNLVDYNSSMDYKFTGEYSQHQQNCSVPQTSYGGDRVVPPKLE,,,,,
CO_L216W,VASWLFPNSDKNNNNQNNGLLFSDEYLNLVDYNSSMDYKFTGEYSQHQQNCSVPQTSYGGDRVVPWKLE,,,,,
CO_L216D,VASWLFPNSDKNNNNQNNGLLFSDEYLNLVDYNSSMDYKFTGEYSQHQQNCSVPQTSYGGDRVVPDKLE,,,,,
CO_L216A,VASWLFPNSDKNNNNQNNGLLFSDEYLNLVDYNSSMDYKFTGEYSQHQQNCSVPQTSYGGDRVVPAKLE,,,,,
CO_L216Y,VASWLFPNSDKNNNNQNNGLLFSDEYLNLVDYNSSMDYKFTGEYSQHQQNCSVPQTSYGGDRVVPYKLE,,,,,
CO_K217P,VASWLFPNSDKNNNNQNNGLLFSDEYLNLVDYNSSMDYKFTGEYSQHQQNCSVPQTSYGGDRVVPLPLE,,,,,
CO_K217W,VASWLFPNSDKNNNNQNNGLLFSDEYLNLVDYNSSMDYKFTGEYSQHQQNCSVPQTSYGGDRVVPLWLE,,,,,
CO_K217D,VASWLFPNSDKNNNNQNNGLLFSDEYLNLVDYNSSMDYKFTGEYSQHQQNCSVPQTSYGGDRVVPLDLE,,,,,
CO_K217A,VASWLFPNSDKNNNNQNNGLLFSDEYLNLVDYNSSMDYKFTGEYSQHQQNCSVPQTSYGGDRVVPLALE,,,,,
CO_K217Y,VASWLFPNSDKNNNNQNNGLLFSDEYLNLVDYNSSMDYKFTGEYSQHQQNCSVPQTSYGGDRVVPLYLE,,,,,
CO_L218K,VASWLFPNSDKNNNNQNNGLLFSDEYLNLVDYNSSMDYKFTGEYSQHQQNCSVPQTSYGGDRVVPLKKE,,,,,
CO_L218P,VASWLFPNSDKNNNNQNNGLLFSDEYLNLVDYNSSMDYKFTGEYSQHQQNCSVPQTSYGGDRVVPLKPE,,,,,
CO_L218W,VASWLFPNSDKNNNNQNNGLLFSDEYLNLVDYNSSMDYKFTGEYSQHQQNCSVPQTSYGGDRVVPLKWE,,,,,
CO_L218D,VASWLFPNSDKNNNNQNNGLLFSDEYLNLVDYNSSMDYKFTGEYSQHQQNCSVPQTSYGGDRVVPLKDE,,,,,
CO_L218A,VASWLFPNSDKNNNNQNNGLLFSDEYLNLVDYNSSMDYKFTGEYSQHQQNCSVPQTSYGGDRVVPLKAE,,,,,
CO_L218Y,VASWLFPNSDKNNNNQNNGLLFSDEYLNLVDYNSSMDYKFTGEYSQHQQNCSVPQTSYGGDRVVPLKYE,,,,,
CO_E219K,VASWLFPNSDKNNNNQNNGLLFSDEYLNLVDYNSSMDYKFTGEYSQHQQNCSVPQTSYGGDRVVPLKLK,,,,,
CO_E219P,VASWLFPNSDKNNNNQNNGLLFSDEYLNLVDYNSSMDYKFTGEYSQHQQNCSVPQTSYGGDRVVPLKLP,,,,,
CO_E219W,VASWLFPNSDKNNNNQNNGLLFSDEYLNLVDYNSSMDYKFTGEYSQHQQNCSVPQTSYGGDRVVPLKLW,,,,,
CO_E219D,VASWLFPNSDKNNNNQNNGLLFSDEYLNLVDYNSSMDYKFTGEYSQHQQNCSVPQTSYGGDRVVPLKLD,,,,,
CO_E219A,VASWLFPNSDKNNNNQNNGLLFSDEYLNLVDYNSSMDYKFTGEYSQHQQNCSVPQTSYGGDRVVPLKLA,,,,,
CO_E219Y,VASWLFPNSDKNNNNQNNGLLFSDEYLNLVDYNSSMDYKFTGEYSQHQQNCSVPQTSYGGDRVVPLKLY,,,,,