AAseq,PADDLE_zscore,PADDLE_activation
MLKQESNDIGSGENNRARPCDTCRSNACTVYCHADSAYLCMSCDAQVHSANRV,0.6433673,1.2998091165862864
LKQESNDIGSGENNRARPCDTCRSNACTVYCHADSAYLCMSCDAQVHSANRVA,0.5959017,1.2749052537771297
KQESNDIGSGENNRARPCDTCRSNACTVYCHADSAYLCMSCDAQVHSANRVAS,0.77936864,1.3738919271584231
QESNDIGSGENNRARPCDTCRSNACTVYCHADSAYLCMSCDAQVHSANRVASR,0.8094857,1.3908601170209967
ESNDIGSGENNRARPCDTCRSNACTVYCHADSAYLCMSCDAQVHSANRVASRH,0.8431232,1.4100596404441748
SNDIGSGENNRARPCDTCRSNACTVYCHADSAYLCMSCDAQVHSANRVASRHK,0.7549987,1.3603133320055112
NDIGSGENNRARPCDTCRSNACTVYCHADSAYLCMSCDAQVHSANRVASRHKR,0.67713475,1.3178215546485588
DIGSGENNRARPCDTCRSNACTVYCHADSAYLCMSCDAQVHSANRVASRHKRV,0.6046984,1.279484337871813
IGSGENNRARPCDTCRSNACTVYCHADSAYLCMSCDAQVHSANRVASRHKRVR,0.44295096,1.197856454448111
GSGENNRARPCDTCRSNACTVYCHADSAYLCMSCDAQVHSANRVASRHKRVRV,0.41708302,1.1852937889579767
SGENNRARPCDTCRSNACTVYCHADSAYLCMSCDAQVHSANRVASRHKRVRVC,0.23951244,1.1025417170002918
GENNRARPCDTCRSNACTVYCHADSAYLCMSCDAQVHSANRVASRHKRVRVCE,0.23727012,1.1015345579665423
ENNRARPCDTCRSNACTVYCHADSAYLCMSCDAQVHSANRVASRHKRVRVCES,0.2604797,1.112004000309755
NNRARPCDTCRSNACTVYCHADSAYLCMSCDAQVHSANRVASRHKRVRVCESC,0.1701653,1.0718159162577983
NRARPCDTCRSNACTVYCHADSAYLCMSCDAQVHSANRVASRHKRVRVCESCE,0.25712132,1.1104829642794778
RARPCDTCRSNACTVYCHADSAYLCMSCDAQVHSANRVASRHKRVRVCESCER,0.29298973,1.126836243988792
ARPCDTCRSNACTVYCHADSAYLCMSCDAQVHSANRVASRHKRVRVCESCERA,0.33670783,1.1470943837950751
RPCDTCRSNACTVYCHADSAYLCMSCDAQVHSANRVASRHKRVRVCESCERAP,0.41154075,1.182619388202862
PCDTCRSNACTVYCHADSAYLCMSCDAQVHSANRVASRHKRVRVCESCERAPA,0.512226,1.2321592462331126
CDTCRSNACTVYCHADSAYLCMSCDAQVHSANRVASRHKRVRVCESCERAPAA,0.54704905,1.2497717832054491
DTCRSNACTVYCHADSAYLCMSCDAQVHSANRVASRHKRVRVCESCERAPAAF,0.54851544,1.250518943153198
TCRSNACTVYCHADSAYLCMSCDAQVHSANRVASRHKRVRVCESCERAPAAFL,0.29292488,1.1268064611129691
CRSNACTVYCHADSAYLCMSCDAQVHSANRVASRHKRVRVCESCERAPAAFLC,0.20805454,1.0884959260997973
RSNACTVYCHADSAYLCMSCDAQVHSANRVASRHKRVRVCESCERAPAAFLCE,0.21660686,1.0922966828362437
SNACTVYCHADSAYLCMSCDAQVHSANRVASRHKRVRVCESCERAPAAFLCEA,0.27130866,1.116922751839065
NACTVYCHADSAYLCMSCDAQVHSANRVASRHKRVRVCESCERAPAAFLCEAD,0.4608009,1.2066027549204716
ACTVYCHADSAYLCMSCDAQVHSANRVASRHKRVRVCESCERAPAAFLCEADD,0.6020106,1.2780834655815019
CTVYCHADSAYLCMSCDAQVHSANRVASRHKRVRVCESCERAPAAFLCEADDA,0.6196338,1.2872965880007337
TVYCHADSAYLCMSCDAQVHSANRVASRHKRVRVCESCERAPAAFLCEADDAS,0.67034364,1.3141790564246179
VYCHADSAYLCMSCDAQVHSANRVASRHKRVRVCESCERAPAAFLCEADDASL,0.6887679,1.324084617358302
YCHADSAYLCMSCDAQVHSANRVASRHKRVRVCESCERAPAAFLCEADDASLC,0.6322707,1.2939438165191914
CHADSAYLCMSCDAQVHSANRVASRHKRVRVCESCERAPAAFLCEADDASLCT,0.7253493,1.3439739480389203
HADSAYLCMSCDAQVHSANRVASRHKRVRVCESCERAPAAFLCEADDASLCTA,0.65943325,1.3083482018501988
ADSAYLCMSCDAQVHSANRVASRHKRVRVCESCERAPAAFLCEADDASLCTAC,0.6682261,1.3130453616937146
DSAYLCMSCDAQVHSANRVASRHKRVRVCESCERAPAAFLCEADDASLCTACD,0.8830823,1.433212078941538
SAYLCMSCDAQVHSANRVASRHKRVRVCESCERAPAAFLCEADDASLCTACDS,0.855819,1.417374800788319
AYLCMSCDAQVHSANRVASRHKRVRVCESCERAPAAFLCEADDASLCTACDSE,1.0619037,1.5415685698484707
YLCMSCDAQVHSANRVASRHKRVRVCESCERAPAAFLCEADDASLCTACDSEV,1.0755001,1.5501348784387068
LCMSCDAQVHSANRVASRHKRVRVCESCERAPAAFLCEADDASLCTACDSEVH,1.1805434,1.6179411969411832
CMSCDAQVHSANRVASRHKRVRVCESCERAPAAFLCEADDASLCTACDSEVHS,1.3448839,1.7300231423340902
MSCDAQVHSANRVASRHKRVRVCESCERAPAAFLCEADDASLCTACDSEVHSA,1.2530873,1.6664926358581904
SCDAQVHSANRVASRHKRVRVCESCERAPAAFLCEADDASLCTACDSEVHSAN,0.962764,1.4805210007410312
CDAQVHSANRVASRHKRVRVCESCERAPAAFLCEADDASLCTACDSEVHSANP,0.87976885,1.4312779002827563
DAQVHSANRVASRHKRVRVCESCERAPAAFLCEADDASLCTACDSEVHSANPL,0.59171,1.2727290199065087
AQVHSANRVASRHKRVRVCESCERAPAAFLCEADDASLCTACDSEVHSANPLA,0.5117166,1.2319034658017887
QVHSANRVASRHKRVRVCESCERAPAAFLCEADDASLCTACDSEVHSANPLAR,0.54293525,1.2476780963741334
VHSANRVASRHKRVRVCESCERAPAAFLCEADDASLCTACDSEVHSANPLARR,0.5307517,1.2414979177660586
HSANRVASRHKRVRVCESCERAPAAFLCEADDASLCTACDSEVHSANPLARRH,0.6784437,1.318524768566913
SANRVASRHKRVRVCESCERAPAAFLCEADDASLCTACDSEVHSANPLARRHQ,0.6041496,1.279198161100773
ANRVASRHKRVRVCESCERAPAAFLCEADDASLCTACDSEVHSANPLARRHQR,0.5536039,1.253115086349917
NRVASRHKRVRVCESCERAPAAFLCEADDASLCTACDSEVHSANPLARRHQRV,0.4926846,1.222384705133102
RVASRHKRVRVCESCERAPAAFLCEADDASLCTACDSEVHSANPLARRHQRVP,0.3967533,1.1755132712554253
VASRHKRVRVCESCERAPAAFLCEADDASLCTACDSEVHSANPLARRHQRVPI,0.32942533,1.1436947073984445
ASRHKRVRVCESCERAPAAFLCEADDASLCTACDSEVHSANPLARRHQRVPIL,0.22088814,1.0942043210631247
SRHKRVRVCESCERAPAAFLCEADDASLCTACDSEVHSANPLARRHQRVPILP,0.2098782,1.0893052745452834
RHKRVRVCESCERAPAAFLCEADDASLCTACDSEVHSANPLARRHQRVPILPI,0.1612804,1.0679416493349683
HKRVRVCESCERAPAAFLCEADDASLCTACDSEVHSANPLARRHQRVPILPIS,0.23615313,1.1010331958356452
KRVRVCESCERAPAAFLCEADDASLCTACDSEVHSANPLARRHQRVPILPISG,0.4092493,1.1815154279238498
RVRVCESCERAPAAFLCEADDASLCTACDSEVHSANPLARRHQRVPILPISGN,0.8555058,1.4171939044701485
VRVCESCERAPAAFLCEADDASLCTACDSEVHSANPLARRHQRVPILPISGNS,1.1613061,1.6053052579515985
RVCESCERAPAAFLCEADDASLCTACDSEVHSANPLARRHQRVPILPISGNSF,1.3619878,1.7421253475474476
VCESCERAPAAFLCEADDASLCTACDSEVHSANPLARRHQRVPILPISGNSFS,1.4953235,1.839418541074104
CESCERAPAAFLCEADDASLCTACDSEVHSANPLARRHQRVPILPISGNSFSS,1.5009185,1.8436178328965258
ESCERAPAAFLCEADDASLCTACDSEVHSANPLARRHQRVPILPISGNSFSSM,1.1078935,1.5707363282923485
SCERAPAAFLCEADDASLCTACDSEVHSANPLARRHQRVPILPISGNSFSSMT,0.89382374,1.4395003004324454
CERAPAAFLCEADDASLCTACDSEVHSANPLARRHQRVPILPISGNSFSSMTT,0.92895675,1.4602610337271067
ERAPAAFLCEADDASLCTACDSEVHSANPLARRHQRVPILPISGNSFSSMTTT,0.92825425,1.459842994121945
RAPAAFLCEADDASLCTACDSEVHSANPLARRHQRVPILPISGNSFSSMTTTH,0.89299524,1.4390143008404885
APAAFLCEADDASLCTACDSEVHSANPLARRHQRVPILPISGNSFSSMTTTHH,1.2609216,1.6718223087067077
PAAFLCEADDASLCTACDSEVHSANPLARRHQRVPILPISGNSFSSMTTTHHQ,1.2030557,1.6328546912363175
AAFLCEADDASLCTACDSEVHSANPLARRHQRVPILPISGNSFSSMTTTHHQS,1.1248449,1.581625970406927
AFLCEADDASLCTACDSEVHSANPLARRHQRVPILPISGNSFSSMTTTHHQSE,1.3632914,1.7430511668332391
FLCEADDASLCTACDSEVHSANPLARRHQRVPILPISGNSFSSMTTTHHQSEK,1.2298074,1.6507553995999862
LCEADDASLCTACDSEVHSANPLARRHQRVPILPISGNSFSSMTTTHHQSEKT,0.8511609,1.4146864609540326
CEADDASLCTACDSEVHSANPLARRHQRVPILPISGNSFSSMTTTHHQSEKTM,0.77076006,1.3690799342795261
EADDASLCTACDSEVHSANPLARRHQRVPILPISGNSFSSMTTTHHQSEKTMT,0.39916515,1.1766693635010237
ADDASLCTACDSEVHSANPLARRHQRVPILPISGNSFSSMTTTHHQSEKTMTD,0.44716167,1.1999139335819657
DDASLCTACDSEVHSANPLARRHQRVPILPISGNSFSSMTTTHHQSEKTMTDP,0.35529995,1.155819618245901
DASLCTACDSEVHSANPLARRHQRVPILPISGNSFSSMTTTHHQSEKTMTDPE,0.22097874,1.0942447258387262
ASLCTACDSEVHSANPLARRHQRVPILPISGNSFSSMTTTHHQSEKTMTDPEK,0.11972809,1.0500078252387055
SLCTACDSEVHSANPLARRHQRVPILPISGNSFSSMTTTHHQSEKTMTDPEKR,0.056495905,1.0232932008332318
LCTACDSEVHSANPLARRHQRVPILPISGNSFSSMTTTHHQSEKTMTDPEKRL,0.095687866,1.0397700005891828
CTACDSEVHSANPLARRHQRVPILPISGNSFSSMTTTHHQSEKTMTDPEKRLV,0.04039669,1.0166007792051
TACDSEVHSANPLARRHQRVPILPISGNSFSSMTTTHHQSEKTMTDPEKRLVV,-0.032740355,0.986744639263276
ACDSEVHSANPLARRHQRVPILPISGNSFSSMTTTHHQSEKTMTDPEKRLVVD,-0.044191837,0.9821499518649818
CDSEVHSANPLARRHQRVPILPISGNSFSSMTTTHHQSEKTMTDPEKRLVVDQ,-0.055773973,0.9775246042108328
DSEVHSANPLARRHQRVPILPISGNSFSSMTTTHHQSEKTMTDPEKRLVVDQE,-0.09891176,0.9604882790741103
SEVHSANPLARRHQRVPILPISGNSFSSMTTTHHQSEKTMTDPEKRLVVDQEE,-0.07287121,0.9707365725262593
EVHSANPLARRHQRVPILPISGNSFSSMTTTHHQSEKTMTDPEKRLVVDQEEG,-0.049319506,0.9800995142528987
VHSANPLARRHQRVPILPISGNSFSSMTTTHHQSEKTMTDPEKRLVVDQEEGE,-0.07857561,0.9684822845664686
HSANPLARRHQRVPILPISGNSFSSMTTTHHQSEKTMTDPEKRLVVDQEEGEE,-0.11084032,0.9558299806274814
SANPLARRHQRVPILPISGNSFSSMTTTHHQSEKTMTDPEKRLVVDQEEGEEG,-0.13815928,0.9452464218436387
ANPLARRHQRVPILPISGNSFSSMTTTHHQSEKTMTDPEKRLVVDQEEGEEGD,-0.13078284,0.9480925009793023
NPLARRHQRVPILPISGNSFSSMTTTHHQSEKTMTDPEKRLVVDQEEGEEGDK,-0.14455795,0.942784514682013
PLARRHQRVPILPISGNSFSSMTTTHHQSEKTMTDPEKRLVVDQEEGEEGDKD,-0.16369176,0.9354609237043933
LARRHQRVPILPISGNSFSSMTTTHHQSEKTMTDPEKRLVVDQEEGEEGDKDA,-0.15376377,0.9392537976617185
ARRHQRVPILPISGNSFSSMTTTHHQSEKTMTDPEKRLVVDQEEGEEGDKDAK,-0.18546629,0.9271957624568186
RRHQRVPILPISGNSFSSMTTTHHQSEKTMTDPEKRLVVDQEEGEEGDKDAKE,-0.19979525,0.9217966666556157
RHQRVPILPISGNSFSSMTTTHHQSEKTMTDPEKRLVVDQEEGEEGDKDAKEV,-0.191782,0.9248121413777571
HQRVPILPISGNSFSSMTTTHHQSEKTMTDPEKRLVVDQEEGEEGDKDAKEVA,-0.14028144,0.9444292023868696
QRVPILPISGNSFSSMTTTHHQSEKTMTDPEKRLVVDQEEGEEGDKDAKEVAS,-0.14879441,0.9411580553741747
RVPILPISGNSFSSMTTTHHQSEKTMTDPEKRLVVDQEEGEEGDKDAKEVASW,-0.09936237,0.9603118961034814
VPILPISGNSFSSMTTTHHQSEKTMTDPEKRLVVDQEEGEEGDKDAKEVASWL,0.017565012,1.0071846645080804
PILPISGNSFSSMTTTHHQSEKTMTDPEKRLVVDQEEGEEGDKDAKEVASWLF,0.31072736,1.135012032793368
ILPISGNSFSSMTTTHHQSEKTMTDPEKRLVVDQEEGEEGDKDAKEVASWLFP,0.20468879,1.0870037707621263
LPISGNSFSSMTTTHHQSEKTMTDPEKRLVVDQEEGEEGDKDAKEVASWLFPN,0.17535925,1.0740872459845732
PISGNSFSSMTTTHHQSEKTMTDPEKRLVVDQEEGEEGDKDAKEVASWLFPNS,0.16168475,1.0681176652015378
ISGNSFSSMTTTHHQSEKTMTDPEKRLVVDQEEGEEGDKDAKEVASWLFPNSD,0.3365178,1.1470055489567206
SGNSFSSMTTTHHQSEKTMTDPEKRLVVDQEEGEEGDKDAKEVASWLFPNSDK,0.112091064,1.0467446264752096
GNSFSSMTTTHHQSEKTMTDPEKRLVVDQEEGEEGDKDAKEVASWLFPNSDKN,0.134094,1.0561737799223232
NSFSSMTTTHHQSEKTMTDPEKRLVVDQEEGEEGDKDAKEVASWLFPNSDKNN,0.17867422,1.0755394090771637
SFSSMTTTHHQSEKTMTDPEKRLVVDQEEGEEGDKDAKEVASWLFPNSDKNNN,0.24284315,1.104039431057348
FSSMTTTHHQSEKTMTDPEKRLVVDQEEGEEGDKDAKEVASWLFPNSDKNNNN,0.17647362,1.0745751895046367
SSMTTTHHQSEKTMTDPEKRLVVDQEEGEEGDKDAKEVASWLFPNSDKNNNNQ,0.00010728836,1.0000437285088286
SMTTTHHQSEKTMTDPEKRLVVDQEEGEEGDKDAKEVASWLFPNSDKNNNNQN,-0.0018348694,0.9992524412367602
MTTTHHQSEKTMTDPEKRLVVDQEEGEEGDKDAKEVASWLFPNSDKNNNNQNN,-0.039613724,0.9839842594526573
TTTHHQSEKTMTDPEKRLVVDQEEGEEGDKDAKEVASWLFPNSDKNNNNQNNG,-0.048761845,0.9803223025684895
TTHHQSEKTMTDPEKRLVVDQEEGEEGDKDAKEVASWLFPNSDKNNNNQNNGL,-0.015406847,0.9937403003160927
THHQSEKTMTDPEKRLVVDQEEGEEGDKDAKEVASWLFPNSDKNNNNQNNGLL,0.018743992,1.007668750378292
HHQSEKTMTDPEKRLVVDQEEGEEGDKDAKEVASWLFPNSDKNNNNQNNGLLF,0.15525389,1.065321762949716
HQSEKTMTDPEKRLVVDQEEGEEGDKDAKEVASWLFPNSDKNNNNQNNGLLFS,0.18490076,1.0782723285135165
QSEKTMTDPEKRLVVDQEEGEEGDKDAKEVASWLFPNSDKNNNNQNNGLLFSD,0.18173122,1.0768803058350715
SEKTMTDPEKRLVVDQEEGEEGDKDAKEVASWLFPNSDKNNNNQNNGLLFSDE,0.1938653,1.0822191964217784
EKTMTDPEKRLVVDQEEGEEGDKDAKEVASWLFPNSDKNNNNQNNGLLFSDEY,0.46675396,1.2095338849894544
KTMTDPEKRLVVDQEEGEEGDKDAKEVASWLFPNSDKNNNNQNNGLLFSDEYL,0.71951663,1.3407828152840715
TMTDPEKRLVVDQEEGEEGDKDAKEVASWLFPNSDKNNNNQNNGLLFSDEYLN,0.9138864,1.4513192856944857
MTDPEKRLVVDQEEGEEGDKDAKEVASWLFPNSDKNNNNQNNGLLFSDEYLNL,1.4906979,1.8359539721498959
TDPEKRLVVDQEEGEEGDKDAKEVASWLFPNSDKNNNNQNNGLLFSDEYLNLV,1.3728682,1.749867971534803
DPEKRLVVDQEEGEEGDKDAKEVASWLFPNSDKNNNNQNNGLLFSDEYLNLVD,2.4909177,2.7599819705820736
PEKRLVVDQEEGEEGDKDAKEVASWLFPNSDKNNNNQNNGLLFSDEYLNLVDY,4.1860466,5.507486802178529
EKRLVVDQEEGEEGDKDAKEVASWLFPNSDKNNNNQNNGLLFSDEYLNLVDYN,5.0164957,7.725872957789236
KRLVVDQEEGEEGDKDAKEVASWLFPNSDKNNNNQNNGLLFSDEYLNLVDYNS,4.9510612,7.522553772581278
RLVVDQEEGEEGDKDAKEVASWLFPNSDKNNNNQNNGLLFSDEYLNLVDYNSS,5.347151,8.840469877070639
LVVDQEEGEEGDKDAKEVASWLFPNSDKNNNNQNNGLLFSDEYLNLVDYNSSM,5.4693356,9.291861498006623
VVDQEEGEEGDKDAKEVASWLFPNSDKNNNNQNNGLLFSDEYLNLVDYNSSMD,5.499109,9.405302224599813
VDQEEGEEGDKDAKEVASWLFPNSDKNNNNQNNGLLFSDEYLNLVDYNSSMDY,6.190819,12.468357928068668
DQEEGEEGDKDAKEVASWLFPNSDKNNNNQNNGLLFSDEYLNLVDYNSSMDYK,5.5337095,9.53887762946731
QEEGEEGDKDAKEVASWLFPNSDKNNNNQNNGLLFSDEYLNLVDYNSSMDYKF,6.4299564,13.744785014314893
EEGEEGDKDAKEVASWLFPNSDKNNNNQNNGLLFSDEYLNLVDYNSSMDYKFT,6.1242666,12.134703220479356
EGEEGDKDAKEVASWLFPNSDKNNNNQNNGLLFSDEYLNLVDYNSSMDYKFTG,6.3706756,13.416675259448978
GEEGDKDAKEVASWLFPNSDKNNNNQNNGLLFSDEYLNLVDYNSSMDYKFTGE,6.82644,16.155400017864793
EEGDKDAKEVASWLFPNSDKNNNNQNNGLLFSDEYLNLVDYNSSMDYKFTGEY,7.1694403,18.579357490040618
EGDKDAKEVASWLFPNSDKNNNNQNNGLLFSDEYLNLVDYNSSMDYKFTGEYS,7.4650707,20.958438440797547
GDKDAKEVASWLFPNSDKNNNNQNNGLLFSDEYLNLVDYNSSMDYKFTGEYSQ,7.172507,18.602593057361542
DKDAKEVASWLFPNSDKNNNNQNNGLLFSDEYLNLVDYNSSMDYKFTGEYSQH,7.096638,18.036170061344446
KDAKEVASWLFPNSDKNNNNQNNGLLFSDEYLNLVDYNSSMDYKFTGEYSQHQ,6.493393,14.104788070306288
DAKEVASWLFPNSDKNNNNQNNGLLFSDEYLNLVDYNSSMDYKFTGEYSQHQQ,6.5977144,14.717432262081937
AKEVASWLFPNSDKNNNNQNNGLLFSDEYLNLVDYNSSMDYKFTGEYSQHQQN,6.096715,11.99920199113731
KEVASWLFPNSDKNNNNQNNGLLFSDEYLNLVDYNSSMDYKFTGEYSQHQQNC,6.018758,11.62394417816244
EVASWLFPNSDKNNNNQNNGLLFSDEYLNLVDYNSSMDYKFTGEYSQHQQNCS,6.8896155,16.576779526363715
VASWLFPNSDKNNNNQNNGLLFSDEYLNLVDYNSSMDYKFTGEYSQHQQNCSV,5.667593,10.073848036893466
ASWLFPNSDKNNNNQNNGLLFSDEYLNLVDYNSSMDYKFTGEYSQHQQNCSVP,5.6301985,9.921477622770112
SWLFPNSDKNNNNQNNGLLFSDEYLNLVDYNSSMDYKFTGEYSQHQQNCSVPQ,5.9438143,11.274261219386961
WLFPNSDKNNNNQNNGLLFSDEYLNLVDYNSSMDYKFTGEYSQHQQNCSVPQT,5.580738,9.723476974587072
LFPNSDKNNNNQNNGLLFSDEYLNLVDYNSSMDYKFTGEYSQHQQNCSVPQTS,5.334493,8.79498039648837
FPNSDKNNNNQNNGLLFSDEYLNLVDYNSSMDYKFTGEYSQHQQNCSVPQTSY,5.378871,8.955503195342072
PNSDKNNNNQNNGLLFSDEYLNLVDYNSSMDYKFTGEYSQHQQNCSVPQTSYG,5.200409,8.3272427355531
NSDKNNNNQNNGLLFSDEYLNLVDYNSSMDYKFTGEYSQHQQNCSVPQTSYGG,5.3878045,8.988170043086194
SDKNNNNQNNGLLFSDEYLNLVDYNSSMDYKFTGEYSQHQQNCSVPQTSYGGD,5.6239095,9.896079337060426
DKNNNNQNNGLLFSDEYLNLVDYNSSMDYKFTGEYSQHQQNCSVPQTSYGGDR,5.623145,9.892996846906607
KNNNNQNNGLLFSDEYLNLVDYNSSMDYKFTGEYSQHQQNCSVPQTSYGGDRV,5.333827,8.79259288768148
NNNNQNNGLLFSDEYLNLVDYNSSMDYKFTGEYSQHQQNCSVPQTSYGGDRVV,5.280835,8.604727287837465
NNNQNNGLLFSDEYLNLVDYNSSMDYKFTGEYSQHQQNCSVPQTSYGGDRVVP,5.235856,8.4484212702759
NNQNNGLLFSDEYLNLVDYNSSMDYKFTGEYSQHQQNCSVPQTSYGGDRVVPL,4.652334,6.6602258849417515
NQNNGLLFSDEYLNLVDYNSSMDYKFTGEYSQHQQNCSVPQTSYGGDRVVPLK,4.120863,5.3630963511350735
QNNGLLFSDEYLNLVDYNSSMDYKFTGEYSQHQQNCSVPQTSYGGDRVVPLKL,3.2162333,3.709292862814651
NNGLLFSDEYLNLVDYNSSMDYKFTGEYSQHQQNCSVPQTSYGGDRVVPLKLE,3.4009657,3.999353472581568
NGLLFSDEYLNLVDYNSSMDYKFTGEYSQHQQNCSVPQTSYGGDRVVPLKLEE,3.487235,4.142475498012485
GLLFSDEYLNLVDYNSSMDYKFTGEYSQHQQNCSVPQTSYGGDRVVPLKLEES,3.704897,4.526758276731873
LLFSDEYLNLVDYNSSMDYKFTGEYSQHQQNCSVPQTSYGGDRVVPLKLEESR,3.8226159,4.749241003618168
LFSDEYLNLVDYNSSMDYKFTGEYSQHQQNCSVPQTSYGGDRVVPLKLEESRG,4.308069,5.788314863789523
FSDEYLNLVDYNSSMDYKFTGEYSQHQQNCSVPQTSYGGDRVVPLKLEESRGH,4.28993,5.745679268444706
SDEYLNLVDYNSSMDYKFTGEYSQHQQNCSVPQTSYGGDRVVPLKLEESRGHQ,3.1749294,3.6473724154497402
DEYLNLVDYNSSMDYKFTGEYSQHQQNCSVPQTSYGGDRVVPLKLEESRGHQC,2.5175052,2.790052514113963
EYLNLVDYNSSMDYKFTGEYSQHQQNCSVPQTSYGGDRVVPLKLEESRGHQCH,1.5549235,1.8846473127452688
YLNLVDYNSSMDYKFTGEYSQHQQNCSVPQTSYGGDRVVPLKLEESRGHQCHN,1.0763786,1.5506899748959624
LNLVDYNSSMDYKFTGEYSQHQQNCSVPQTSYGGDRVVPLKLEESRGHQCHNQ,1.1144083,1.5749125430335424
NLVDYNSSMDYKFTGEYSQHQQNCSVPQTSYGGDRVVPLKLEESRGHQCHNQQ,0.98028433,1.491130879054275
LVDYNSSMDYKFTGEYSQHQQNCSVPQTSYGGDRVVPLKLEESRGHQCHNQQN,1.1339486,1.5875053043503045
VDYNSSMDYKFTGEYSQHQQNCSVPQTSYGGDRVVPLKLEESRGHQCHNQQNF,0.9660748,1.4825201401350498
DYNSSMDYKFTGEYSQHQQNCSVPQTSYGGDRVVPLKLEESRGHQCHNQQNFQ,0.9246445,1.457696797088587
YNSSMDYKFTGEYSQHQQNCSVPQTSYGGDRVVPLKLEESRGHQCHNQQNFQF,0.790746,1.3802775458277758
NSSMDYKFTGEYSQHQQNCSVPQTSYGGDRVVPLKLEESRGHQCHNQQNFQFN,0.8788295,1.4307300275177264
SSMDYKFTGEYSQHQQNCSVPQTSYGGDRVVPLKLEESRGHQCHNQQNFQFNI,0.860718,1.420207696405434
SMDYKFTGEYSQHQQNCSVPQTSYGGDRVVPLKLEESRGHQCHNQQNFQFNIK,0.88120794,1.4321176371595372
MDYKFTGEYSQHQQNCSVPQTSYGGDRVVPLKLEESRGHQCHNQQNFQFNIKY,0.74677706,1.3557626989615097
DYKFTGEYSQHQQNCSVPQTSYGGDRVVPLKLEESRGHQCHNQQNFQFNIKYG,0.70044124,1.3303992289893827
YKFTGEYSQHQQNCSVPQTSYGGDRVVPLKLEESRGHQCHNQQNFQFNIKYGS,0.56426,1.25856934835533
KFTGEYSQHQQNCSVPQTSYGGDRVVPLKLEESRGHQCHNQQNFQFNIKYGSS,0.55673623,1.2547158975911727
FTGEYSQHQQNCSVPQTSYGGDRVVPLKLEESRGHQCHNQQNFQFNIKYGSSG,0.6017989,1.277973185747506
TGEYSQHQQNCSVPQTSYGGDRVVPLKLEESRGHQCHNQQNFQFNIKYGSSGT,0.38801885,1.1713359911642227
GEYSQHQQNCSVPQTSYGGDRVVPLKLEESRGHQCHNQQNFQFNIKYGSSGTH,0.44277763,1.1977718357173557
EYSQHQQNCSVPQTSYGGDRVVPLKLEESRGHQCHNQQNFQFNIKYGSSGTHY,0.5206373,1.2363905729052003
YSQHQQNCSVPQTSYGGDRVVPLKLEESRGHQCHNQQNFQFNIKYGSSGTHYN,0.5424892,1.24745127732874
SQHQQNCSVPQTSYGGDRVVPLKLEESRGHQCHNQQNFQFNIKYGSSGTHYND,0.56827617,1.2606311473071483
QHQQNCSVPQTSYGGDRVVPLKLEESRGHQCHNQQNFQFNIKYGSSGTHYNDN,0.6552558,1.306122496754886
HQQNCSVPQTSYGGDRVVPLKLEESRGHQCHNQQNFQFNIKYGSSGTHYNDNG,0.5764563,1.264841084109768
QQNCSVPQTSYGGDRVVPLKLEESRGHQCHNQQNFQFNIKYGSSGTHYNDNGS,0.57258296,1.2628459030453043
QNCSVPQTSYGGDRVVPLKLEESRGHQCHNQQNFQFNIKYGSSGTHYNDNGSI,0.6847762,1.3219322050054498
NCSVPQTSYGGDRVVPLKLEESRGHQCHNQQNFQFNIKYGSSGTHYNDNGSIN,0.6870793,1.3231736652508492
CSVPQTSYGGDRVVPLKLEESRGHQCHNQQNFQFNIKYGSSGTHYNDNGSINH,0.7186911,1.3403317724195734
SVPQTSYGGDRVVPLKLEESRGHQCHNQQNFQFNIKYGSSGTHYNDNGSINHN,0.5905913,1.2721488734978283
VPQTSYGGDRVVPLKLEESRGHQCHNQQNFQFNIKYGSSGTHYNDNGSINHNA,0.59097147,1.2723459971630042
PQTSYGGDRVVPLKLEESRGHQCHNQQNFQFNIKYGSSGTHYNDNGSINHNAY,0.5690057,1.2610060483843868
QTSYGGDRVVPLKLEESRGHQCHNQQNFQFNIKYGSSGTHYNDNGSINHNAYI,0.48909676,1.2205985207690426
TSYGGDRVVPLKLEESRGHQCHNQQNFQFNIKYGSSGTHYNDNGSINHNAYIS,0.46491146,1.2086259290881611
SYGGDRVVPLKLEESRGHQCHNQQNFQFNIKYGSSGTHYNDNGSINHNAYISS,0.40253043,1.1782843758883197
YGGDRVVPLKLEESRGHQCHNQQNFQFNIKYGSSGTHYNDNGSINHNAYISSM,0.40457916,1.1792686564773063
GGDRVVPLKLEESRGHQCHNQQNFQFNIKYGSSGTHYNDNGSINHNAYISSME,0.4944278,1.2232534881791512
GDRVVPLKLEESRGHQCHNQQNFQFNIKYGSSGTHYNDNGSINHNAYISSMET,0.50336385,1.2277167832832718
DRVVPLKLEESRGHQCHNQQNFQFNIKYGSSGTHYNDNGSINHNAYISSMETG,0.75009525,1.357597467446735
RVVPLKLEESRGHQCHNQQNFQFNIKYGSSGTHYNDNGSINHNAYISSMETGV,0.8833778,1.4333847127311348
VVPLKLEESRGHQCHNQQNFQFNIKYGSSGTHYNDNGSINHNAYISSMETGVV,1.0523196,1.535558667533089
VPLKLEESRGHQCHNQQNFQFNIKYGSSGTHYNDNGSINHNAYISSMETGVVP,0.97296107,1.4866868681747911
PLKLEESRGHQCHNQQNFQFNIKYGSSGTHYNDNGSINHNAYISSMETGVVPE,0.9217684,1.4559891006482224
LKLEESRGHQCHNQQNFQFNIKYGSSGTHYNDNGSINHNAYISSMETGVVPES,0.96382797,1.4811631405954764
KLEESRGHQCHNQQNFQFNIKYGSSGTHYNDNGSINHNAYISSMETGVVPEST,0.9488255,1.4721340981731894
LEESRGHQCHNQQNFQFNIKYGSSGTHYNDNGSINHNAYISSMETGVVPESTA,1.0463139,1.531804567665722
EESRGHQCHNQQNFQFNIKYGSSGTHYNDNGSINHNAYISSMETGVVPESTAC,1.0119246,1.5104844924778884
ESRGHQCHNQQNFQFNIKYGSSGTHYNDNGSINHNAYISSMETGVVPESTACV,0.90751815,1.4475572392367004
SRGHQCHNQQNFQFNIKYGSSGTHYNDNGSINHNAYISSMETGVVPESTACVT,0.75229156,1.3588132670613273
RGHQCHNQQNFQFNIKYGSSGTHYNDNGSINHNAYISSMETGVVPESTACVTT,0.6807548,1.3197673249982957
GHQCHNQQNFQFNIKYGSSGTHYNDNGSINHNAYISSMETGVVPESTACVTTA,0.8259629,1.400232051507431
HQCHNQQNFQFNIKYGSSGTHYNDNGSINHNAYISSMETGVVPESTACVTTAS,1.0561808,1.5379770879219374
QCHNQQNFQFNIKYGSSGTHYNDNGSINHNAYISSMETGVVPESTACVTTASH,1.1292094,1.5844419287831812
CHNQQNFQFNIKYGSSGTHYNDNGSINHNAYISSMETGVVPESTACVTTASHP,0.92952466,1.460599071455962
HNQQNFQFNIKYGSSGTHYNDNGSINHNAYISSMETGVVPESTACVTTASHPR,0.8349668,1.4053799416941948
NQQNFQFNIKYGSSGTHYNDNGSINHNAYISSMETGVVPESTACVTTASHPRT,0.6424931,1.2993460999844035
QQNFQFNIKYGSSGTHYNDNGSINHNAYISSMETGVVPESTACVTTASHPRTP,0.5393653,1.245864032296459
QNFQFNIKYGSSGTHYNDNGSINHNAYISSMETGVVPESTACVTTASHPRTPK,0.3884077,1.1715216486750246
NFQFNIKYGSSGTHYNDNGSINHNAYISSMETGVVPESTACVTTASHPRTPKG,0.48647094,1.2192929257567975
FQFNIKYGSSGTHYNDNGSINHNAYISSMETGVVPESTACVTTASHPRTPKGT,0.45926857,1.205849434632
QFNIKYGSSGTHYNDNGSINHNAYISSMETGVVPESTACVTTASHPRTPKGTV,0.49680853,1.2244410046875305
FNIKYGSSGTHYNDNGSINHNAYISSMETGVVPESTACVTTASHPRTPKGTVE,0.6127155,1.2836719125689073
NIKYGSSGTHYNDNGSINHNAYISSMETGVVPESTACVTTASHPRTPKGTVEQ,0.4440174,1.1983772181686687
IKYGSSGTHYNDNGSINHNAYISSMETGVVPESTACVTTASHPRTPKGTVEQQ,0.36957097,1.1625619684116815
KYGSSGTHYNDNGSINHNAYISSMETGVVPESTACVTTASHPRTPKGTVEQQP,0.3061862,1.1329132482212516
YGSSGTHYNDNGSINHNAYISSMETGVVPESTACVTTASHPRTPKGTVEQQPD,0.43915844,1.1960063335384934
GSSGTHYNDNGSINHNAYISSMETGVVPESTACVTTASHPRTPKGTVEQQPDP,0.2321186,1.0992241992578815
SSGTHYNDNGSINHNAYISSMETGVVPESTACVTTASHPRTPKGTVEQQPDPA,0.27613616,1.119122511560588
SGTHYNDNGSINHNAYISSMETGVVPESTACVTTASHPRTPKGTVEQQPDPAS,0.24942684,1.1070058970162147
GTHYNDNGSINHNAYISSMETGVVPESTACVTTASHPRTPKGTVEQQPDPASQ,0.3004818,1.1302823463193008
THYNDNGSINHNAYISSMETGVVPESTACVTTASHPRTPKGTVEQQPDPASQM,0.28147125,1.1215586076155446
HYNDNGSINHNAYISSMETGVVPESTACVTTASHPRTPKGTVEQQPDPASQMI,0.32791495,1.1429908807223903
YNDNGSINHNAYISSMETGVVPESTACVTTASHPRTPKGTVEQQPDPASQMIT,0.20779848,1.088382333226222
NDNGSINHNAYISSMETGVVPESTACVTTASHPRTPKGTVEQQPDPASQMITV,0.14711285,1.061792833399796
DNGSINHNAYISSMETGVVPESTACVTTASHPRTPKGTVEQQPDPASQMITVT,0.14009023,1.0587581030883597
NGSINHNAYISSMETGVVPESTACVTTASHPRTPKGTVEQQPDPASQMITVTQ,0.09172726,1.0380929298314001
GSINHNAYISSMETGVVPESTACVTTASHPRTPKGTVEQQPDPASQMITVTQL,0.1789167,1.0756457037254739
SINHNAYISSMETGVVPESTACVTTASHPRTPKGTVEQQPDPASQMITVTQLS,0.23914242,1.1023754535997838
INHNAYISSMETGVVPESTACVTTASHPRTPKGTVEQQPDPASQMITVTQLSP,0.20960808,1.0891853527094664
NHNAYISSMETGVVPESTACVTTASHPRTPKGTVEQQPDPASQMITVTQLSPM,0.19548106,1.0829321124598377
HNAYISSMETGVVPESTACVTTASHPRTPKGTVEQQPDPASQMITVTQLSPMD,0.25506496,1.109552645726276
NAYISSMETGVVPESTACVTTASHPRTPKGTVEQQPDPASQMITVTQLSPMDR,0.14847422,1.062382136936222
AYISSMETGVVPESTACVTTASHPRTPKGTVEQQPDPASQMITVTQLSPMDRE,0.1930337,1.0818524543187924
YISSMETGVVPESTACVTTASHPRTPKGTVEQQPDPASQMITVTQLSPMDREA,0.17230177,1.0727496185718528
ISSMETGVVPESTACVTTASHPRTPKGTVEQQPDPASQMITVTQLSPMDREAR,0.014970541,1.0061202007312404
SSMETGVVPESTACVTTASHPRTPKGTVEQQPDPASQMITVTQLSPMDREARV,-0.015896797,0.9935418809643772
SMETGVVPESTACVTTASHPRTPKGTVEQQPDPASQMITVTQLSPMDREARVL,0.026341438,1.0107938262779026
METGVVPESTACVTTASHPRTPKGTVEQQPDPASQMITVTQLSPMDREARVLR,0.019627571,1.008031698092646
ETGVVPESTACVTTASHPRTPKGTVEQQPDPASQMITVTQLSPMDREARVLRY,0.067480564,1.0278847768060222
TGVVPESTACVTTASHPRTPKGTVEQQPDPASQMITVTQLSPMDREARVLRYR,0.05957818,1.0245795145747054
GVVPESTACVTTASHPRTPKGTVEQQPDPASQMITVTQLSPMDREARVLRYRE,0.082505226,1.034198450191679
VVPESTACVTTASHPRTPKGTVEQQPDPASQMITVTQLSPMDREARVLRYREK,0.0918591,1.0381487146071995
VPESTACVTTASHPRTPKGTVEQQPDPASQMITVTQLSPMDREARVLRYREKR,0.044072866,1.0181250941156061
PESTACVTTASHPRTPKGTVEQQPDPASQMITVTQLSPMDREARVLRYREKRK,0.0091638565,1.0037418995306526
ESTACVTTASHPRTPKGTVEQQPDPASQMITVTQLSPMDREARVLRYREKRKT,-0.022771835,0.990761812211322
STACVTTASHPRTPKGTVEQQPDPASQMITVTQLSPMDREARVLRYREKRKTR,-0.042917967,0.9826600084731677
TACVTTASHPRTPKGTVEQQPDPASQMITVTQLSPMDREARVLRYREKRKTRK,-0.09306288,0.9627806528393255
ACVTTASHPRTPKGTVEQQPDPASQMITVTQLSPMDREARVLRYREKRKTRKF,-0.08096671,0.9675389182415579
CVTTASHPRTPKGTVEQQPDPASQMITVTQLSPMDREARVLRYREKRKTRKFE,-0.11399913,0.954600202189759
VTTASHPRTPKGTVEQQPDPASQMITVTQLSPMDREARVLRYREKRKTRKFEK,-0.13409472,0.9468136091738327
TTASHPRTPKGTVEQQPDPASQMITVTQLSPMDREARVLRYREKRKTRKFEKT,-0.15573883,0.938498025445743
TASHPRTPKGTVEQQPDPASQMITVTQLSPMDREARVLRYREKRKTRKFEKTI,-0.12756968,0.9493349283314225
ASHPRTPKGTVEQQPDPASQMITVTQLSPMDREARVLRYREKRKTRKFEKTIR,-0.1387217,0.9450297682654762
SHPRTPKGTVEQQPDPASQMITVTQLSPMDREARVLRYREKRKTRKFEKTIRY,-0.10788894,0.9569804368621223
HPRTPKGTVEQQPDPASQMITVTQLSPMDREARVLRYREKRKTRKFEKTIRYA,-0.111777306,0.9554650309917614
PRTPKGTVEQQPDPASQMITVTQLSPMDREARVLRYREKRKTRKFEKTIRYAS,-0.1092844,0.956436309273781
RTPKGTVEQQPDPASQMITVTQLSPMDREARVLRYREKRKTRKFEKTIRYASR,-0.116848946,0.9534920767942815
TPKGTVEQQPDPASQMITVTQLSPMDREARVLRYREKRKTRKFEKTIRYASRK,-0.12700367,0.9495539529472804
PKGTVEQQPDPASQMITVTQLSPMDREARVLRYREKRKTRKFEKTIRYASRKA,-0.13838363,0.9451599932455499
KGTVEQQPDPASQMITVTQLSPMDREARVLRYREKRKTRKFEKTIRYASRKAY,-0.10282588,0.9589572544976039
GTVEQQPDPASQMITVTQLSPMDREARVLRYREKRKTRKFEKTIRYASRKAYA,-0.07113981,0.9714218296162325
TVEQQPDPASQMITVTQLSPMDREARVLRYREKRKTRKFEKTIRYASRKAYAE,-0.08464551,0.9660893072121689
VEQQPDPASQMITVTQLSPMDREARVLRYREKRKTRKFEKTIRYASRKAYAEI,-0.048790693,0.980310776150651
EQQPDPASQMITVTQLSPMDREARVLRYREKRKTRKFEKTIRYASRKAYAEIR,-0.048664093,0.9803613600332711
QQPDPASQMITVTQLSPMDREARVLRYREKRKTRKFEKTIRYASRKAYAEIRP,-0.060047626,0.9758234199923891
QPDPASQMITVTQLSPMDREARVLRYREKRKTRKFEKTIRYASRKAYAEIRPR,-0.058720827,0.9763512529394862
PDPASQMITVTQLSPMDREARVLRYREKRKTRKFEKTIRYASRKAYAEIRPRV,-0.04092598,0.9834581294090237
DPASQMITVTQLSPMDREARVLRYREKRKTRKFEKTIRYASRKAYAEIRPRVN,-0.047192335,0.980949601156862
PASQMITVTQLSPMDREARVLRYREKRKTRKFEKTIRYASRKAYAEIRPRVNG,-0.084599495,0.9661074256735861
ASQMITVTQLSPMDREARVLRYREKRKTRKFEKTIRYASRKAYAEIRPRVNGR,-0.08546877,0.9657652037623992
SQMITVTQLSPMDREARVLRYREKRKTRKFEKTIRYASRKAYAEIRPRVNGRF,-0.059219837,0.9761527011470778
QMITVTQLSPMDREARVLRYREKRKTRKFEKTIRYASRKAYAEIRPRVNGRFA,-0.05912304,0.9761912130536715
MITVTQLSPMDREARVLRYREKRKTRKFEKTIRYASRKAYAEIRPRVNGRFAK,-0.075199604,0.9698157949857747
ITVTQLSPMDREARVLRYREKRKTRKFEKTIRYASRKAYAEIRPRVNGRFAKR,-0.08129263,0.967410404143662
TVTQLSPMDREARVLRYREKRKTRKFEKTIRYASRKAYAEIRPRVNGRFAKRE,-0.10251832,0.9590774695467086
VTQLSPMDREARVLRYREKRKTRKFEKTIRYASRKAYAEIRPRVNGRFAKREI,-0.07527423,0.9697862985429391
TQLSPMDREARVLRYREKRKTRKFEKTIRYASRKAYAEIRPRVNGRFAKREIE,-0.10289669,0.9589295792133586
QLSPMDREARVLRYREKRKTRKFEKTIRYASRKAYAEIRPRVNGRFAKREIEA,-0.092167616,0.9631320183988309
LSPMDREARVLRYREKRKTRKFEKTIRYASRKAYAEIRPRVNGRFAKREIEAE,-0.10241604,0.9591174513788878
SPMDREARVLRYREKRKTRKFEKTIRYASRKAYAEIRPRVNGRFAKREIEAEE,-0.10779858,0.957015681489687
PMDREARVLRYREKRKTRKFEKTIRYASRKAYAEIRPRVNGRFAKREIEAEEQ,-0.11623764,0.9537296688260758
MDREARVLRYREKRKTRKFEKTIRYASRKAYAEIRPRVNGRFAKREIEAEEQG,-0.12862968,0.9489248774340551
DREARVLRYREKRKTRKFEKTIRYASRKAYAEIRPRVNGRFAKREIEAEEQGF,-0.08155966,0.9673051236766902
REARVLRYREKRKTRKFEKTIRYASRKAYAEIRPRVNGRFAKREIEAEEQGFN,-0.091011524,0.9635859422310795
EARVLRYREKRKTRKFEKTIRYASRKAYAEIRPRVNGRFAKREIEAEEQGFNT,-0.09379864,0.9624919833926073
ARVLRYREKRKTRKFEKTIRYASRKAYAEIRPRVNGRFAKREIEAEEQGFNTM,-0.078638315,0.9684575340344411
RVLRYREKRKTRKFEKTIRYASRKAYAEIRPRVNGRFAKREIEAEEQGFNTML,-0.04057765,0.9835977596790186
VLRYREKRKTRKFEKTIRYASRKAYAEIRPRVNGRFAKREIEAEEQGFNTMLM,-0.009412527,0.9961710822805027
LRYREKRKTRKFEKTIRYASRKAYAEIRPRVNGRFAKREIEAEEQGFNTMLMY,0.02107954,1.0086284071774343
RYREKRKTRKFEKTIRYASRKAYAEIRPRVNGRFAKREIEAEEQGFNTMLMYN,0.10996771,1.0458391478968883
YREKRKTRKFEKTIRYASRKAYAEIRPRVNGRFAKREIEAEEQGFNTMLMYNT,0.09284997,1.0385680538104352
REKRKTRKFEKTIRYASRKAYAEIRPRVNGRFAKREIEAEEQGFNTMLMYNTG,0.10568857,1.0440167426651317
EKRKTRKFEKTIRYASRKAYAEIRPRVNGRFAKREIEAEEQGFNTMLMYNTGY,0.23565006,1.1008074701372876
KRKTRKFEKTIRYASRKAYAEIRPRVNGRFAKREIEAEEQGFNTMLMYNTGYG,0.12966871,1.0542705650627626
RKTRKFEKTIRYASRKAYAEIRPRVNGRFAKREIEAEEQGFNTMLMYNTGYGI,0.1684885,1.0710836734995375
KTRKFEKTIRYASRKAYAEIRPRVNGRFAKREIEAEEQGFNTMLMYNTGYGIV,0.11355209,1.047368119310122
TRKFEKTIRYASRKAYAEIRPRVNGRFAKREIEAEEQGFNTMLMYNTGYGIVP,0.15901113,1.0669543813310136
RKFEKTIRYASRKAYAEIRPRVNGRFAKREIEAEEQGFNTMLMYNTGYGIVPS,0.16178918,1.0681631268426448
KFEKTIRYASRKAYAEIRPRVNGRFAKREIEAEEQGFNTMLMYNTGYGIVPSF,0.16720676,1.070524287122324
KFEKTIRYASRKAYAEIRPRVNGRFAKREIEAEEQGFNTMLMYNTGYGIVPSF,0.16720676,1.070524287122324
