library_ID,tile_ID,na_seq,na_seq+overhangs
eLW044-fLW133-001,CKM63_gp4-016,GAAATTCTTGATGATAATGATGCTCTTTTTTCTGAACATGATCTTTTTGGTCATGATCTTTCTTATGATCCAGATCAAGATCTTTTTCTTGAACATGATCTTTTTACTCCACCACCAGATTGGGATGCTTGGCTTGATACTGATCTTTCTGAAACTGCT,ACGTCAGTGTGGTCTCTAGGTgaaattcttgatgataatgatgctcttttttctgaacatgatctttttggtcatgatctttcttatgatccagatcaagatctttttcttgaacatgatctttttactccaccaccagattgggatgcttggcttgatactgatctttctgaaactgctTAAGCTTAGAGACCAAGCGCTTA
eLW044-fLW133-002,SPCV_gp1-074,ATTGGTCATATTTCTCCAAATTGTAAGAAGCCAAAGAAGTCTAATAAGACTATTAACAATATTGAAATGATTGAATTTATTGGTGATCAAGAAGAACTTGAATTTATTATTAATGATAATGATATTATTTATATTGAACAATTTATTGATACTGAAAAT,ACGTCAGTGTGGTCTCTAGGTattggtcatatttctccaaattgtaagaagccaaagaagtctaataagactattaacaatattgaaatgattgaatttattggtgatcaagaagaacttgaatttattattaatgataatgatattatttatattgaacaatttattgatactgaaaatTAAGCTTAGAGACCAAGCGCTTA
eLW044-fLW133-003,SPCV_gp1-073,AAGCCATGTACTTGTTATAATTGTGGTGAAATTGGTCATATTTCTCCAAATTGTAAGAAGCCAAAGAAGTCTAATAAGACTATTAATAATATTGAAATGATTGAATTTATTGGTGATCAAGAAGAACTTGAATTCATTATTAATGATAATGATATTATT,ACGTCAGTGTGGTCTCTAGGTaagccatgtacttgttataattgtggtgaaattggtcatatttctccaaattgtaagaagccaaagaagtctaataagactattaataatattgaaatgattgaatttattggtgatcaagaagaacttgaattcattattaatgataatgatattattTAAGCTTAGAGACCAAGCGCTTA
eLW044-fLW133-004,SPCV_gp2-013,TATCCAAGAAAGAAGGTTCTTATTCCATGGGAAAAGGGTAATCCATCTATTATTCAACCACTTCAAAATGAACAAATTAATAATATTAATGAAGTTGAAGAACTTAATAATATTCTTGGTGAAGATATTTATGGTGATAATCCACTTAAGCATTGGGAA,ACGTCAGTGTGGTCTCTAGGTtatccaagaaagaaggttcttattccatgggaaaagggtaatccatctattattcaaccacttcaaaatgaacaaattaataatattaatgaagttgaagaacttaataatattcttggtgaagatatttatggtgataatccacttaagcattgggaaTAAGCTTAGAGACCAAGCGCTTA
eLW044-fLW133-005,Grslavgp1-310,AATAGAGATTTTGCTTCTGTTGTTTCTAATATGCTTGGTGATGATGATGTGTATCATATTGGTGAAGTTGATTTTTCTAAGTATGATAAGTCTCAAGATGCTTTTGTTAAGTCTTTTGAAGAAGTTATGTATAAGGAACTTGGTGTTGATGAAGAACTT,ACGTCAGTGTGGTCTCTAGGTaatagagattttgcttctgttgtttctaatatgcttggtgatgatgatgtgtatcatattggtgaagttgatttttctaagtatgataagtctcaagatgcttttgttaagtcttttgaagaagttatgtataaggaacttggtgttgatgaagaacttTAAGCTTAGAGACCAAGCGCTTA
eLW044-fLW133-006,D306_gp8-022,CAATGGATTACTCTTGGTACTAAGAAGCCAAAGAAGGATCCAGAACCAAAGGAAATTGCTTTTCAACCAGAAATTACTATTGAAGATTTTCAATATCTTTATGATCTTGGTAGAAAGTATGATGGTGAAGGTGATACTACTTTTTTTACTACTGATAAG,ACGTCAGTGTGGTCTCTAGGTcaatggattactcttggtactaagaagccaaagaaggatccagaaccaaaggaaattgcttttcaaccagaaattactattgaagattttcaatatctttatgatcttggtagaaagtatgatggtgaaggtgatactactttttttactactgataagTAAGCTTAGAGACCAAGCGCTTA
eLW044-fLW133-007,TaBVgp3-031,GATAATTCTCATCCAGATATTCAAGAAGATGAAAATCAATTTATTGGTTTTCTTTCTGATCTTGGTGAAGAATATGAATTGGAATATCCATCTTTTACTCCAGTTCATGCTGATGAATTTATTTTTATTATTATTAATGGTGAAGAAATTCCAGATGAT,ACGTCAGTGTGGTCTCTAGGTgataattctcatccagatattcaagaagatgaaaatcaatttattggttttctttctgatcttggtgaagaatatgaattggaatatccatcttttactccagttcatgctgatgaatttatttttattattattaatggtgaagaaattccagatgatTAAGCTTAGAGACCAAGCGCTTA
eLW044-fLW133-008,CsVMVgp1-086,AATTGGTATTCTGATCAAGAAAATTGGTATTCTGATGAACAATATCTTGGTATTTATATGTTTATTGGTGAAACTTCTGGTGAAAATAATCAAGATAATATGGAAGGTATTATTAAGGAATATAATAAGACTGAACCAGAAAAGATTAATAAGATTATT,ACGTCAGTGTGGTCTCTAGGTaattggtattctgatcaagaaaattggtattctgatgaacaatatcttggtatttatatgtttattggtgaaacttctggtgaaaataatcaagataatatggaaggtattattaaggaatataataagactgaaccagaaaagattaataagattattTAAGCTTAGAGACCAAGCGCTTA
eLW044-fLW133-009,D1Q05_gp3-171,CAAATTCATAATCTTCCAGATCTTGAAATTCCACCAGAAGATGCTTTTATTATTCTTGAAGTTGATGGTTGTATGGAAGGTTGGGGTGGTGTTTGTAAGTGGAGGCCAAAGAAGAATGATCCAAAGTCTACTGAAAAGATTTGTGCTTATGCTTCTGGT,ACGTCAGTGTGGTCTCTAGGTcaaattcataatcttccagatcttgaaattccaccagaagatgcttttattattcttgaagttgatggttgtatggaaggttggggtggtgtttgtaagtggaggccaaagaagaatgatccaaagtctactgaaaagatttgtgcttatgcttctggtTAAGCTTAGAGACCAAGCGCTTA
eLW044-fLW133-010,BCVgp2-068,GGTGAAGAATCTGTTATTAATAGACTTGTTGAAGCTTATTCTTGTGCTAGAACTAATGCTCCAACTTCTACTGCTGGTAATTCTCTTACTTGGGAAGGTTTTATTGAAGATATTAAGGAAGCTGTTTCTTCTCTTGAACTTGATGCTGGTGTTGGTGTT,ACGTCAGTGTGGTCTCTAGGTggtgaagaatctgttattaatagacttgttgaagcttattcttgtgctagaactaatgctccaacttctactgctggtaattctcttacttgggaaggttttattgaagatattaaggaagctgtttcttctcttgaacttgatgctggtgttggtgttTAAGCTTAGAGACCAAGCGCTTA
eLW044-fLW133-011,BCVgp2-084,CCATCTAAGCCAGGTTTTGGTCTTTCTACTGATGATCAAATTGAAGATTTTGTTAAGGTTCTTGCTTCTCAACTTGGTGAAGAACCACAAGAAGTTTTTAATAATTGGTCTACTAAGCTTATTCCAACTGATTGTTCTGGTTTTGATTGGTCTGTTGCT,ACGTCAGTGTGGTCTCTAGGTccatctaagccaggttttggtctttctactgatgatcaaattgaagattttgttaaggttcttgcttctcaacttggtgaagaaccacaagaagtttttaataattggtctactaagcttattccaactgattgttctggttttgattggtctgttgctTAAGCTTAGAGACCAAGCGCTTA
eLW044-fLW133-012,BCVgp2-069,GAAGCTTATTCTTGTGCTAGAACTAATGCTCCAACTTCTACTGCTGGTAATTCTCTTACTTGGGAAGGTTTTATTGAAGATATTAAGGAAGCTGTTTCTTCTCTTGAACTTGATGCTGGTGTTGGTGTTCCATATATTGCTTATGGTACTAGAACTCAT,ACGTCAGTGTGGTCTCTAGGTgaagcttattcttgtgctagaactaatgctccaacttctactgctggtaattctcttacttgggaaggttttattgaagatattaaggaagctgtttcttctcttgaacttgatgctggtgttggtgttccatatattgcttatggtactagaactcatTAAGCTTAGAGACCAAGCGCTTA
eLW044-fLW133-013,SPBVb_gp3-050,AGACAAGAAAGAAAGAGAATGCAAAAGCAAAAGGAAAAGAGAGTTACTCCATCTACTTCTAAGCAAACTTCTCAAGAAGAAATTATTGGTGCTATTGAAGGTGATCCATGGGAAGAATTTGAAGAAATGGTTGAAAGACTTCATGCTCAAGTTACTCAA,ACGTCAGTGTGGTCTCTAGGTagacaagaaagaaagagaatgcaaaagcaaaaggaaaagagagttactccatctacttctaagcaaacttctcaagaagaaattattggtgctattgaaggtgatccatgggaagaatttgaagaaatggttgaaagacttcatgctcaagttactcaaTAAGCTTAGAGACCAAGCGCTTA
eLW044-fLW133-014,SPBVb_gp5-004,GGTGCTAGAAGAAATAGAGGTAGACCAATGGGTCATAGAGCTGTTAATCCAGCTACTAGAACTCCAGCTCAAAGATTTGAAGATTGGTCTTTGCAAGAACAAACTTATCATAGAGATTGGATTAATGAACAATTTGAAGATTCTCTTGCTAATCTTGGT,ACGTCAGTGTGGTCTCTAGGTggtgctagaagaaatagaggtagaccaatgggtcatagagctgttaatccagctactagaactccagctcaaagatttgaagattggtctttgcaagaacaaacttatcatagagattggattaatgaacaatttgaagattctcttgctaatcttggtTAAGCTTAGAGACCAAGCGCTTA
eLW044-fLW133-015,AXI67_gp4-008,ATTATGGGTCCACCAAGAGAAAGAGTTGTTCAACATCAAAATACTACTCCACTTCAACTTCAACCAACTGAAACTACTGGTGATACTCCAATGCTTGATAGAGTTTATGGTGTTGGTACTTCTCCAGAATTTGATTGGACTGCTTTTTATAATGATTTT,ACGTCAGTGTGGTCTCTAGGTattatgggtccaccaagagaaagagttgttcaacatcaaaatactactccacttcaacttcaaccaactgaaactactggtgatactccaatgcttgatagagtttatggtgttggtacttctccagaatttgattggactgctttttataatgattttTAAGCTTAGAGACCAAGCGCTTA
eLW044-fLW133-016,SCFAV_gp01-270,CAAGAATTTTCTACTTCTACTCTTCAATGGAATATGGGTGATATGTATGAAGGTAAGGAAGAATGTAAGGCTGTTTCTACTCCATATCAATGTATTAATGATTTTCTTGAAGATGTTGTTGTTGGTTCTACTACTCTTGATTTTGGTGATATGTCTTCT,ACGTCAGTGTGGTCTCTAGGTcaagaattttctacttctactcttcaatggaatatgggtgatatgtatgaaggtaaggaagaatgtaaggctgtttctactccatatcaatgtattaatgattttcttgaagatgttgttgttggttctactactcttgattttggtgatatgtcttctTAAGCTTAGAGACCAAGCGCTTA
eLW044-fLW133-017,SCFAV_gp01-272,GAATGTAAGGCTGTTTCTACTCCATATCAATGTATTAATGATTTTCTTGAAGATGTTGTTGTTGGTTCTACTACTCTTGATTTTGGTGATATGTCTTCTGAACTTTCTGATCAACCATTTGAATGTGGTGTTGATGGTGTTATTATTAGAGAAGGTAAT,ACGTCAGTGTGGTCTCTAGGTgaatgtaaggctgtttctactccatatcaatgtattaatgattttcttgaagatgttgttgttggttctactactcttgattttggtgatatgtcttctgaactttctgatcaaccatttgaatgtggtgttgatggtgttattattagagaaggtaatTAAGCTTAGAGACCAAGCGCTTA
eLW044-fLW133-018,A996_gp2-045,GGTGAAGAAGCTACTGAATGGGCTGATTTTCTTAATGCTTTTTTTGAAGAAGAAGAAAATTATGTTAAGGATCAAGTTGATAGAACTACTGCTACTACTGCTGATTCTTCTTGTACTAAGAATTGTGAAGAAGAAACTGCTATGAGAGGTAATTATTGG,ACGTCAGTGTGGTCTCTAGGTggtgaagaagctactgaatgggctgattttcttaatgctttttttgaagaagaagaaaattatgttaaggatcaagttgatagaactactgctactactgctgattcttcttgtactaagaattgtgaagaagaaactgctatgagaggtaattattggTAAGCTTAGAGACCAAGCGCTTA
eLW044-fLW133-019,PhVS_gp1-041,CTTGATGAATTTGTTTCTCAAATGGAACCATTTACTTTTCAAGTTAAGCTTGTTGATGTTGATTGGAATTATCATCATAATTGGGATCTTTTTTCTAAGGCTGAAGAAGATTATGGTGTTGATGTTTGTGATCTTCTTAATGAAGGTTTTATTGCTGGT,ACGTCAGTGTGGTCTCTAGGTcttgatgaatttgtttctcaaatggaaccatttacttttcaagttaagcttgttgatgttgattggaattatcatcataattgggatcttttttctaaggctgaagaagattatggtgttgatgtttgtgatcttcttaatgaaggttttattgctggtTAAGCTTAGAGACCAAGCGCTTA
eLW044-fLW133-020,D1Q45_gp1-440,AATCAAGCTGGTGATTCTACTAAGATGCATTATGTTGGTGTTACTCAATGGGCTAATGTTATTGATTCTCAACTTGGTTCTCCAGAAATTGTTGATTATGATATTATGTCTATGTGGGATGATACTGATTTTACTGATTGGAATGAAAGATTTGCTCCA,ACGTCAGTGTGGTCTCTAGGTaatcaagctggtgattctactaagatgcattatgttggtgttactcaatgggctaatgttattgattctcaacttggttctccagaaattgttgattatgatattatgtctatgtgggatgatactgattttactgattggaatgaaagatttgctccaTAAGCTTAGAGACCAAGCGCTTA
eLW044-fLW133-021,D1Q45_gp1-442,ATTGATTCTCAACTTGGTTCTCCAGAAATTGTTGATTATGATATTATGTCTATGTGGGATGATACTGATTTTACTGATTGGAATGAAAGATTTGCTCCAAAGAATGATGTTGTTATTAAGTCTAAGGCTACTGCTACTGAAATGAGAGTTACTACTAAG,ACGTCAGTGTGGTCTCTAGGTattgattctcaacttggttctccagaaattgttgattatgatattatgtctatgtgggatgatactgattttactgattggaatgaaagatttgctccaaagaatgatgttgttattaagtctaaggctactgctactgaaatgagagttactactaagTAAGCTTAGAGACCAAGCGCTTA
eLW044-fLW133-022,B1U05_gp3-084,GAAATTTATTCTATGTCTGAAGGTGAAGATCCAACTACTATGTTTATGAATCTTACTCCACTTGCTCAAATTGAAGATTGTCTTACTCTTGATTGGGAATATAAGGATGTTTATGAATATAGACATTTTGGTACTTGTACTTCTGATATTCAACAACCA,ACGTCAGTGTGGTCTCTAGGTgaaatttattctatgtctgaaggtgaagatccaactactatgtttatgaatcttactccacttgctcaaattgaagattgtcttactcttgattgggaatataaggatgtttatgaatatagacattttggtacttgtacttctgatattcaacaaccaTAAGCTTAGAGACCAAGCGCTTA
eLW044-fLW133-023,BaSUAV_gp3-115,ACTTTTTATAAGATTGTTACTACTACTCCAACTTCTCCAATTGTTCATGATATTAATTATATTGAAGAACTTGAACTTGAAATTCCAGAATATTATGATATTTGTTCTACTGTTGGTGCTATTCAAGGTGGTATTTCTGAAGAATTTATTTCTCCAGAA,ACGTCAGTGTGGTCTCTAGGTactttttataagattgttactactactccaacttctccaattgttcatgatattaattatattgaagaacttgaacttgaaattccagaatattatgatatttgttctactgttggtgctattcaaggtggtatttctgaagaatttatttctccagaaTAAGCTTAGAGACCAAGCGCTTA
eLW044-fLW133-024,D1Y37_gp1-438,TGGTCTAATGCTATTGATACTGAACCAACTACTGTTGAAATTGCTTCTTATGATATTATGTCTCTTTGGGAAGATACTGATTTTTCTGATTGGAATGAAAAGTTTTGTCCAAGAAATGAAGCTGTTGTTAAGTCTACTAATCCAGCTACTCATCTTAGA,ACGTCAGTGTGGTCTCTAGGTtggtctaatgctattgatactgaaccaactactgttgaaattgcttcttatgatattatgtctctttgggaagatactgatttttctgattggaatgaaaagttttgtccaagaaatgaagctgttgttaagtctactaatccagctactcatcttagaTAAGCTTAGAGACCAAGCGCTTA
eLW044-fLW133-025,D1Y37_gp1-122,AGAATTAATAGACATGATCCAGGTTGTGGTCTTTTTAATTTTTCTATTGATGAAAGACATACTGATCTTGTTGAATCTGTTTGTCATGAAACTGTTCCACTTCAAGTTCTTGATGATCTTGAATCTCCACTTAATGTTGGTACTATGCATAATTGTGAT,ACGTCAGTGTGGTCTCTAGGTagaattaatagacatgatccaggttgtggtctttttaatttttctattgatgaaagacatactgatcttgttgaatctgtttgtcatgaaactgttccacttcaagttcttgatgatcttgaatctccacttaatgttggtactatgcataattgtgatTAAGCTTAGAGACCAAGCGCTTA
eLW044-fLW133-026,V187_gp1-187,GTTGAATTTAAGGATATTGCTTCTGGTTTTGCTGTTAATCAATCTGCTTCTGATATTGATCTTGTTGATGCTTTTGATCAAATGGTTGCTTTTAGAAGAGATGAAACTAATGAAGATCAATTTTATGGTGAAACTGCTCCAAGAGAAGTTAAGGCTGCT,ACGTCAGTGTGGTCTCTAGGTgttgaatttaaggatattgcttctggttttgctgttaatcaatctgcttctgatattgatcttgttgatgcttttgatcaaatggttgcttttagaagagatgaaactaatgaagatcaattttatggtgaaactgctccaagagaagttaaggctgctTAAGCTTAGAGACCAAGCGCTTA
eLW044-fLW133-027,ABY30_gp3-152,TCTCCAACTGGTGATAAGAGAATGAATTCTCAAGATTGGAAGCTTGTTTCTCAAATTAAGGAAGAAGTTCAAAAGCTTCCAGATCTTGAAATTCCACCAGAAGATTCTTTTATTATTCTTGAAACTGATGGTTGTATGACTGGTTGGGGTGGTGTTTGT,ACGTCAGTGTGGTCTCTAGGTtctccaactggtgataagagaatgaattctcaagattggaagcttgtttctcaaattaaggaagaagttcaaaagcttccagatcttgaaattccaccagaagattcttttattattcttgaaactgatggttgtatgactggttggggtggtgtttgtTAAGCTTAGAGACCAAGCGCTTA
eLW044-fLW133-028,B5V04_gp1-447,TATCATTATGGTTATACTGGTTCTGTTATTGAACCACTTCTTGATTTTCCAGATAATATTGCTATGCAACTTTGGGAAGATACTGATCAAACTGATTGGCTTTCTCTTTATGCTCCATCTAATCAATGTCAACTTAAGTCTAGAGAACTTCCAGGTAAG,ACGTCAGTGTGGTCTCTAGGTtatcattatggttatactggttctgttattgaaccacttcttgattttccagataatattgctatgcaactttgggaagatactgatcaaactgattggctttctctttatgctccatctaatcaatgtcaacttaagtctagagaacttccaggtaagTAAGCTTAGAGACCAAGCGCTTA
eLW044-fLW133-029,A6I62_gp2-081,TCTACTGATGATCAAACTAGAGAATTTGTTCAAAATCTTGCTGTTCAATGTGGTGTTAATACTGATCAACTTCTTCAAGATTGGCAAAATCATACTGTTCCAACTGATTGTTCTGGTTTTGATTGGTCTGTTGCTGAATGGATGCTTCAAGATGATATG,ACGTCAGTGTGGTCTCTAGGTtctactgatgatcaaactagagaatttgttcaaaatcttgctgttcaatgtggtgttaatactgatcaacttcttcaagattggcaaaatcatactgttccaactgattgttctggttttgattggtctgttgctgaatggatgcttcaagatgatatgTAAGCTTAGAGACCAAGCGCTTA
eLW044-fLW133-030,PVVgp1-116,GTTAAGGATTTTGAAGCTAGAGATTTTGTTGTTGATTTTGAACTTGATGATTCTATTTCTCCAACTATTAATTCTACTGATGTTACTTTTGGTGATTGGTGGGATAATCAAATTTCTACTGGTCTTACTATTCCACATTATAGAACTGAAGGTAAGTTT,ACGTCAGTGTGGTCTCTAGGTgttaaggattttgaagctagagattttgttgttgattttgaacttgatgattctatttctccaactattaattctactgatgttacttttggtgattggtgggataatcaaatttctactggtcttactattccacattatagaactgaaggtaagtttTAAGCTTAGAGACCAAGCGCTTA
eLW044-fLW133-031,BMI92_gp2-040,CTTACTGCTTCTAAGTATATTTATGAAACTACTGCTCCAAAGGGTAAGATTTTTGATTTTGATGATGAACTTTGGAATGAACTTATGGAAGATTTTTCTGTTGCTGAATCTCAATATCTTTATAATAAGATTAAGAATGTTGAACCAGAATGTTCTATG,ACGTCAGTGTGGTCTCTAGGTcttactgcttctaagtatatttatgaaactactgctccaaagggtaagatttttgattttgatgatgaactttggaatgaacttatggaagatttttctgttgctgaatctcaatatctttataataagattaagaatgttgaaccagaatgttctatgTAAGCTTAGAGACCAAGCGCTTA
eLW044-fLW133-032,BSCVV_gp3-085,AGAGCTAGAGGTAGACCATATGTTCCACCAACTTTTAATCTTCCACTTGCTGGTAATGATACTGGTCTTATGCTTGAACTTTCTGATCCATCTATGTATAATGAAATTCTTGATCAATGGGAATCTTCTACTAAGAATCTTCTTAATGGTCAACAATTT,ACGTCAGTGTGGTCTCTAGGTagagctagaggtagaccatatgttccaccaacttttaatcttccacttgctggtaatgatactggtcttatgcttgaactttctgatccatctatgtataatgaaattcttgatcaatgggaatcttctactaagaatcttcttaatggtcaacaatttTAAGCTTAGAGACCAAGCGCTTA
eLW044-fLW133-033,BSCVV_gp3-036,ATGGCTATTCAACCATCTTGGGAAATTTGTCAAGGTATTGTTCCAGAAGATACTTTTTATACTAATGGTGTTTTTCATGGTGATATGAGAAATATTGATCCATATTTTAATGAATATCAAGTTGATACTATGCCATGGATTGAAGAAACTAATGAACAA,ACGTCAGTGTGGTCTCTAGGTatggctattcaaccatcttgggaaatttgtcaaggtattgttccagaagatactttttatactaatggtgtttttcatggtgatatgagaaatattgatccatattttaatgaatatcaagttgatactatgccatggattgaagaaactaatgaacaaTAAGCTTAGAGACCAAGCGCTTA
eLW044-fLW133-034,BSCVV_gp3-086,ACTTTTAATCTTCCACTTGCTGGTAATGATACTGGTCTTATGCTTGAACTTTCTGATCCATCTATGTATAATGAAATTCTTGATCAATGGGAATCTTCTACTAAGAATCTTCTTAATGGTCAACAATTTGATTCTAATAGATCTAAGGTTGAATATGTT,ACGTCAGTGTGGTCTCTAGGTacttttaatcttccacttgctggtaatgatactggtcttatgcttgaactttctgatccatctatgtataatgaaattcttgatcaatgggaatcttctactaagaatcttcttaatggtcaacaatttgattctaatagatctaaggttgaatatgttTAAGCTTAGAGACCAAGCGCTTA
eLW044-fLW133-035,BSCVV_gp3-038,ACTAATGGTGTTTTTCATGGTGATATGAGAAATATTGATCCATATTTTAATGAATATCAAGTTGATACTATGCCATGGATTGAAGAAACTAATGAACAACTTGCTGATCAAGCTGAAGTTATTATTGAAGAAATGGATAGAGATCAACATTTTATTGTT,ACGTCAGTGTGGTCTCTAGGTactaatggtgtttttcatggtgatatgagaaatattgatccatattttaatgaatatcaagttgatactatgccatggattgaagaaactaatgaacaacttgctgatcaagctgaagttattattgaagaaatggatagagatcaacattttattgttTAAGCTTAGAGACCAAGCGCTTA
eLW044-fLW133-036,BSCVV_gp3-054,AATTTTCCAAATACTACTGAATGGCTTGATGATACTCCACTTGAATTTCCAGAAGAAAGACTTTCTTATTCTCAATGGTTTTCTGAAGATCCACAAGTTCTTGCTCAACCACCATGGTCACAACATTCTGCTAAGGTTTGTCATGTTCTTGATCTTAAT,ACGTCAGTGTGGTCTCTAGGTaattttccaaatactactgaatggcttgatgatactccacttgaatttccagaagaaagactttcttattctcaatggttttctgaagatccacaagttcttgctcaaccaccatggtcacaacattctgctaaggtttgtcatgttcttgatcttaatTAAGCTTAGAGACCAAGCGCTTA
eLW044-fLW133-037,D566_gp1-044,TCTGATCTTGGTCTTTCTCATGAAGAAGAATTTCCATCTATTCCATTTGATCCAGAACAACTTATGGAATCTTTTTCTATTGGTAGATCTAAGAAGGCTATTCCAGATAGAGTTCCATCTCCATATAATAATCTTATTTTTCATGGTGCTGAACCAATT,ACGTCAGTGTGGTCTCTAGGTtctgatcttggtctttctcatgaagaagaatttccatctattccatttgatccagaacaacttatggaatctttttctattggtagatctaagaaggctattccagatagagttccatctccatataataatcttatttttcatggtgctgaaccaattTAAGCTTAGAGACCAAGCGCTTA
eLW044-fLW133-038,TCTV_gp5-017,GCTGCTATTTTTAATCCACCACCAGTTGGTTATGTTCCAAAGTATAATCATACTCAATTTGTTCTTACTGATGATATTCTTGATTGGCTTGAATCTAATTTTTTTCTTGAAGAATCTAATTCTCCAGCTGGTCCATCTAAGTATAAGGTTATTCCATCT,ACGTCAGTGTGGTCTCTAGGTgctgctatttttaatccaccaccagttggttatgttccaaagtataatcatactcaatttgttcttactgatgatattcttgattggcttgaatctaatttttttcttgaagaatctaattctccagctggtccatctaagtataaggttattccatctTAAGCTTAGAGACCAAGCGCTTA
eLW044-fLW133-039,TCTV_gp5-019,GTTCTTACTGATGATATTCTTGATTGGCTTGAATCTAATTTTTTTCTTGAAGAATCTAATTCTCCAGCTGGTCCATCTAAGTATAAGGTTATTCCATCTATTGATAGACCAAAGTCTATTATTATTGAAGGTCCATCTAGAACTGGTAAGACTCTTTGG,ACGTCAGTGTGGTCTCTAGGTgttcttactgatgatattcttgattggcttgaatctaatttttttcttgaagaatctaattctccagctggtccatctaagtataaggttattccatctattgatagaccaaagtctattattattgaaggtccatctagaactggtaagactctttggTAAGCTTAGAGACCAAGCGCTTA
eLW044-fLW133-040,CVYV_gp1-194,GGTGTTAATCCACTTGAATTTGATGAAGTTTATCTTACTGTTGGTGATTTTAAGGGTGAAGTTTGGGAAACTAAGGATATGGATATTGATGAAATGTATTCTGATCTTTATTCTGATTTTAATCTTGGTAATAGAAAGGGTTATTCTAAGGATGTTTAT,ACGTCAGTGTGGTCTCTAGGTggtgttaatccacttgaatttgatgaagtttatcttactgttggtgattttaagggtgaagtttgggaaactaaggatatggatattgatgaaatgtattctgatctttattctgattttaatcttggtaatagaaagggttattctaaggatgtttatTAAGCTTAGAGACCAAGCGCTTA
eLW044-fLW133-041,CVYV_gp1-063,TGTGGTGAAAATATGTTTGAATCTGTTGGTCATGAATCTCCATCTGTTACTCTTCCAATTAATCCATTTGAATGTGATGTTCATCCAGCTGTTGCTGAAATTATGAAGGAAGCTTGGTGGAGAGATGGTGTTGAAGATTGGCCAATTGAAAAGAAGTAT,ACGTCAGTGTGGTCTCTAGGTtgtggtgaaaatatgtttgaatctgttggtcatgaatctccatctgttactcttccaattaatccatttgaatgtgatgttcatccagctgttgctgaaattatgaaggaagcttggtggagagatggtgttgaagattggccaattgaaaagaagtatTAAGCTTAGAGACCAAGCGCTTA
eLW044-fLW133-042,CVYV_gp1-238,GATAAGCTTCTTTCTCTTGGTTTTGATGAAGATTGTGGTCCAGAATGGGATCCATATGAAATTTATTGTGATCTTAATAAGAAGGCTGCTATGGGTGCTCTTTATCAAGGTTCTAAGAATGATTGGCTTAAGGAAATTACTCCAAAGGAATTTATTGAA,ACGTCAGTGTGGTCTCTAGGTgataagcttctttctcttggttttgatgaagattgtggtccagaatgggatccatatgaaatttattgtgatcttaataagaaggctgctatgggtgctctttatcaaggttctaagaatgattggcttaaggaaattactccaaaggaatttattgaaTAAGCTTAGAGACCAAGCGCTTA
eLW044-fLW133-043,A8V28_gp5-019,CCAAAGCAAGAAGTTAATGTTGTTAATAGAATTCCATATACTGAACAAGATGTTCTTGAATTTGTTGAAGAAACTTCTATGATGCTTGAAAAGGGTATTATTGAAATTGCTAATTCTCCACATTCTGCTCCAGCTTTTTATGTTAATAATCATGCTGAA,ACGTCAGTGTGGTCTCTAGGTccaaagcaagaagttaatgttgttaatagaattccatatactgaacaagatgttcttgaatttgttgaagaaacttctatgatgcttgaaaagggtattattgaaattgctaattctccacattctgctccagctttttatgttaataatcatgctgaaTAAGCTTAGAGACCAAGCGCTTA
eLW044-fLW133-044,D1S96_gp1-106,GATGATGTTGTTATTAATGGTATTGATGGTGAAGATTTTTTTGATGCTCTTGTTATGTCTACTTCTGAAGGTTATCCATATATTAAGGAAAGAAATATTGGTGAAAAGGGTAAGGCTAGATATTTTGAACCAACTGGTGATGGTTGTAGAAAGCAACTT,ACGTCAGTGTGGTCTCTAGGTgatgatgttgttattaatggtattgatggtgaagatttttttgatgctcttgttatgtctacttctgaaggttatccatatattaaggaaagaaatattggtgaaaagggtaaggctagatattttgaaccaactggtgatggttgtagaaagcaacttTAAGCTTAGAGACCAAGCGCTTA
eLW044-fLW133-045,IYMV_gp3-097,GCTGGTTGTGGTGGTCAAGAACCAGCTGCTTCTGCTTTTGAAGAAGCTAGAGAAATTTGGATTGAACCAACTCCAGCTCAACAATGGGATAATAATATTGGTCCACATGGTTATGAATGGGATTGGCCATTTTCTGAATCTTGGTCACCATGGGGTAGA,ACGTCAGTGTGGTCTCTAGGTgctggttgtggtggtcaagaaccagctgcttctgcttttgaagaagctagagaaatttggattgaaccaactccagctcaacaatgggataataatattggtccacatggttatgaatgggattggccattttctgaatcttggtcaccatggggtagaTAAGCTTAGAGACCAAGCGCTTA
eLW044-fLW133-046,IYMV_gp3-071,CATCTTTGTCCATCTAAGCCAGGTATGGGTATGTCTACTCCATCTCAAGTTGAAATGCTTTGGAAGGATGTTGCTCATAAGCATTCTCTTCATCAAGCTGCTGAAGCTGATATTTCTGCTTTTGATTGGTCTGTTCAAGATTGGGAACTTTGGGCTGAT,ACGTCAGTGTGGTCTCTAGGTcatctttgtccatctaagccaggtatgggtatgtctactccatctcaagttgaaatgctttggaaggatgttgctcataagcattctcttcatcaagctgctgaagctgatatttctgcttttgattggtctgttcaagattgggaactttgggctgatTAAGCTTAGAGACCAAGCGCTTA
eLW044-fLW133-047,BGV88_gp1-119,CCAGAAGTTTCTACTGATACTTCTTTTGATTCTTGGTGGATTGAACAAATGAATTCTGGTAATGTTATTCCACATTATAGAACTGAAGGTGAATTTATGGAATTTACTAGAGCTACTTCTGCTAAGGTTGCTTCTGATATTTCTCAATCTTCTGTTATG,ACGTCAGTGTGGTCTCTAGGTccagaagtttctactgatacttcttttgattcttggtggattgaacaaatgaattctggtaatgttattccacattatagaactgaaggtgaatttatggaatttactagagctacttctgctaaggttgcttctgatatttctcaatcttctgttatgTAAGCTTAGAGACCAAGCGCTTA
eLW044-fLW133-048,KM671_gp1-220,CCAGAATCTTCTTCTGGTTTTACTGGTAAGTGGGGTGATTATGCTGAAGATGATGAATTTATGAAGATGATTTCTGCTCTTGATTCTCTTACTAAGCAAGCTTCTGAAGAAGCTTTTATTCCAGTTCAAGTTAAGCTTAGAGATGGTAGAACTGTTCAA,ACGTCAGTGTGGTCTCTAGGTccagaatcttcttctggttttactggtaagtggggtgattatgctgaagatgatgaatttatgaagatgatttctgctcttgattctcttactaagcaagcttctgaagaagcttttattccagttcaagttaagcttagagatggtagaactgttcaaTAAGCTTAGAGACCAAGCGCTTA
eLW044-fLW133-049,KM671_gp1-180,GAACTTGATATGGTTATTCAAGAAAATGAATCTCATATTCTTTTTCTTCAAGATATGATTAAGGAAACTCCAGAAATTATTCCAGATATGGCTTTGGAAGAACAAATTCAACATATGGAATATGCTAAGGCTATTCTTGAAAATGGTTGGATTTCTGGT,ACGTCAGTGTGGTCTCTAGGTgaacttgatatggttattcaagaaaatgaatctcatattctttttcttcaagatatgattaaggaaactccagaaattattccagatatggctttggaagaacaaattcaacatatggaatatgctaaggctattcttgaaaatggttggatttctggtTAAGCTTAGAGACCAAGCGCTTA
eLW044-fLW133-050,CCSV_gp2-085,AGATCTATTCCATCTAAGCCAGGTATGGGTCTTTCTACTGATGCTCAAGTTACTGAATTTATGTCTTCTCTTTCTCAACATGTTCAAGTTCCAGTTGAAGATCTTGTTTATGATTGGGAAAAGCATGTTCTTCCAACTGATTGTTCTGGTTTTGATTGG,ACGTCAGTGTGGTCTCTAGGTagatctattccatctaagccaggtatgggtctttctactgatgctcaagttactgaatttatgtcttctctttctcaacatgttcaagttccagttgaagatcttgtttatgattgggaaaagcatgttcttccaactgattgttctggttttgattggTAAGCTTAGAGACCAAGCGCTTA
eLW044-fLW133-051,LNYV_gp6-059,CTTGGTGATCTTTTTGGTATGGAAAATCTTTATAATGAAACTTATGATATTTTTAAGGATTCTTATTTTTATCTTGCTGATGGTTCTTATGTTCCATCTATGGATGCTCAAGGTAATTTTACTCCAGAACCACCATATTCTTTTACTGGTCATAAGGGT,ACGTCAGTGTGGTCTCTAGGTcttggtgatctttttggtatggaaaatctttataatgaaacttatgatatttttaaggattcttatttttatcttgctgatggttcttatgttccatctatggatgctcaaggtaattttactccagaaccaccatattcttttactggtcataagggtTAAGCTTAGAGACCAAGCGCTTA
eLW044-fLW133-052,PoLV_gp1-041,TCTCTTGATGAATTTGTTCATTATTTTGAACCATATGTTGTTAATGTTCCAACTAAGCATGTTAATTATGGTTTTGAATTTAATTATGTTATGGAAGATTTTAGATATGAACAAGGTGAAAATGATCTTGTTGATATGCTTGATAATTTTGATGGTTCT,ACGTCAGTGTGGTCTCTAGGTtctcttgatgaatttgttcattattttgaaccatatgttgttaatgttccaactaagcatgttaattatggttttgaatttaattatgttatggaagattttagatatgaacaaggtgaaaatgatcttgttgatatgcttgataattttgatggttctTAAGCTTAGAGACCAAGCGCTTA
eLW044-fLW133-053,PoLV_gp5-020,CCATCTGATTGGGCTGCTATGGGTTTTCAATGGAATGATAGATTTGCTGCTTTTGATTTTTTTGATTATGTTGAAAATGAAGCTGCTATTCAACCACTTGATGGTCTTATTAGAAGACCAACTAGATCTGAAAAGATTGCTCATAATACTCATAAGAGA,ACGTCAGTGTGGTCTCTAGGTccatctgattgggctgctatgggttttcaatggaatgatagatttgctgcttttgatttttttgattatgttgaaaatgaagctgctattcaaccacttgatggtcttattagaagaccaactagatctgaaaagattgctcataatactcataagagaTAAGCTTAGAGACCAAGCGCTTA
eLW044-fLW133-054,BSGFVp3-081,CAAATTACTGAAGAATGGGATGTTCTTATGCTTCAAGAAGAAGAAATTCCAGAACCATCTGAATATTATATTGGTGAACCAGGTTGGAGATCTCAAATGAAGGTTTCTAAGACTGAATTTCATTGTCAACATGAATGGAAGTTTGATAAGGAAGATTCT,ACGTCAGTGTGGTCTCTAGGTcaaattactgaagaatgggatgttcttatgcttcaagaagaagaaattccagaaccatctgaatattatattggtgaaccaggttggagatctcaaatgaaggtttctaagactgaatttcattgtcaacatgaatggaagtttgataaggaagattctTAAGCTTAGAGACCAAGCGCTTA
eLW044-fLW133-055,LMVgp1-003,AGATATCTTGCTGCTCAAAGAATTGGTTTTTATTATGATTGGGATGATGATGTTTATGAATGTCCAACTTGTGAAGCTATTTATCATTCTCTTGATGAAATTAAGAATTGGCATGAATGTGATCCACCAGCTTTTGATCTTAATGATTTTATTACTGAT,ACGTCAGTGTGGTCTCTAGGTagatatcttgctgctcaaagaattggtttttattatgattgggatgatgatgtttatgaatgtccaacttgtgaagctatttatcattctcttgatgaaattaagaattggcatgaatgtgatccaccagcttttgatcttaatgattttattactgatTAAGCTTAGAGACCAAGCGCTTA
eLW044-fLW133-056,MWMV_gp1-265,GCTCTTAATAAGGCTGGTTATAATACTACTGAACTTCAAGAAAATTGTGTTTTTTATATTAATGGTGATGATCTTTGTATTGCTGTTCATCCAGAACATGAACCAATGCTTGATACTTTTCAAAAGTCTTTTAATGAACTTGGTCTTAATTATGATTTT,ACGTCAGTGTGGTCTCTAGGTgctcttaataaggctggttataatactactgaacttcaagaaaattgtgttttttatattaatggtgatgatctttgtattgctgttcatccagaacatgaaccaatgcttgatacttttcaaaagtcttttaatgaacttggtcttaattatgattttTAAGCTTAGAGACCAAGCGCTTA
eLW044-fLW133-057,BSV_gp3-121,TTTTATAAGATGGTTACTCAAGCTCAAGCTCCACCAATGGTTCATGATATTTCTTATCTTGAAGAACTTGAACTTGAACTTCCAATTTATTATGATATTTGTGCTACTAATCCATCTGGTGGTGAAATTAATTCTGATCTTATTCCACCATCTGAAATT,ACGTCAGTGTGGTCTCTAGGTttttataagatggttactcaagctcaagctccaccaatggttcatgatatttcttatcttgaagaacttgaacttgaacttccaatttattatgatatttgtgctactaatccatctggtggtgaaattaattctgatcttattccaccatctgaaattTAAGCTTAGAGACCAAGCGCTTA
eLW044-fLW133-058,FK852_gp02-020,CAAGATGCTTTTATTAAGTCTTTTGATGAAGCTCTTTATGAAGAATTTGGTTTTGGTTTTGATCCAGAACTTCTTTCTGTTTGGATGGAAGGTGAATATAGATCTGAAAGAAATACTATGGATGGTCAAGTTGGTTTTACTGTTGATTGTCAAAGAAAG,ACGTCAGTGTGGTCTCTAGGTcaagatgcttttattaagtcttttgatgaagctctttatgaagaatttggttttggttttgatccagaacttctttctgtttggatggaaggtgaatatagatctgaaagaaatactatggatggtcaagttggttttactgttgattgtcaaagaaagTAAGCTTAGAGACCAAGCGCTTA
eLW044-fLW133-059,FK852_gp02-021,GCTCTTTATGAAGAATTTGGTTTTGGTTTTGATCCAGAACTTCTTTCTGTTTGGATGGAAGGTGAATATAGATCTGAAAGAAATACTATGGATGGTCAAGTTGGTTTTACTGTTGATTGTCAAAGAAAGTCTGGTGCTTCTAATACTTGGATTGGTAAT,ACGTCAGTGTGGTCTCTAGGTgctctttatgaagaatttggttttggttttgatccagaacttctttctgtttggatggaaggtgaatatagatctgaaagaaatactatggatggtcaagttggttttactgttgattgtcaaagaaagtctggtgcttctaatacttggattggtaatTAAGCTTAGAGACCAAGCGCTTA
eLW044-fLW133-060,C419_gp2-085,CAAGTTCTTGATTTTGTTCATAATCTTGCTGAAAATACTGAATATAGAGAATCTGTTGAAGATTTTATTAAGCATTGGCATAGAACTGTTGTTCCAACTGATTGTTCTGGTTTTGATTGGTCTGTTTCTTCTTGGATGCTTGAAGATGATATGGAAGTT,ACGTCAGTGTGGTCTCTAGGTcaagttcttgattttgttcataatcttgctgaaaatactgaatatagagaatctgttgaagattttattaagcattggcatagaactgttgttccaactgattgttctggttttgattggtctgtttcttcttggatgcttgaagatgatatggaagttTAAGCTTAGAGACCAAGCGCTTA
eLW044-fLW133-061,SPVC_gp1-010,GAATGTGATGAATTTCTTGAAGGTCATAAGTGTGAAGAATGTGGTACTACTTTTAGAAAGACTGATGATAATCTTGCTGATAATATGAATGTTGTTGCTAGAAAGCTTGGTGGTTATGATGCTTATTATGCTTCTACTTGGTCTGAATTTGAACAAGCT,ACGTCAGTGTGGTCTCTAGGTgaatgtgatgaatttcttgaaggtcataagtgtgaagaatgtggtactacttttagaaagactgatgataatcttgctgataatatgaatgttgttgctagaaagcttggtggttatgatgcttattatgcttctacttggtctgaatttgaacaagctTAAGCTTAGAGACCAAGCGCTTA
eLW044-fLW133-062,D1Q93_gp5-009,CAACAAGCTCTTCCAAATACTGCTAGACATAATCAGGATTCTAATACTATTCAACCACAACCAGCTGAATCTCCAGGTACTTCTCAAGTTTTTTCTAATTTTCAAAATCTTGATGGTCTTACTCCATCTGATTGGGATTTTCTTGAATCTCTTCAAAAT,ACGTCAGTGTGGTCTCTAGGTcaacaagctcttccaaatactgctagacataatcaggattctaatactattcaaccacaaccagctgaatctccaggtacttctcaagttttttctaattttcaaaatcttgatggtcttactccatctgattgggattttcttgaatctcttcaaaatTAAGCTTAGAGACCAAGCGCTTA
eLW044-fLW133-063,BBV81_gp3-161,CCAGTTAAGCATTGGACTTCTAGAACTTCTAGAAATCCAGGTAGAGTTTTTGTTGCTTGTGCTGAACAAAAGTGTCATGCTTGGTGGTGGGATGATCTTATTGAAAATTATCTTGAAGAAATTTGGTCTATGGAAGATGAAGAAGTTGGTAAGACTCCA,ACGTCAGTGTGGTCTCTAGGTccagttaagcattggacttctagaacttctagaaatccaggtagagtttttgttgcttgtgctgaacaaaagtgtcatgcttggtggtgggatgatcttattgaaaattatcttgaagaaatttggtctatggaagatgaagaagttggtaagactccaTAAGCTTAGAGACCAAGCGCTTA
eLW044-fLW133-064,AXI62_gp1-015,TATGAAGATGGTCATATTGGTATTGATATGGATCAATTTTGGAAGGAATCTTATCCAGAAGATGGTGGTGATAGATGTTGGCCAGGTGGTGGTGATGATCTTTCTTATCCAGATTATATTAGACTTACTGCTACTACTCCATCTACTGGTGATTGGGCT,ACGTCAGTGTGGTCTCTAGGTtatgaagatggtcatattggtattgatatggatcaattttggaaggaatcttatccagaagatggtggtgatagatgttggccaggtggtggtgatgatctttcttatccagattatattagacttactgctactactccatctactggtgattgggctTAAGCTTAGAGACCAAGCGCTTA
eLW044-fLW133-065,PRSVgp1-139,ATTAATTCTTCTAATACTAATGTTTATCATCAATCTCTTGATGATATTAGAGATTTTTATGAAGATAAGCAACTTACTATTGATTTTGATATTACTGGTGAAAATCAAATTAATAGAGGTCCAATTGATGTTACTTTTGAAAAGTGGTGGGATAATCAA,ACGTCAGTGTGGTCTCTAGGTattaattcttctaatactaatgtttatcatcaatctcttgatgatattagagatttttatgaagataagcaacttactattgattttgatattactggtgaaaatcaaattaatagaggtccaattgatgttacttttgaaaagtggtgggataatcaaTAAGCTTAGAGACCAAGCGCTTA
eLW044-fLW133-066,TriMVgp1-226,GCTGCTGCTATTAGAAATAAGGTTTCTAATGGTTCTATTTTTACTCCAGTTACTCCACAACTTCTTGATTCTCTTCAATCTTCTGAAGGTCATCTTTTTGATTGGTATTTTAATGATGATCTTATTTCTTGGAAGGGTGTTCCAACTAATATGGATCCA,ACGTCAGTGTGGTCTCTAGGTgctgctgctattagaaataaggtttctaatggttctatttttactccagttactccacaacttcttgattctcttcaatcttctgaaggtcatctttttgattggtattttaatgatgatcttatttcttggaagggtgttccaactaatatggatccaTAAGCTTAGAGACCAAGCGCTTA
eLW044-fLW133-067,TriMVgp1-227,GGTTCTATTTTTACTCCAGTTACTCCACAACTTCTTGATTCTCTTCAATCTTCTGAAGGTCATCTTTTTGATTGGTATTTTAATGATGATCTTATTTCTTGGAAGGGTGTTCCAACTAATATGGATCCAAGGAATTTTCCAGTTTCTGAAACTATTTCT,ACGTCAGTGTGGTCTCTAGGTggttctatttttactccagttactccacaacttcttgattctcttcaatcttctgaaggtcatctttttgattggtattttaatgatgatcttatttcttggaagggtgttccaactaatatggatccaaggaattttccagtttctgaaactatttctTAAGCTTAGAGACCAAGCGCTTA
eLW044-fLW133-068,TriMVgp1-229,CATCTTTTTGATTGGTATTTTAATGATGATCTTATTTCTTGGAAGGGTGTTCCAACTAATATGGATCCAAGGAATTTTCCAGTTTCTGAAACTATTTCTGAATTTATTTTTCATAATGATTCTAAGGGTCATGGTACTGATAAGTATTATGGTGAAAAT,ACGTCAGTGTGGTCTCTAGGTcatctttttgattggtattttaatgatgatcttatttcttggaagggtgttccaactaatatggatccaaggaattttccagtttctgaaactatttctgaatttatttttcataatgattctaagggtcatggtactgataagtattatggtgaaaatTAAGCTTAGAGACCAAGCGCTTA
eLW044-fLW133-069,D607_gp1-188,CTTGGTCAAAAGTCTCATGCTTTTACTACTTTTTATGATTTTGATATTAATGCTTTTGATATTGTTAAGTTTGTTGATCCAAATTCTGGTGTTATGATTGAAAGAAATACTTATGGTCTTGATATGGAAGAACTTGTTAGAGATTTTGAAGAAGCTAAT,ACGTCAGTGTGGTCTCTAGGTcttggtcaaaagtctcatgcttttactactttttatgattttgatattaatgcttttgatattgttaagtttgttgatccaaattctggtgttatgattgaaagaaatacttatggtcttgatatggaagaacttgttagagattttgaagaagctaatTAAGCTTAGAGACCAAGCGCTTA
eLW044-fLW133-070,EXL25_gp1-029,CCAAGAGATCTTAAGCCAAAGCTTGTTGATCTTACTGATCATAGATGTGGTGCTTGTGGTAGACCATTTCAAGAACAAATGCATGATCCATGGGCTGAAATTTTTGATATTTTTGATGAATCTATTAATCCAAATGTTGGTGCTCAAACTGAAATGATG,ACGTCAGTGTGGTCTCTAGGTccaagagatcttaagccaaagcttgttgatcttactgatcatagatgtggtgcttgtggtagaccatttcaagaacaaatgcatgatccatgggctgaaatttttgatatttttgatgaatctattaatccaaatgttggtgctcaaactgaaatgatgTAAGCTTAGAGACCAAGCGCTTA
eLW044-fLW133-071,EXL25_gp1-030,CTTACTGATCATAGATGTGGTGCTTGTGGTAGACCATTTCAAGAACAAATGCATGATCCATGGGCTGAAATTTTTGATATTTTTGATGAATCTATTAATCCAAATGTTGGTGCTCAAACTGAAATGATGAAGCTTATGGGTAGACTTGATATGTCTGAA,ACGTCAGTGTGGTCTCTAGGTcttactgatcatagatgtggtgcttgtggtagaccatttcaagaacaaatgcatgatccatgggctgaaatttttgatatttttgatgaatctattaatccaaatgttggtgctcaaactgaaatgatgaagcttatgggtagacttgatatgtctgaaTAAGCTTAGAGACCAAGCGCTTA
eLW044-fLW133-072,EXL25_gp1-405,TTTGATACTGTTGAAGGTAAGGTTAAGCTTCATGTTATGGCTCCAAATCCAACTTCTGAATTTATTGATCTTAATCTTGATTATTATATGGGTACTCATAAGTATCAAGATAATATTGAAGGTCTTATGGAATCTGTTATTCAAATGGATGATGCTGGT,ACGTCAGTGTGGTCTCTAGGTtttgatactgttgaaggtaaggttaagcttcatgttatggctccaaatccaacttctgaatttattgatcttaatcttgattattatatgggtactcataagtatcaagataatattgaaggtcttatggaatctgttattcaaatggatgatgctggtTAAGCTTAGAGACCAAGCGCTTA
eLW044-fLW133-073,EXL25_gp1-182,CATCAAGAAACTGAAATTGTTAGAATTAATAGATCTCATCATTTTCATACTGATGTTTCTATTGAATATCTTATTCCAGAAGAAAATCTTCTTGTTGAACATTTTGATCTTATGAATAATCTTGGTCTTGATGAACAACTTATTACTCATGAAAGAAGA,ACGTCAGTGTGGTCTCTAGGTcatcaagaaactgaaattgttagaattaatagatctcatcattttcatactgatgtttctattgaatatcttattccagaagaaaatcttcttgttgaacattttgatcttatgaataatcttggtcttgatgaacaacttattactcatgaaagaagaTAAGCTTAGAGACCAAGCGCTTA
eLW044-fLW133-074,SYSV_gp1-095,ATTGAACTTTCTGAAGATTTTGAAGGTTGTGATTCTTATAATTATGAACTTTGGGATTTTAAGCATGATATTGCTAGAGGTACTCAAATTTCTGAAGCTGGTTGTTGTTCTGAAACTATTATTTCTGATCATTCTGAATGTTGGTATAATATTAATGAT,ACGTCAGTGTGGTCTCTAGGTattgaactttctgaagattttgaaggttgtgattcttataattatgaactttgggattttaagcatgatattgctagaggtactcaaatttctgaagctggttgttgttctgaaactattatttctgatcattctgaatgttggtataatattaatgatTAAGCTTAGAGACCAAGCGCTTA
eLW044-fLW133-075,SYSV_gp1-093,CAAGCTCCAATTCATGTTACTTGTACTTATGGTGATCAAAAGTTTGAAATGAGATCTAATATTGAACTTTCTGAAGATTTTGAAGGTTGTGATTCTTATAATTATGAACTTTGGGATTTTAAGCATGATATTGCTAGAGGTACTCAAATTTCTGAAGCT,ACGTCAGTGTGGTCTCTAGGTcaagctccaattcatgttacttgtacttatggtgatcaaaagtttgaaatgagatctaatattgaactttctgaagattttgaaggttgtgattcttataattatgaactttgggattttaagcatgatattgctagaggtactcaaatttctgaagctTAAGCTTAGAGACCAAGCGCTTA
eLW044-fLW133-076,BGV87_gp1-063,TCTAATTGTGATTTTTGTGATGAATCTAAGCAAAGAGAAATTGATCATGTTGAAGAATTTAAGACTATTCCAATTAATCCAATTGAAGGTGATTTTCATCCAACTGTTATTGAAGCTATGAAGGAATCTTGGTGGAGATCTGATGTTGAAGATTGGCCA,ACGTCAGTGTGGTCTCTAGGTtctaattgtgatttttgtgatgaatctaagcaaagagaaattgatcatgttgaagaatttaagactattccaattaatccaattgaaggtgattttcatccaactgttattgaagctatgaaggaatcttggtggagatctgatgttgaagattggccaTAAGCTTAGAGACCAAGCGCTTA
eLW044-fLW133-077,BGV87_gp1-045,CCAAATCAAGATCTTACTATTGATGATTATTCTGAAGATCAATTTAATTGGATTATGGATGGTTTTAAGCCAAAGGTTATGTTTGATTCTGATGTTGTTCCAGGTACTTCTGGTATGGTTTATAAGAATAAGAGAAATGATGGTAGAAAGTATACTATT,ACGTCAGTGTGGTCTCTAGGTccaaatcaagatcttactattgatgattattctgaagatcaatttaattggattatggatggttttaagccaaaggttatgtttgattctgatgttgttccaggtacttctggtatggtttataagaataagagaaatgatggtagaaagtatactattTAAGCTTAGAGACCAAGCGCTTA
eLW044-fLW133-078,KM660_gp1-221,AATTCTGAAAATTATTATGCTGCTTTTGATGCTGATTTTGAAGAAGAATATCTTAGAACTAATGATCATGAAAAGTGGGTTAAGGATTGGAAGTATAATCCAGATACTGTTCTTTGGGGTTCTCTTAAGCTTACTAATAATACTCCAACTGGTATGTTT,ACGTCAGTGTGGTCTCTAGGTaattctgaaaattattatgctgcttttgatgctgattttgaagaagaatatcttagaactaatgatcatgaaaagtgggttaaggattggaagtataatccagatactgttctttggggttctcttaagcttactaataatactccaactggtatgtttTAAGCTTAGAGACCAAGCGCTTA
eLW044-fLW133-079,RgMVgp1-214,TGGATTACTACTAAGTATGGTAATTGTGGTCTTCCAATGGTTTCTGTTGATACTATGGATATTATTGGTCTTCATTCTCTTGGTGCTCAAAATTCTAATGAAAATTATTTTGCTGCTCTTACTGATGATTTTTCTAAGCAATTTTTTGAACCAGAAACT,ACGTCAGTGTGGTCTCTAGGTtggattactactaagtatggtaattgtggtcttccaatggtttctgttgatactatggatattattggtcttcattctcttggtgctcaaaattctaatgaaaattattttgctgctcttactgatgatttttctaagcaattttttgaaccagaaactTAAGCTTAGAGACCAAGCGCTTA
eLW044-fLW133-080,RgMVgp1-216,ATTATTGGTCTTCATTCTCTTGGTGCTCAAAATTCTAATGAAAATTATTTTGCTGCTCTTACTGATGATTTTTCTAAGCAATTTTTTGAACCAGAAACTGATGTTCCATGGCAAAGAAAGTGGTCTTATAATGCTGATAAGGTTAATTATGGTACTATG,ACGTCAGTGTGGTCTCTAGGTattattggtcttcattctcttggtgctcaaaattctaatgaaaattattttgctgctcttactgatgatttttctaagcaattttttgaaccagaaactgatgttccatggcaaagaaagtggtcttataatgctgataaggttaattatggtactatgTAAGCTTAGAGACCAAGCGCTTA
eLW044-fLW133-081,RgMVgp1-215,CTTCCAATGGTTTCTGTTGATACTATGGATATTATTGGTCTTCATTCTCTTGGTGCTCAAAATTCTAATGAAAATTATTTTGCTGCTCTTACTGATGATTTTTCTAAGCAATTTTTTGAACCAGAAACTGATGTTCCATGGCAAAGAAAGTGGTCTTAT,ACGTCAGTGTGGTCTCTAGGTcttccaatggtttctgttgatactatggatattattggtcttcattctcttggtgctcaaaattctaatgaaaattattttgctgctcttactgatgatttttctaagcaattttttgaaccagaaactgatgttccatggcaaagaaagtggtcttatTAAGCTTAGAGACCAAGCGCTTA
eLW044-fLW133-082,CABYVgp2-054,TCTCATGAAGAAACTGAAGTTGCTCAAACTAGACAAGAAAAGTTTGAAGAACTTGCTACTGATTTTTCTTCTTTTTTTGATGCTCAATATACTTGGGAACAAGGTGGTGAAGAAGCTCCAGGTTTTGATAAGGTTGGTTCTCTTCCACAATTTTATCAT,ACGTCAGTGTGGTCTCTAGGTtctcatgaagaaactgaagttgctcaaactagacaagaaaagtttgaagaacttgctactgatttttcttctttttttgatgctcaatatacttgggaacaaggtggtgaagaagctccaggttttgataaggttggttctcttccacaattttatcatTAAGCTTAGAGACCAAGCGCTTA
eLW044-fLW133-083,CABYVgp2-055,AGACAAGAAAAGTTTGAAGAACTTGCTACTGATTTTTCTTCTTTTTTTGATGCTCAATATACTTGGGAACAAGGTGGTGAAGAAGCTCCAGGTTTTGATAAGGTTGGTTCTCTTCCACAATTTTATCATGCTAAGCAAAAGAAGTCTTCTAATTGGGGT,ACGTCAGTGTGGTCTCTAGGTagacaagaaaagtttgaagaacttgctactgatttttcttctttttttgatgctcaatatacttgggaacaaggtggtgaagaagctccaggttttgataaggttggttctcttccacaattttatcatgctaagcaaaagaagtcttctaattggggtTAAGCTTAGAGACCAAGCGCTTA
eLW044-fLW133-084,KM718_gp3-038,TATCAACCACAAATGTATTTTAATCCAGATTTTCTTGAAGATTATGATGGTGAATATCCAAGATGTCTTGAAATTCCAGAAAGATATGGTGATTCTATTTGGGATACTCTTGGTCCAGATGGTAGATTTCTTGTTAGATATGATCCACCACCAGAAACT,ACGTCAGTGTGGTCTCTAGGTtatcaaccacaaatgtattttaatccagattttcttgaagattatgatggtgaatatccaagatgtcttgaaattccagaaagatatggtgattctatttgggatactcttggtccagatggtagatttcttgttagatatgatccaccaccagaaactTAAGCTTAGAGACCAAGCGCTTA
eLW044-fLW133-085,X950_gp2-004,AAGCAAAAGTATAGAATTCCATATGGTCATCAAGGTATTATTCCACCATTTGATTTTAATAATCTTGAAGAAGGTATTAGAGATCTTCTTGATCTTATGTATCAAGAATCTCCACCACAAGAATTTAAGCATGAAGATATGGTTGAAGCTATTGATATT,ACGTCAGTGTGGTCTCTAGGTaagcaaaagtatagaattccatatggtcatcaaggtattattccaccatttgattttaataatcttgaagaaggtattagagatcttcttgatcttatgtatcaagaatctccaccacaagaatttaagcatgaagatatggttgaagctattgatattTAAGCTTAGAGACCAAGCGCTTA
eLW044-fLW133-086,X950_gp2-003,CTTTTTTCTACTAAGACTCCATTTCTTCATAAGCAAAAGTATAGAATTCCATATGGTCATCAAGGTATTATTCCACCATTTGATTTTAATAATCTTGAAGAAGGTATTAGAGATCTTCTTGATCTTATGTATCAAGAATCTCCACCACAAGAATTTAAG,ACGTCAGTGTGGTCTCTAGGTcttttttctactaagactccatttcttcataagcaaaagtatagaattccatatggtcatcaaggtattattccaccatttgattttaataatcttgaagaaggtattagagatcttcttgatcttatgtatcaagaatctccaccacaagaatttaagTAAGCTTAGAGACCAAGCGCTTA
eLW044-fLW133-087,RCVMV_gp1-066,TATTCTTATAATGGTGGTTCTCATGCTTCTCAAGGTTGGCCAGTTGAACTTGATGATCTTCTTCTTGTTCATGGTGAAAATCCAGTTGCTTTTGATTCTGTTCTTGTTCAAAGATATAATCAAGGTGGTGGTATTGGTTTTCATTCTGATAATGAATCT,ACGTCAGTGTGGTCTCTAGGTtattcttataatggtggttctcatgcttctcaaggttggccagttgaacttgatgatcttcttcttgttcatggtgaaaatccagttgcttttgattctgttcttgttcaaagatataatcaaggtggtggtattggttttcattctgataatgaatctTAAGCTTAGAGACCAAGCGCTTA
eLW044-fLW133-088,RCVMV_gp1-067,CAAGGTTGGCCAGTTGAACTTGATGATCTTCTTCTTGTTCATGGTGAAAATCCAGTTGCTTTTGATTCTGTTCTTGTTCAAAGATATAATCAAGGTGGTGGTATTGGTTTTCATTCTGATAATGAATCTATTTTTCAAGAAGGTGGTTCTATTTGTACT,ACGTCAGTGTGGTCTCTAGGTcaaggttggccagttgaacttgatgatcttcttcttgttcatggtgaaaatccagttgcttttgattctgttcttgttcaaagatataatcaaggtggtggtattggttttcattctgataatgaatctatttttcaagaaggtggttctatttgtactTAAGCTTAGAGACCAAGCGCTTA
eLW044-fLW133-089,UrSV_gp3-022,CCACATCCACAAACTGAACCAGAACTTCATTGTAAGGAAACTATTGATGATTGGCTTAAGCCAAATATTTTTCAAGTTCATCCAGATGCTTATATGCTTATTAATAATTGTACTAGAGAACAAGCTGAATCTGATCTTGTTTGGCTTGATGATGTTACT,ACGTCAGTGTGGTCTCTAGGTccacatccacaaactgaaccagaacttcattgtaaggaaactattgatgattggcttaagccaaatatttttcaagttcatccagatgcttatatgcttattaataattgtactagagaacaagctgaatctgatcttgtttggcttgatgatgttactTAAGCTTAGAGACCAAGCGCTTA
eLW044-fLW133-090,EXL28_gp1-291,AAGCTTCATCTTCCAAGAGTTAGAGGTCAAAATGTTGTTAATCTTGATCATCTTCTTGTTTATGATCCAGAACAAGTTGATATTTCTAATGCTAGAGCTACTCAAGGTCAATTTGATACTTGGTATGATGGTATTAAGTCTGAATATGAACTTAATGAT,ACGTCAGTGTGGTCTCTAGGTaagcttcatcttccaagagttagaggtcaaaatgttgttaatcttgatcatcttcttgtttatgatccagaacaagttgatatttctaatgctagagctactcaaggtcaatttgatacttggtatgatggtattaagtctgaatatgaacttaatgatTAAGCTTAGAGACCAAGCGCTTA
eLW044-fLW133-091,EXL68_gp1-004,TTTGCTCAAACTAATGAATCTGCTGATGTTCTTGAAAATCTTGGTATTATGACTAATCCACTTGCTGTTCTTCCACATACTCATGCTGCTGATAAGGCTCTTGAAAATGATATGTATGATGTTGTTTCTAATTATTTTGATAGATCTGAACCAATTACT,ACGTCAGTGTGGTCTCTAGGTtttgctcaaactaatgaatctgctgatgttcttgaaaatcttggtattatgactaatccacttgctgttcttccacatactcatgctgctgataaggctcttgaaaatgatatgtatgatgttgtttctaattattttgatagatctgaaccaattactTAAGCTTAGAGACCAAGCGCTTA
eLW044-fLW133-092,SrMVgp1-021,GGTAAGCATCAAGGTAAGATTATTAATTCTATTGAAGAAGTTAATTTTATTAATGAAATTGATCATTTTTCTGATCCACAAGCTAATGATTTTTGGAGAGGTTATACTGATGCTTATGTTGCTAATAGAGCTATTTCTACTACTCATACTGAACATACT,ACGTCAGTGTGGTCTCTAGGTggtaagcatcaaggtaagattattaattctattgaagaagttaattttattaatgaaattgatcatttttctgatccacaagctaatgatttttggagaggttatactgatgcttatgttgctaatagagctatttctactactcatactgaacatactTAAGCTTAGAGACCAAGCGCTTA
eLW044-fLW133-093,SrMVgp1-022,ATTGAAGAAGTTAATTTTATTAATGAAATTGATCATTTTTCTGATCCACAAGCTAATGATTTTTGGAGAGGTTATACTGATGCTTATGTTGCTAATAGAGCTATTTCTACTACTCATACTGAACATACTCCAACTATTAATCTTGAAAAGTGTGGTAAG,ACGTCAGTGTGGTCTCTAGGTattgaagaagttaattttattaatgaaattgatcatttttctgatccacaagctaatgatttttggagaggttatactgatgcttatgttgctaatagagctatttctactactcatactgaacatactccaactattaatcttgaaaagtgtggtaagTAAGCTTAGAGACCAAGCGCTTA
eLW044-fLW133-094,ONMVp1-185,GATACTGTTGAATTTAAGGATATTACTGCTAATTTTTCTGTTCATCAAGATGCTCAATCTATGGATCTTCAAAAGGCTTTTTCTGAAATGGTTGATAATAGATGGAATGATGAAGATTTTTGGGATGATAAGCAACCAAAGCAAATTATGGCTTATTTT,ACGTCAGTGTGGTCTCTAGGTgatactgttgaatttaaggatattactgctaatttttctgttcatcaagatgctcaatctatggatcttcaaaaggctttttctgaaatggttgataatagatggaatgatgaagatttttgggatgataagcaaccaaagcaaattatggcttattttTAAGCTTAGAGACCAAGCGCTTA
eLW044-fLW133-095,X991_gp5-022,GGTGATTCTAGAACTGGTAAGACTATGTGGGCTTCTAATGAAGCTTGGTATAATGTTATTGATGATGTTGATCCACATTATCTTAAGCATTTTTCTAATGAAGCTTGGTATAATGTTATTGATGATGTTGATCCACATTATCTTAAGCATTTTAAGGAA,ACGTCAGTGTGGTCTCTAGGTggtgattctagaactggtaagactatgtgggcttctaatgaagcttggtataatgttattgatgatgttgatccacattatcttaagcatttttctaatgaagcttggtataatgttattgatgatgttgatccacattatcttaagcattttaaggaaTAAGCTTAGAGACCAAGCGCTTA
eLW044-fLW133-096,X991_gp5-021,GCTAATAGACCAATTTCTATTGTTATTGAAGGTGATTCTAGAACTGGTAAGACTATGTGGGCTTCTAATGAAGCTTGGTATAATGTTATTGATGATGTTGATCCACATTATCTTAAGCATTTTTCTAATGAAGCTTGGTATAATGTTATTGATGATGTT,ACGTCAGTGTGGTCTCTAGGTgctaatagaccaatttctattgttattgaaggtgattctagaactggtaagactatgtgggcttctaatgaagcttggtataatgttattgatgatgttgatccacattatcttaagcatttttctaatgaagcttggtataatgttattgatgatgttTAAGCTTAGAGACCAAGCGCTTA
eLW044-fLW133-097,X991_gp5-009,TTTCAAGGTGCTAAGTCTTCTTCTGATGTTAAGTCTTATATTGAAAAGGATTCTGATTATATTTCTAATGAAGCTTGGTATAATGTTATTGATGATGTTGATCCACATTATCTTAAGCATCTTACTAATCATGCTGAAGCTCTTAATGCTGGTTCTGCT,ACGTCAGTGTGGTCTCTAGGTtttcaaggtgctaagtcttcttctgatgttaagtcttatattgaaaaggattctgattatatttctaatgaagcttggtataatgttattgatgatgttgatccacattatcttaagcatcttactaatcatgctgaagctcttaatgctggttctgctTAAGCTTAGAGACCAAGCGCTTA
eLW044-fLW133-098,SD14_gp01-201,GCTCCATTTACTTGTTGGGATTCTAGAGATCTTATGGCTGATCAAGTTCATGAACAAAGAGATTCTTCTGGTACTGCTTCTTCTTTGTGTCTTCCATGGGTTGATGAAGAAATGGAAATTATGACTCAAAGAGTTAGAGTTGATGAAAAGACTATTACT,ACGTCAGTGTGGTCTCTAGGTgctccatttacttgttgggattctagagatcttatggctgatcaagttcatgaacaaagagattcttctggtactgcttcttctttgtgtcttccatgggttgatgaagaaatggaaattatgactcaaagagttagagttgatgaaaagactattactTAAGCTTAGAGACCAAGCGCTTA
eLW044-fLW133-099,RuFDV_gp6-029,TCTTCTTCTGATGAACAACTTGTTAGAAAGTGGCATACTAATTCTTATAATATTATTCAAGAAATGTCTGATGAAACTAGAGCTGCTTATTTTGAACTTGAAGAAGATATGAAGAAGATTATGATGACTGATGATGTTCCAGTTGCTCTTTCTAATTCT,ACGTCAGTGTGGTCTCTAGGTtcttcttctgatgaacaacttgttagaaagtggcatactaattcttataatattattcaagaaatgtctgatgaaactagagctgcttattttgaacttgaagaagatatgaagaagattatgatgactgatgatgttccagttgctctttctaattctTAAGCTTAGAGACCAAGCGCTTA
eLW044-fLW133-100,PTVgp1-116,AAGGATTTTGAAACTAGAGATTTTGTTGTTGATTTTGAACTTAATGATGATATTTCTCCACATATTAATGCTACTGATGTTCAATTTGGTGAATGGTGGGATCAACAAGTTGCTGCTGGTGCTACTATTCCACATTATAGAACTGAAGGTCAATTTCTT,ACGTCAGTGTGGTCTCTAGGTaaggattttgaaactagagattttgttgttgattttgaacttaatgatgatatttctccacatattaatgctactgatgttcaatttggtgaatggtgggatcaacaagttgctgctggtgctactattccacattatagaactgaaggtcaatttcttTAAGCTTAGAGACCAAGCGCTTA
eLW044-fLW133-101,PenMV_gp1-271,GCTAAGGAAGGTCAAGCTCCATATATTGCTGAATCTGCTCTTCAAAATCTTTATACTGGTAATGGTGTTAATGAAAATGAAATTGAAAAGTATTTTCAACAATTTAAGACTGATCTTCATGGTTATGTTGAAGATTATAATGAAGATGTTTATCATCAA,ACGTCAGTGTGGTCTCTAGGTgctaaggaaggtcaagctccatatattgctgaatctgctcttcaaaatctttatactggtaatggtgttaatgaaaatgaaattgaaaagtattttcaacaatttaagactgatcttcatggttatgttgaagattataatgaagatgtttatcatcaaTAAGCTTAGAGACCAAGCGCTTA
eLW044-fLW133-102,KM735_gp4-019,TGTCATGAAGAACTTACTCAATGGCTTAATACTGATCTTTATGTTGTTTCTGTTGATGCTTATACTCTTATTCATCCAGATATTGATAATCATACTGCTACTGAAAATCTTAATTGGATGGATGATTATACTAGAAATCAAAATGTTTATAATACTGAT,ACGTCAGTGTGGTCTCTAGGTtgtcatgaagaacttactcaatggcttaatactgatctttatgttgtttctgttgatgcttatactcttattcatccagatattgataatcatactgctactgaaaatcttaattggatggatgattatactagaaatcaaaatgtttataatactgatTAAGCTTAGAGACCAAGCGCTTA
eLW044-fLW133-103,A6774_gp2-004,CCAGCTGTTGGTTGTTCTCTTTCTCAAGGTGAAACTTCTTCTTCTGCTGATCTTCCACAATTTTGTGCTGATTTTGGTTATATGCCACCAGATCTTGATTGGTCTTATGTTAAGACTGTTCAAGGTGTTAGGGAACAACCACAATATCCATCTAATCAT,ACGTCAGTGTGGTCTCTAGGTccagctgttggttgttctctttctcaaggtgaaacttcttcttctgctgatcttccacaattttgtgctgattttggttatatgccaccagatcttgattggtcttatgttaagactgttcaaggtgttagggaacaaccacaatatccatctaatcatTAAGCTTAGAGACCAAGCGCTTA
eLW044-fLW133-104,C1177_gp5-021,TGTGTTGTTCATAGAGATTTTATTCTTCTTGATGTTCCACAACTTACTCAAAATGATCTTGATTTTTATGATTCTATGGCTCAAGAATCTATTGAACAAATTCTTGAAAATCCAGATAATTTTACTAATATTAGACCACATATTTATAATGATTCTGGT,ACGTCAGTGTGGTCTCTAGGTtgtgttgttcatagagattttattcttcttgatgttccacaacttactcaaaatgatcttgatttttatgattctatggctcaagaatctattgaacaaattcttgaaaatccagataattttactaatattagaccacatatttataatgattctggtTAAGCTTAGAGACCAAGCGCTTA
eLW044-fLW133-105,KM659_gp2-038,GGTTGTGCTGAAGATAATGTTAATCTTATGGCTGCTATTCCATCTCTTGATGGTATTACTGCTTCTAGATATGTTTTTGAAACTACTGCTCCAAAGGGTAAGATTTTTGATCAAGATCTTTGGGAAGAACTTCTTGAAGAATTTTCTATGCAAGAAGCT,ACGTCAGTGTGGTCTCTAGGTggttgtgctgaagataatgttaatcttatggctgctattccatctcttgatggtattactgcttctagatatgtttttgaaactactgctccaaagggtaagatttttgatcaagatctttgggaagaacttcttgaagaattttctatgcaagaagctTAAGCTTAGAGACCAAGCGCTTA
eLW044-fLW133-106,NDegV_gp1-003,GATCTTACTTGGGATGAAGAAGAAGAAATGTTTATTTGTAATAAGTGTGGTAATCAATATAGATCTCTTCATGATTTTGAAGAAAATCATTCTTGTGATTCTAATGAAGAAGGTGAATATGGTACTTTTACTCTTGAAGATTTTATTCAACATAGAATT,ACGTCAGTGTGGTCTCTAGGTgatcttacttgggatgaagaagaagaaatgtttatttgtaataagtgtggtaatcaatatagatctcttcatgattttgaagaaaatcattcttgtgattctaatgaagaaggtgaatatggtacttttactcttgaagattttattcaacatagaattTAAGCTTAGAGACCAAGCGCTTA
eLW044-fLW133-107,PI36_gp2-091,GTTTCTGGTGCTATTGATCCTTCTTCTAAGCTTGATTCTAAGATTTCTGAAGATGAAGTTGTTCAAAATTGGCCAAGATATATTGTTCCAACTGATTGTTCTGGTTTTGATTGGTCTGTTTCTGCTTGGATGCTTGAAGATGATATGGAAGTTAGAAAT,ACGTCAGTGTGGTCTCTAGGTgtttctggtgctattgatccttcttctaagcttgattctaagatttctgaagatgaagttgttcaaaattggccaagatatattgttccaactgattgttctggttttgattggtctgtttctgcttggatgcttgaagatgatatggaagttagaaatTAAGCTTAGAGACCAAGCGCTTA
eLW044-fLW133-108,PLRVgp2-084,CTTCAAAAGGTTTCTGGTGCTCCATCTGTTGAAGAACTTTGTGCTAATCATAAGGAATATACTAGACCAACTGATTGTTCTGGTTTTGATTGGTCTGTTGCTTATTGGATGCTTGAAGATGATATGGAAGTTAGAAATAGACTTACTTTTAATAATACT,ACGTCAGTGTGGTCTCTAGGTcttcaaaaggtttctggtgctccatctgttgaagaactttgtgctaatcataaggaatatactagaccaactgattgttctggttttgattggtctgttgcttattggatgcttgaagatgatatggaagttagaaatagacttacttttaataatactTAAGCTTAGAGACCAAGCGCTTA
eLW044-fLW133-109,TYLCVVSDB_gp1-005,TCTGGTATTATTCCACCATTTAATTTTAATGGTCTTGAAGAAGGTATTAAGAATCTTCTTGATGTTATGTATAAGGAATCTACTATTACTGAATTTAAGCAAGAAGATATGATTGAAACTATTGATATTATGATGATGCATGATGCTCCAGTTGATGAT,ACGTCAGTGTGGTCTCTAGGTtctggtattattccaccatttaattttaatggtcttgaagaaggtattaagaatcttcttgatgttatgtataaggaatctactattactgaatttaagcaagaagatatgattgaaactattgatattatgatgatgcatgatgctccagttgatgatTAAGCTTAGAGACCAAGCGCTTA
eLW044-fLW133-110,BiMV_gp1-116,TCTACTGTTAGACATCAATCTCTTGATGATATTATTGGTGATTTTGATGAAAGAAATGGTATGATTGATTTTGATCTTAATGATAATATTCATAATGTTTCTTCTCAAACTGATGAAACTTTTGGTAGATGGTGGGTTCATCAAACTGAAAGAGGTCAT,ACGTCAGTGTGGTCTCTAGGTtctactgttagacatcaatctcttgatgatattattggtgattttgatgaaagaaatggtatgattgattttgatcttaatgataatattcataatgtttcttctcaaactgatgaaacttttggtagatggtgggttcatcaaactgaaagaggtcatTAAGCTTAGAGACCAAGCGCTTA
eLW044-fLW133-111,BiMV_gp1-218,AAGCATTGGATTGATACTAATGATGGTCAATGTGGTCTTCCAATTGCTTCTACTCATGATGGTTCTATTCTTGGTCTTCATTCTCTTGCTAATAATAATACTTCTGAAAATTATTTTGTTGCTTTTGATGATGAATTTGAAGAAAAGCATCTTAGAACT,ACGTCAGTGTGGTCTCTAGGTaagcattggattgatactaatgatggtcaatgtggtcttccaattgcttctactcatgatggttctattcttggtcttcattctcttgctaataataatacttctgaaaattattttgttgcttttgatgatgaatttgaagaaaagcatcttagaactTAAGCTTAGAGACCAAGCGCTTA
eLW044-fLW133-112,D1U05_gp1-167,CCAGGTGAAATTTCTGGTCTTCAAGCTAATTATCAATGGGATCTTGAATTTGATGATTCTAGATATACTATTGGTAATATGAATGAAACTGCTTCTGCTTGGGGTTTTATTAAAAATCATCATCAAGTTGAACCATGTTCTGAATCTCTTAATCTTTCT,ACGTCAGTGTGGTCTCTAGGTccaggtgaaatttctggtcttcaagctaattatcaatgggatcttgaatttgatgattctagatatactattggtaatatgaatgaaactgcttctgcttggggttttattaaaaatcatcatcaagttgaaccatgttctgaatctcttaatctttctTAAGCTTAGAGACCAAGCGCTTA
eLW044-fLW133-113,VG85_gp1-140,ACTTTTATTGGTAAGGTTGGTAAGGATCAAGGTCTTGTTGAAGAAAAGCTTCAAGGTGATCCATGGCTTAAGGGTGAACTTTTTCTTGGTCAAACTGAAGATGCTGAAGTTATTCAAATTAATGAATTTATGGAACAAGATCAATGGTTTAAGACTCAT,ACGTCAGTGTGGTCTCTAGGTacttttattggtaaggttggtaaggatcaaggtcttgttgaagaaaagcttcaaggtgatccatggcttaagggtgaactttttcttggtcaaactgaagatgctgaagttattcaaattaatgaatttatggaacaagatcaatggtttaagactcatTAAGCTTAGAGACCAAGCGCTTA
eLW044-fLW133-114,VG84_gp1-117,GATGATATTTGTAATATTCAAGAAGATAAGCTTATGACTATTGATTTTAATCTTGATACTGATGATCCAGTTATGGAAGAACTTGAAGGTGTTTCTTTTAGAAAGTGGTGGGATAATCAACTTAATAGAGGTAATACTATGCCACATTATAGAACTGAA,ACGTCAGTGTGGTCTCTAGGTgatgatatttgtaatattcaagaagataagcttatgactattgattttaatcttgatactgatgatccagttatggaagaacttgaaggtgtttcttttagaaagtggtgggataatcaacttaatagaggtaatactatgccacattatagaactgaaTAAGCTTAGAGACCAAGCGCTTA
eLW044-fLW133-115,RYMVgp5-073,CCAGAACAAATTAGACTTGTTTGGGATGATGTGTTTCAAAAGCATCAAGCTCATCCAGCTGCTGAAGCTGATATTTCTGGTTTTGATTGGTCTGTTCAAGATTGGGAACTTTGGTCTGATCTTGCTATTAGAATTAATAGAGGTAATTTTCAAGGTAAT,ACGTCAGTGTGGTCTCTAGGTccagaacaaattagacttgtttgggatgatgtgtttcaaaagcatcaagctcatccagctgctgaagctgatatttctggttttgattggtctgttcaagattgggaactttggtctgatcttgctattagaattaatagaggtaattttcaaggtaatTAAGCTTAGAGACCAAGCGCTTA
eLW044-fLW133-116,SuCMV_gp1-005,TTTTGGAGAGTTGAAGAAATTGATAATGAACATTGTTGTGAAGATTATCTTGAACAAGTTGATTTTAATTATAGAGAAGAACAACAAAATATTCAAGATTTTATTAGAAAGGCTCAAGCTGCTGTTGTTGAAGCTACTTCTGAAACTAATGTTGAACAA,ACGTCAGTGTGGTCTCTAGGTttttggagagttgaagaaattgataatgaacattgttgtgaagattatcttgaacaagttgattttaattatagagaagaacaacaaaatattcaagattttattagaaaggctcaagctgctgttgttgaagctacttctgaaactaatgttgaacaaTAAGCTTAGAGACCAAGCGCTTA
eLW044-fLW133-117,GBNVsLgp1-043,GAAGTTGAAATTGAATCTATTGAAAGAGCTTTTAATATTAATGCTGAAGAATATCAAAAGGAATATCCAGGTTGTTTTACTAATGATCTTCAAGAAACTAAGACTAATTTTTCTATTTGTTGGTCACCAATGACTGAAGAACTTGAAATGAATGAAAGA,ACGTCAGTGTGGTCTCTAGGTgaagttgaaattgaatctattgaaagagcttttaatattaatgctgaagaatatcaaaaggaatatccaggttgttttactaatgatcttcaagaaactaagactaatttttctatttgttggtcaccaatgactgaagaacttgaaatgaatgaaagaTAAGCTTAGAGACCAAGCGCTTA
eLW044-fLW133-118,GBNVsLgp1-044,TTTAATATTAATGCTGAAGAATATCAAAAGGAATATCCAGGTTGTTTTACTAATGATCTTCAAGAAACTAAGACTAATTTTTCTATTTGTTGGTCACCAATGACTGAAGAACTTGAAATGAATGAAAGAAATTATAATAATGCTATTATTCAATCTTTT,ACGTCAGTGTGGTCTCTAGGTtttaatattaatgctgaagaatatcaaaaggaatatccaggttgttttactaatgatcttcaagaaactaagactaatttttctatttgttggtcaccaatgactgaagaacttgaaatgaatgaaagaaattataataatgctattattcaatcttttTAAGCTTAGAGACCAAGCGCTTA
eLW044-fLW133-119,BKK69_gp1-193,ATGTATGGTTTTAATCCAGATGATTTTTCTGCTGTTAGATTTGTTGATCCACTTACTGGTTGTACTCTTGATGAATCTGTTTATACTTCTATTAGAGATGTTCAAGATCATTTTGGTCAAATTAGAGAAGAAGCTATTAATGAAGATCTTCTTGATAGA,ACGTCAGTGTGGTCTCTAGGTatgtatggttttaatccagatgatttttctgctgttagatttgttgatccacttactggttgtactcttgatgaatctgtttatacttctattagagatgttcaagatcattttggtcaaattagagaagaagctattaatgaagatcttcttgatagaTAAGCTTAGAGACCAAGCGCTTA
eLW044-fLW133-120,KLCV-India_gp5-009,CATGGTCATCATCAAGATCAAGATCCAATTCAACTTCAACCATCTGAATCTTGTGGTTCTGCTCAAATGTTTTCTGATCTTCCAAATTTGGATGATCTTACTCCATCTGATTGGTCTTTTCTTAAGGGTATTCAAAATCCATCTCCACAAGTTTCTCAT,ACGTCAGTGTGGTCTCTAGGTcatggtcatcatcaagatcaagatccaattcaacttcaaccatctgaatcttgtggttctgctcaaatgttttctgatcttccaaatttggatgatcttactccatctgattggtcttttcttaagggtattcaaaatccatctccacaagtttctcatTAAGCTTAGAGACCAAGCGCTTA
eLW044-fLW133-121,CaMVgp2-022,TATGTTGTTGGTTATGCTCTTACTAATTCTCATCATTCTATTGATTATCAATCTAATGCTACTATTGAACTTGAAGATGTTTTTCAAGAAATTGGTAATGTTCAACAATCTGAATTTTGTACTATTCAAAATGATGAATGTAATTGGGCTATTGATATT,ACGTCAGTGTGGTCTCTAGGTtatgttgttggttatgctcttactaattctcatcattctattgattatcaatctaatgctactattgaacttgaagatgtttttcaagaaattggtaatgttcaacaatctgaattttgtactattcaaaatgatgaatgtaattgggctattgatattTAAGCTTAGAGACCAAGCGCTTA
eLW044-fLW133-122,TRoVgp1-009,TGTGGTTGTGCTTATGAATATCATTCTGAAACTGAATCTGAAGCTTGTCTTTGTCCAGGTTATGCTATTGAAGGTATTTGTGATTGTGATTGGTATGAAGATAGACCAGAAACTTCTGATTCTTCTGAACTTTTTACTCAATGGGAAAGACTTGAACTT,ACGTCAGTGTGGTCTCTAGGTtgtggttgtgcttatgaatatcattctgaaactgaatctgaagcttgtctttgtccaggttatgctattgaaggtatttgtgattgtgattggtatgaagatagaccagaaacttctgattcttctgaactttttactcaatgggaaagacttgaacttTAAGCTTAGAGACCAAGCGCTTA
eLW044-fLW133-123,TRoVgp5-088,AGAATTAGAGCTAAGCATAATGGTGAAAGAAAGCAAGAAGCTCATAAGGAACCAGAAGCTGAAAATCCACAAGAAGAATTTCCAATTTGGGAAGATCAATTTTCTGGTTATACTCTTATGGGTCCATCTTTTGATTGGGATAGAAATGCTGGTTGGTCT,ACGTCAGTGTGGTCTCTAGGTagaattagagctaagcataatggtgaaagaaagcaagaagctcataaggaaccagaagctgaaaatccacaagaagaatttccaatttgggaagatcaattttctggttatactcttatgggtccatcttttgattgggatagaaatgctggttggtctTAAGCTTAGAGACCAAGCGCTTA
eLW044-fLW133-124,TRoVgp5-087,CTTGTTGGTAGAATTAGAGCTAAGCATAATGGTGAAAGAAAGCAAGAAGCTCATAAGGAACCAGAAGCTGAAAATCCACAAGAAGAATTTCCAATTTGGGAAGATCAATTTTCTGGTTATACTCTTATGGGTCCATCTTTTGATTGGGATAGAAATGCT,ACGTCAGTGTGGTCTCTAGGTcttgttggtagaattagagctaagcataatggtgaaagaaagcaagaagctcataaggaaccagaagctgaaaatccacaagaagaatttccaatttgggaagatcaattttctggttatactcttatgggtccatcttttgattgggatagaaatgctTAAGCTTAGAGACCAAGCGCTTA
eLW044-fLW133-125,LNRSV_gp1-074,GATGATGAAGCTATTTTTGAAACTGGTGAATCTATTTATACTGTTAATGTTGAAGGTGAAGCTGATTTTGGTTTTAAGTGTAATGGTGAAACTTGGTTTCATCTTCAAAAGGCTCAAGGTTTTGAAATGCCAAAGGGTTGGCAAGAAACTCATAAGCAT,ACGTCAGTGTGGTCTCTAGGTgatgatgaagctatttttgaaactggtgaatctatttatactgttaatgttgaaggtgaagctgattttggttttaagtgtaatggtgaaacttggtttcatcttcaaaaggctcaaggttttgaaatgccaaagggttggcaagaaactcataagcatTAAGCTTAGAGACCAAGCGCTTA
eLW044-fLW133-126,B920_gp01-065,GATCAACAAGCTGCTATGGATTGTTCTAATGAAACTTTTGCTGCTTGGATTAATGAACAAGTTCTTCTTGGTAATGATAATACTAGACCACTTGCTTATGGTAGAGATGATTCTGTTTTTTATGTTACTAGAGATAATGCTATTGATGTTGGTCAAGAT,ACGTCAGTGTGGTCTCTAGGTgatcaacaagctgctatggattgttctaatgaaacttttgctgcttggattaatgaacaagttcttcttggtaatgataatactagaccacttgcttatggtagagatgattctgttttttatgttactagagataatgctattgatgttggtcaagatTAAGCTTAGAGACCAAGCGCTTA
eLW044-fLW133-127,SMYEVgp2-005,TGGACTACTCTTCCAGAAGAAAAGGCTTCTTTTAATTGTCTTCATCTTAGACATCTTGATGGTCCAGCTTTTCCAGGTGCTTTTGTTGATGAATATCAACTTGCTGATACTGATCTTTCTGAAGCTGCTTTTCTTTTTGGTGATCCACTTCAATATCCA,ACGTCAGTGTGGTCTCTAGGTtggactactcttccagaagaaaaggcttcttttaattgtcttcatcttagacatcttgatggtccagcttttccaggtgcttttgttgatgaatatcaacttgctgatactgatctttctgaagctgcttttctttttggtgatccacttcaatatccaTAAGCTTAGAGACCAAGCGCTTA
eLW044-fLW133-128,PVX_gp1-042,GTTGAAACTTGGGATTTTAGATTTCATCCACTTCAAGCTTGGAAGGCTTTTAGACCAAGAGAAGTTTCTGATGTTGAAGAAATGGAATCTCTTTTTTCTGATGGTGATCTTCTTGATTGTTTTACTAGAATGCCAGCTTATGCTGTTAATGCTGAAGAA,ACGTCAGTGTGGTCTCTAGGTgttgaaacttgggattttagatttcatccacttcaagcttggaaggcttttagaccaagagaagtttctgatgttgaagaaatggaatctcttttttctgatggtgatcttcttgattgttttactagaatgccagcttatgctgttaatgctgaagaaTAAGCTTAGAGACCAAGCGCTTA
eLW044-fLW133-129,EXK43_gp1-090,AATTTTGATTCTTCTGATTCTCTTAATTTTAAGTGGAGAGGTAGAGAATCTGCTTTTTTTTCTAAGGTTGATGCTGATTATGGTCATAATGGTATGATTTATCCACATAATGGTTGGGTTGATGATTTTGATAAGATTGTTCAAATTTGTGATCCATCT,ACGTCAGTGTGGTCTCTAGGTaattttgattcttctgattctcttaattttaagtggagaggtagagaatctgcttttttttctaaggttgatgctgattatggtcataatggtatgatttatccacataatggttgggttgatgattttgataagattgttcaaatttgtgatccatctTAAGCTTAGAGACCAAGCGCTTA
eLW044-fLW133-130,EXK43_gp1-063,AAGTCTAATTATGATTTTCTTATTGAATCTGGTGGTCTTTCTAAGACTTGTTTTGATTGTTTTTTTGAAGCTCAACTTGAAGCTGATCCATTTCTTGAAGAATATGCTGATTGTTTTTCTTCTAATCCATGTTCTCATTTTTTTAATTGTGATATTGAT,ACGTCAGTGTGGTCTCTAGGTaagtctaattatgattttcttattgaatctggtggtctttctaagacttgttttgattgtttttttgaagctcaacttgaagctgatccatttcttgaagaatatgctgattgtttttcttctaatccatgttctcatttttttaattgtgatattgatTAAGCTTAGAGACCAAGCGCTTA
eLW044-fLW133-131,B390_gp1-170,CTTCATGAAGTTCTTCCAAAGAAGTATTATATTCATTCTGGTAAGGGTCTTGATGAACTTAATAATTGGGTTATTGAAGGTCAATTTGAAGGTTGTTGTACTGAATCTGATTATGAAGCTTTTGATGCTTCTCAAGATCAATATATTATGGCTTTTGAA,ACGTCAGTGTGGTCTCTAGGTcttcatgaagttcttccaaagaagtattatattcattctggtaagggtcttgatgaacttaataattgggttattgaaggtcaatttgaaggttgttgtactgaatctgattatgaagcttttgatgcttctcaagatcaatatattatggcttttgaaTAAGCTTAGAGACCAAGCGCTTA
eLW044-fLW133-132,PYFVgp1-148,CTTGATGATGTTCTTGATTTTATGTCTGAACCACAAGCTGATAGATGTTATTCTAAGACTCCAAATGAAGAATATTGGTCTGGTTATATTGGTCAAACTGCTGTTAAGTGTGATGATCTTGGTCAAGATCTTTCTAAGGGTTTTTCTCCAACTTATAAT,ACGTCAGTGTGGTCTCTAGGTcttgatgatgttcttgattttatgtctgaaccacaagctgatagatgttattctaagactccaaatgaagaatattggtctggttatattggtcaaactgctgttaagtgtgatgatcttggtcaagatctttctaagggtttttctccaacttataatTAAGCTTAGAGACCAAGCGCTTA
eLW044-fLW133-133,PVBV_gp3-014,CTTGATGATGGTAATTTTCTTGCTTCTCTTTGGGAACCAGAAGATTGGGCTTGTCCATGTTCTCCAATTGCTGAATCTCCAGCTCAAATGGGTCCAATTTCTGCTAGAACTATTCAAGGTCCACCAAAGAGGCCAACTACTAGAGAATCTGCTCAAGAA,ACGTCAGTGTGGTCTCTAGGTcttgatgatggtaattttcttgcttctctttgggaaccagaagattgggcttgtccatgttctccaattgctgaatctccagctcaaatgggtccaatttctgctagaactattcaaggtccaccaaagaggccaactactagagaatctgctcaagaaTAAGCTTAGAGACCAAGCGCTTA
eLW044-fLW133-134,HdRSV_gp5-013,AATGCTCCACCAGCTTCTTGGGAAGCTTGGAATTTTCCAGAAAATGAAAAGTTTGCTGGTTTTGATTTTTTTGATGGTGTTCTTAATACTGCTTCTCTTAAGCCACCACAAGGTCTTGTTAGAAAGCCAACTGAAGCTGAAAGAGTTGCTAATGCTACT,ACGTCAGTGTGGTCTCTAGGTaatgctccaccagcttcttgggaagcttggaattttccagaaaatgaaaagtttgctggttttgatttttttgatggtgttcttaatactgcttctcttaagccaccacaaggtcttgttagaaagccaactgaagctgaaagagttgctaatgctactTAAGCTTAGAGACCAAGCGCTTA
eLW044-fLW133-135,TeMV_gp1-239,AAGGTTATGATGATGGAAACTGATTTTCATGAATGTGTTTTTGTTACTGATCCAGATGAAATTTATGATTCTCTTAATATGAAGGCTGCTGTTGGTGCTCAATATAAGGGTAAGAAGTCTGAATATTTTTTTGGTATGGATGAATTTGATAAGGAAAGA,ACGTCAGTGTGGTCTCTAGGTaaggttatgatgatggaaactgattttcatgaatgtgtttttgttactgatccagatgaaatttatgattctcttaatatgaaggctgctgttggtgctcaatataagggtaagaagtctgaatatttttttggtatggatgaatttgataaggaaagaTAAGCTTAGAGACCAAGCGCTTA
eLW044-fLW133-136,ZMMV_gp1-224,GATGGTGATTGTGGTCTTCCAATGGTTGCTACTTCTGATGGTTGTATTACTGGTATTCATGGTCTTGCTTCTAATCAAACTGAAAAGAATTTTTTTGTTCCATTTAATGATACTATTGAAAAGGATCTTCTTATTTCTGCTGATGAACTTGAATGGAAT,ACGTCAGTGTGGTCTCTAGGTgatggtgattgtggtcttccaatggttgctacttctgatggttgtattactggtattcatggtcttgcttctaatcaaactgaaaagaatttttttgttccatttaatgatactattgaaaaggatcttcttatttctgctgatgaacttgaatggaatTAAGCTTAGAGACCAAGCGCTTA
eLW044-fLW133-137,FK890_gp1-003,CCATCTGAAAGACATGATGATATGTGTAAGTATTATGCTAATGGTGATGATCTTATTATTGCTATTCATCCAGATTATAAGGATCTTCTTGATAATTTTTCTGATCATTTTTCTACTCTTGGTCTTAAGTATAATTTTGATTCTAGACATACTGATAAG,ACGTCAGTGTGGTCTCTAGGTccatctgaaagacatgatgatatgtgtaagtattatgctaatggtgatgatcttattattgctattcatccagattataaggatcttcttgataatttttctgatcatttttctactcttggtcttaagtataattttgattctagacatactgataagTAAGCTTAGAGACCAAGCGCTTA
eLW044-fLW133-138,KM741_gp1-221,AATTGTAATAATACTGCTAATTATATGGCTACTTTTCCAGATGATTTTGAATCTGAAATTCTTAATCAAGATACTGATAATTGGGTTAAGCATTGGAGATATAATCCAGATGAAGTTCTTTGGGGTACTCTTCATCTTCATAATGCTCAACCAAAGGAA,ACGTCAGTGTGGTCTCTAGGTaattgtaataatactgctaattatatggctacttttccagatgattttgaatctgaaattcttaatcaagatactgataattgggttaagcattggagatataatccagatgaagttctttggggtactcttcatcttcataatgctcaaccaaaggaaTAAGCTTAGAGACCAAGCGCTTA
eLW044-fLW133-139,KM720_gp1-002,AGATCTGAAATGGAAAGATTTGCTGATCCAGATTGGGCTCTTCTTATGTGTCAAGGTAGAATGACTACTGCTCATGCTGATAATATTCAAAGATGGTATGAAGGTGAACTTTCTACTGATGTTTTTATTCCAGAAGTTGCTCCAAAGAATGGTGAAGGT,ACGTCAGTGTGGTCTCTAGGTagatctgaaatggaaagatttgctgatccagattgggctcttcttatgtgtcaaggtagaatgactactgctcatgctgataatattcaaagatggtatgaaggtgaactttctactgatgtttttattccagaagttgctccaaagaatggtgaaggtTAAGCTTAGAGACCAAGCGCTTA
eLW044-fLW133-140,D1R80_gp1-214,ACTGGTGATACTACTTGTCAACATATTGATTCTAGATTTAAGTTTGTTTGTAATGGTGATGATAATAAGTATTCTGTTTCTCAAGATTTTCATGCTACTTTTGGTGGTGATTTTTCTAAGGAAATTGCTGAACTTGGTCTTACTTATGAATTTGATGAT,ACGTCAGTGTGGTCTCTAGGTactggtgatactacttgtcaacatattgattctagatttaagtttgtttgtaatggtgatgataataagtattctgtttctcaagattttcatgctacttttggtggtgatttttctaaggaaattgctgaacttggtcttacttatgaatttgatgatTAAGCTTAGAGACCAAGCGCTTA
eLW044-fLW133-141,EXJ02_gp1-005,GATATGTGTTATGGTTATATGGATGATGTTGAAGAATTTGAATGGGAACTTCAAACTCAACTTGATAATGCTGAAACTCAAATGCTTCTTGCTGAAAAGCATCTTCAAGCTATGCTTAAGGCTCCAAAGATTACTGGTTGGCCAACTCCAACTAGACCA,ACGTCAGTGTGGTCTCTAGGTgatatgtgttatggttatatggatgatgttgaagaatttgaatgggaacttcaaactcaacttgataatgctgaaactcaaatgcttcttgctgaaaagcatcttcaagctatgcttaaggctccaaagattactggttggccaactccaactagaccaTAAGCTTAGAGACCAAGCGCTTA
eLW044-fLW133-142,CBSV_gp1-227,CTTGATAGAAAGAGAGTTGAAGGTCTTTATCTTGATGAACATACTGATATTAATGAAGAATGGCTTTCTGGTATTCTTCCACCATCTTTTGAAAATTGTTATATTGATCTTCAAGTTGTTGATAGACCACAATCTTCTAATATGACTAAGAGAGAAGAA,ACGTCAGTGTGGTCTCTAGGTcttgatagaaagagagttgaaggtctttatcttgatgaacatactgatattaatgaagaatggctttctggtattcttccaccatcttttgaaaattgttatattgatcttcaagttgttgatagaccacaatcttctaatatgactaagagagaagaaTAAGCTTAGAGACCAAGCGCTTA
eLW044-fLW133-143,KM740_gp5-015,GAAGAACAACCACAACATTATGTTCTTATGTTTCATAATATTAATTCTAATCTTGATAAGATTTTTGCTCCACCACCAAAGCCATTTGAAAATATTTTTTCTCATTTTAAGATTACTGATGATATGGAACAATGGCTTGGTGAAACTTTTGAATTTGAT,ACGTCAGTGTGGTCTCTAGGTgaagaacaaccacaacattatgttcttatgtttcataatattaattctaatcttgataagatttttgctccaccaccaaagccatttgaaaatattttttctcattttaagattactgatgatatggaacaatggcttggtgaaacttttgaatttgatTAAGCTTAGAGACCAAGCGCTTA
eLW044-fLW133-144,CD922_gp1-005,GATATGGTTTATGGTTTTATGGATGATGTTGAAGAATTTGAATGGGAAGCTCAAATTGATTATCATGATGCTCATCTTCAACTTGCTCTTGCTCAACAAAAGCTTGAATCTATGCAAAATGCTAAGGGTCCACTTCCAGAATGGCCACAACCAATGAGA,ACGTCAGTGTGGTCTCTAGGTgatatggtttatggttttatggatgatgttgaagaatttgaatgggaagctcaaattgattatcatgatgctcatcttcaacttgctcttgctcaacaaaagcttgaatctatgcaaaatgctaagggtccacttccagaatggccacaaccaatgagaTAAGCTTAGAGACCAAGCGCTTA
eLW044-fLW133-145,AVT81_gp1-348,GCTCAATCTCATAATGATAAGAATGCTTATGCTAGAATGTGTGATAAGACTCATAAGCTTCTTTGTGATACTACTGCTAATAATGCTGGTCTTATGGAAGATTATATTGAATCTACTACTCTTGAATGGCTTACTGAAGAAGCTAGACAAGCTAATAGA,ACGTCAGTGTGGTCTCTAGGTgctcaatctcataatgataagaatgcttatgctagaatgtgtgataagactcataagcttctttgtgatactactgctaataatgctggtcttatggaagattatattgaatctactactcttgaatggcttactgaagaagctagacaagctaatagaTAAGCTTAGAGACCAAGCGCTTA
eLW044-fLW133-146,AVT81_gp1-413,ATTACTAATATTCCATCTACTCAAAATAGAACTTCTACTCATGAAGGTAAGACTGCTATTATTCCATGGATGGATTATCCAATGTATGTTGATACTTCTATTGCTGATACTCCAGCTCTTGAACTTGTTCCAGCTCAAATTATGGATATGTGGGATACT,ACGTCAGTGTGGTCTCTAGGTattactaatattccatctactcaaaatagaacttctactcatgaaggtaagactgctattattccatggatggattatccaatgtatgttgatacttctattgctgatactccagctcttgaacttgttccagctcaaattatggatatgtgggatactTAAGCTTAGAGACCAAGCGCTTA
eLW044-fLW133-147,EXL60_gp1-275,AAGAATCCATATACTAATACTTCTCATACTTATTCTATTTCTGGTATTACTTCTGCTGCTGATAATTTTAAGTCTAAGCCATGTTCTGCTCCAATTGAAATTATTAATTATTGGCTTGATGATGTTCTTCCAGGTTGTGGTTTTGGTGATAATGGTGAT,ACGTCAGTGTGGTCTCTAGGTaagaatccatatactaatacttctcatacttattctatttctggtattacttctgctgctgataattttaagtctaagccatgttctgctccaattgaaattattaattattggcttgatgatgttcttccaggttgtggttttggtgataatggtgatTAAGCTTAGAGACCAAGCGCTTA
eLW044-fLW133-148,SplcGvgp4-010,TGTCCATATCAACAACATAAGCATAAGGAAGGTCATCAAGTTGCTGCTTCTTCTCAACCACAAGAACAAGAAGGTAATTGGATTCCAGAAGATATTCCACCAATTCCAAATTCTGATAATCCAGCTGATTGGTGTTATTCTCAACTTGATTGGTATTTT,ACGTCAGTGTGGTCTCTAGGTtgtccatatcaacaacataagcataaggaaggtcatcaagttgctgcttcttctcaaccacaagaacaagaaggtaattggattccagaagatattccaccaattccaaattctgataatccagctgattggtgttattctcaacttgattggtattttTAAGCTTAGAGACCAAGCGCTTA
eLW044-fLW133-149,TYVgp2-080,ACTGATGAACAAGTTCTTGATTTTGTTGAATCTCTTGCTAGACAAGTTGGTACTACTACTACTGAAGTTGTTGCTAATTGGAAGAATTATCTTACTCCAACTGATTGTTCTGGTTTTGATTGGTCTGTTGCTGATTGGATGCTTCATGATGATATGATT,ACGTCAGTGTGGTCTCTAGGTactgatgaacaagttcttgattttgttgaatctcttgctagacaagttggtactactactactgaagttgttgctaattggaagaattatcttactccaactgattgttctggttttgattggtctgttgctgattggatgcttcatgatgatatgattTAAGCTTAGAGACCAAGCGCTTA
eLW044-fLW133-150,D1T82_gp4-009,CATTATCCAGATATTATGGGTTATGAAAGACATGGTAATGGTTATACTGGTGGTGATGATGGTCTTTGGCTTATTCTTGCTGATGCTGATGCTTCTGGTCTTGGTTCTATGACTGTTGATTTTCCAGGTAGATGGGATGGTCTTGCTATTAAGGGTACT,ACGTCAGTGTGGTCTCTAGGTcattatccagatattatgggttatgaaagacatggtaatggttatactggtggtgatgatggtctttggcttattcttgctgatgctgatgcttctggtcttggttctatgactgttgattttccaggtagatgggatggtcttgctattaagggtactTAAGCTTAGAGACCAAGCGCTTA
eLW044-fLW133-151,EXJ17_gp1-003,AAGACTGCTGGTCTTCTTCATTCTGAAGAAGAAGATGATGGTCTTTTTGATTATTATGTTGATGATGATGTTAGAGATATTCTTGGTTCTAAGGGTATTAATTTTTCTATTCATTCTTATAGAAATCATCCACATCCAGTTTCTAAGATGCTTGAAAAT,ACGTCAGTGTGGTCTCTAGGTaagactgctggtcttcttcattctgaagaagaagatgatggtctttttgattattatgttgatgatgatgttagagatattcttggttctaagggtattaatttttctattcattcttatagaaatcatccacatccagtttctaagatgcttgaaaatTAAGCTTAGAGACCAAGCGCTTA
eLW044-fLW133-152,KM756_gp1-303,CCAATGGTTAGAGGTAAGTCTGTTGTTAATCTTGATCATCTTCTTGTTTATACTCCAAAGCAAACTGATATGTATAATACTAGAGCTACTCAAGCTCAATTTGATTCTTGGTATGATGGTGTTAAGATGGATTATGGTATTGATGATAATCAAATGCAA,ACGTCAGTGTGGTCTCTAGGTccaatggttagaggtaagtctgttgttaatcttgatcatcttcttgtttatactccaaagcaaactgatatgtataatactagagctactcaagctcaatttgattcttggtatgatggtgttaagatggattatggtattgatgataatcaaatgcaaTAAGCTTAGAGACCAAGCGCTTA
eLW044-fLW133-153,FoMVgp5-011,GCTTATGCTAATAGAAGAGTTGCTAATCAACCACCAGCTAGATGGACTAATGAAAATGTTCCAAAGGCTAATAAGTGGGCTGCTTTTGATACTTTTGATGCTCTTCTTGATCCATATGTTGTTCCATCTTCTGTTCCATATGATGAACCAACTCCAGAA,ACGTCAGTGTGGTCTCTAGGTgcttatgctaatagaagagttgctaatcaaccaccagctagatggactaatgaaaatgttccaaaggctaataagtgggctgcttttgatacttttgatgctcttcttgatccatatgttgttccatcttctgttccatatgatgaaccaactccagaaTAAGCTTAGAGACCAAGCGCTTA
eLW044-fLW133-154,NI67_gp1-286,AAGACTGTTCTTAATCTTGAACACCTTATTCAATATAATCCAGAACAAACTGATCTTTCTAATACTAGATCTACTCATAATCAATTTAATAATTGGTATGATGGTGTTAAGAAGGATTATGAACTTAATGATGATCAAATGGAAATTATTCTTAATGGT,ACGTCAGTGTGGTCTCTAGGTaagactgttcttaatcttgaacaccttattcaatataatccagaacaaactgatctttctaatactagatctactcataatcaatttaataattggtatgatggtgttaagaaggattatgaacttaatgatgatcaaatggaaattattcttaatggtTAAGCTTAGAGACCAAGCGCTTA
eLW044-fLW133-155,M522_gp2-064,CCATCTTCTGAAGATAGAGAAAGAGTTATTAGAAAGACTGTTGAAGCTTATAAGACTTGTCAAACTCAATGTCCAAAGACTTCTCAATCTAATCTTCTTGTTTGGGAAGATTTTCTTGAAGATTTTAAGCAAGCTGTTTTTTCTCTTGAACCAGATGCT,ACGTCAGTGTGGTCTCTAGGTccatcttctgaagatagagaaagagttattagaaagactgttgaagcttataagacttgtcaaactcaatgtccaaagacttctcaatctaatcttcttgtttgggaagattttcttgaagattttaagcaagctgttttttctcttgaaccagatgctTAAGCTTAGAGACCAAGCGCTTA
eLW044-fLW133-156,M522_gp2-083,GTTAATACTACTGAACTTCTTGCTAATTGGCCAACTTATACTGTTCCAACTGATTGTTCTGGTTTTGATTGGTCTGTTGCTGATTGGATGCTTCAAGATGATATGGAAGTTAGAAATAGACTTACTAGAAATAATACTGATCTTACTAAGAGACTTAGA,ACGTCAGTGTGGTCTCTAGGTgttaatactactgaacttcttgctaattggccaacttatactgttccaactgattgttctggttttgattggtctgttgctgattggatgcttcaagatgatatggaagttagaaatagacttactagaaataatactgatcttactaagagacttagaTAAGCTTAGAGACCAAGCGCTTA
eLW044-fLW133-157,VVY_gp1-221,CCAGTTGTTTCTACTCTTGATGGTATGCTTGTTGGTATTCATTCTCTTGCTAATAATAATTCTTCTGAAAATTATTATGCTGCTTTTGATGAAAATTTTGAACAAGATCATCTTAGAACTCAAGAACATTCTGATTGGGTTAAGGATTGGAAGTATAAT,ACGTCAGTGTGGTCTCTAGGTccagttgtttctactcttgatggtatgcttgttggtattcattctcttgctaataataattcttctgaaaattattatgctgcttttgatgaaaattttgaacaagatcatcttagaactcaagaacattctgattgggttaaggattggaagtataatTAAGCTTAGAGACCAAGCGCTTA
eLW044-fLW133-158,HYVMVSDB_gp1-006,GAAGAACTTATTAGAGATACTCTTGAACTTATGTATGATGGTTCTGAATTTTCTAATTTTAAGCAAGAAGAAATGATTGATTCTATTGATATGGTTATGATGCATTCTCTTACTCATATGGGTGTTGATACTGTTGATAGATATGATGTTAGATCTTCT,ACGTCAGTGTGGTCTCTAGGTgaagaacttattagagatactcttgaacttatgtatgatggttctgaattttctaattttaagcaagaagaaatgattgattctattgatatggttatgatgcattctcttactcatatgggtgttgatactgttgatagatatgatgttagatcttctTAAGCTTAGAGACCAAGCGCTTA
eLW044-fLW133-159,CGU93_gp1-114,GAAAGACATCAACCAGGTAATATTTTTATTATGTGTGAAAAGACTCCAGATCAATTTAATGATTTTGTTATGAATAATTGGAATTTTGATAGACCATCTTATACTTCTGATTATTCTCAATATGATCAATCTCAAAATGGTCCATTTCTTAATTTTGAA,ACGTCAGTGTGGTCTCTAGGTgaaagacatcaaccaggtaatatttttattatgtgtgaaaagactccagatcaatttaatgattttgttatgaataattggaattttgatagaccatcttatacttctgattattctcaatatgatcaatctcaaaatggtccatttcttaattttgaaTAAGCTTAGAGACCAAGCGCTTA
eLW044-fLW133-160,CymMVgp5-013,CCACCAGCTAATTGGGCTAAGGCTGGTTTTCAAGAAGATACTAGATTTGCTGCTTTTGATTTTTTTGATGCTGTTGATTCTACTGCTGCTCTTGAACCAGCTGAATGGCAAAGAAGACCAACTGATAGAGAAAGAGCTGCTCATTCTATTGGTAAGTAT,ACGTCAGTGTGGTCTCTAGGTccaccagctaattgggctaaggctggttttcaagaagatactagatttgctgcttttgatttttttgatgctgttgattctactgctgctcttgaaccagctgaatggcaaagaagaccaactgatagagaaagagctgctcattctattggtaagtatTAAGCTTAGAGACCAAGCGCTTA
eLW044-fLW133-161,KM621_gp06-000,ATGGCTTCTAATCTTTCTTCTTCTCTTGCTGGTCAAGTTAGAAATCTTGCTATTACTGATGATGATGGTGTTAATGTTAATTGGAAGAATTCTGATTTTTCTCTTGAATGGGATATGAGAGCTTATACTGCTTCTATTAATCATCTTGGTGGTAGAGAA,ACGTCAGTGTGGTCTCTAGGTatggcttctaatctttcttcttctcttgctggtcaagttagaaatcttgctattactgatgatgatggtgttaatgttaattggaagaattctgatttttctcttgaatgggatatgagagcttatactgcttctattaatcatcttggtggtagagaaTAAGCTTAGAGACCAAGCGCTTA
eLW044-fLW133-162,EXL51_gp1-015,ACTATGAATCTTTATTGGATGCCAGGTGAAAATGGTCTTGATGATGCTTGGTGTGGTTGTTGTGGTGCTGATCTTAATTATATGATGGTTACTGAAGCTCCAACTCCAGGTGAAAAGTCTAATGATACTGGTGAACATATTAATAATGGTATGGGTGCT,ACGTCAGTGTGGTCTCTAGGTactatgaatctttattggatgccaggtgaaaatggtcttgatgatgcttggtgtggttgttgtggtgctgatcttaattatatgatggttactgaagctccaactccaggtgaaaagtctaatgatactggtgaacatattaataatggtatgggtgctTAAGCTTAGAGACCAAGCGCTTA
eLW044-fLW133-163,EXL51_gp1-016,AATGGTCTTGATGATGCTTGGTGTGGTTGTTGTGGTGCTGATCTTAATTATATGATGGTTACTGAAGCTCCAACTCCAGGTGAAAAGTCTAATGATACTGGTGAACATATTAATAATGGTATGGGTGCTGATCAACTTGAACAACTTCAACAACTTAAG,ACGTCAGTGTGGTCTCTAGGTaatggtcttgatgatgcttggtgtggttgttgtggtgctgatcttaattatatgatggttactgaagctccaactccaggtgaaaagtctaatgatactggtgaacatattaataatggtatgggtgctgatcaacttgaacaacttcaacaacttaagTAAGCTTAGAGACCAAGCGCTTA
eLW044-fLW133-164,EXL51_gp1-368,CTTACTCATCCAGTTCAATGTGGTACTGATGTTGAAAGAGCTCTTATTTCTTGGGCTGATGAAATTGATTGGGATTCTTCTTATGTTCCAGGTAATGTTTATACTGGTGTTACTCCATCTGAAGTTATTGATCTTTGGACTGTTCATGATATGTCTGGT,ACGTCAGTGTGGTCTCTAGGTcttactcatccagttcaatgtggtactgatgttgaaagagctcttatttcttgggctgatgaaattgattgggattcttcttatgttccaggtaatgtttatactggtgttactccatctgaagttattgatctttggactgttcatgatatgtctggtTAAGCTTAGAGACCAAGCGCTTA
eLW044-fLW133-165,AcLVgp1-148,TTTAGAAATGGTTTTACTGAAAGAACTGGTAAGGATGAAGGTGTTAGAGAAGATAAGATGGTTGGTGATCCATGGCTTAAGACTATGATTAATCTTTATCAAGGTGCTGAAATGCAAGATGAAGAAATTGCTGAAGCTATTATTCAAGAATCTTGGTTT,ACGTCAGTGTGGTCTCTAGGTtttagaaatggttttactgaaagaactggtaaggatgaaggtgttagagaagataagatggttggtgatccatggcttaagactatgattaatctttatcaaggtgctgaaatgcaagatgaagaaattgctgaagctattattcaagaatcttggtttTAAGCTTAGAGACCAAGCGCTTA
eLW044-fLW133-166,AcLVgp5-021,AATGCTCCACCATCTGATTGGGCTGCTATGGGTTTTCAATATGATGATAGATTTGCTGCTTTTGATTGTTTTGATTATGTTGAAAATAAGGCTGCTGTTCAACCACTTGAAGGTCTTATTAGAAGACCAACTCCAAGAGAAAAGGTTGCTCATAATACT,ACGTCAGTGTGGTCTCTAGGTaatgctccaccatctgattgggctgctatgggttttcaatatgatgatagatttgctgcttttgattgttttgattatgttgaaaataaggctgctgttcaaccacttgaaggtcttattagaagaccaactccaagagaaaaggttgctcataatactTAAGCTTAGAGACCAAGCGCTTA
eLW044-fLW133-167,LuMV_pp1-002,AGAAAGATTAGAGATGAAGATGGTGAATATAGATGTACTCTTTGTGGTCTTGGTTGTGATTCTATGACTATGGCTAAGCCAGTTAATCATAATTGTGATGGTATGACTGAAGATGAATATAATGCTGATTGTTTTGATGAAATTTATAATAATTCTAAG,ACGTCAGTGTGGTCTCTAGGTagaaagattagagatgaagatggtgaatatagatgtactctttgtggtcttggttgtgattctatgactatggctaagccagttaatcataattgtgatggtatgactgaagatgaatataatgctgattgttttgatgaaatttataataattctaagTAAGCTTAGAGACCAAGCGCTTA
eLW044-fLW133-168,CpCV_gp4-020,GTTTCTGTTGATGCTTATACTCTTATTCATCCAAATATTAATTATCAAACTGCTACTGAAGATTTGATTTGGATGGATCATTTTACTAGAAATCCAAATAATTCTAATACTGAAGGTACTCCATCTACTTCTGCTGATCAACTTGTTCCAGAAAGACCA,ACGTCAGTGTGGTCTCTAGGTgtttctgttgatgcttatactcttattcatccaaatattaattatcaaactgctactgaagatttgatttggatggatcattttactagaaatccaaataattctaatactgaaggtactccatctacttctgctgatcaacttgttccagaaagaccaTAAGCTTAGAGACCAAGCGCTTA
eLW044-fLW133-169,CpCV_gp4-019,CAAGAATGGCTTAATAGAGATCTTTATGTTGTTTCTGTTGATGCTTATACTCTTATTCATCCAAATATTAATTATCAAACTGCTACTGAAGATTTGATTTGGATGGATCATTTTACTAGAAATCCAAATAATTCTAATACTGAAGGTACTCCATCTACT,ACGTCAGTGTGGTCTCTAGGTcaagaatggcttaatagagatctttatgttgtttctgttgatgcttatactcttattcatccaaatattaattatcaaactgctactgaagatttgatttggatggatcattttactagaaatccaaataattctaatactgaaggtactccatctactTAAGCTTAGAGACCAAGCGCTTA
eLW044-fLW133-170,PlPVgp1-221,TCTATTCTTGGTCTTCATTCTCTTGCTAATTCTACTAATACTCAAAATTTTTATGCTGCTTTTCCAGATAATTTTGAAACTACTTATCTTTCTAATCAAGATAATGATAATTGGATTAAGCAATGGAGATATAATCCAGATGAAGTTTGTTGGGGTTCT,ACGTCAGTGTGGTCTCTAGGTtctattcttggtcttcattctcttgctaattctactaatactcaaaatttttatgctgcttttccagataattttgaaactacttatctttctaatcaagataatgataattggattaagcaatggagatataatccagatgaagtttgttggggttctTAAGCTTAGAGACCAAGCGCTTA
eLW044-fLW133-171,D1Q88_gp4-010,TGTCCATTTAAGCAACATAAGCATAAGGAAGATCATGAAGTTCCAGCTTCTTCTCAACCACAAGAACAAGAAGGTAATTGGATTCCAGAAGATCTTCCACCAGTTCCAAATAATAATAATGCTTCTGATTGGTGTTATTCTCAACTTGATTGGTATTTT,ACGTCAGTGTGGTCTCTAGGTtgtccatttaagcaacataagcataaggaagatcatgaagttccagcttcttctcaaccacaagaacaagaaggtaattggattccagaagatcttccaccagttccaaataataataatgcttctgattggtgttattctcaacttgattggtattttTAAGCTTAGAGACCAAGCGCTTA
eLW044-fLW133-172,GLRaV-7-Alb_gp07-015,ACTACTGGTATGTATGCTTTTTTTACTGCTGCTAATGAACAATCTACTTCTAAGGGTAATGGTTCTAATAAGAATCTTTCTAATAATTTTACTCTTGATGGTGTTGAATATGAATGGAATTTTTCTCATGCTTTTCCATTTTTTGATGAAGCTTTTATT,ACGTCAGTGTGGTCTCTAGGTactactggtatgtatgctttttttactgctgctaatgaacaatctacttctaagggtaatggttctaataagaatctttctaataattttactcttgatggtgttgaatatgaatggaatttttctcatgcttttccattttttgatgaagcttttattTAAGCTTAGAGACCAAGCGCTTA
eLW044-fLW133-173,CKM67_gp2-042,GCTTTTTCTGAACAAGAAATTGAAGAAATTGCTGATCATGCTGCTGAAATTTATGAAAAGGCTACTTCTGCTTATACTTGGAAGCCAAGAGATGGTAAGCATTGGTGGGAAATGGTTGAAGAAGAAGAAGAATTTGAAGCTGCTTCTAATCCATCTTCT,ACGTCAGTGTGGTCTCTAGGTgctttttctgaacaagaaattgaagaaattgctgatcatgctgctgaaatttatgaaaaggctacttctgcttatacttggaagccaagagatggtaagcattggtgggaaatggttgaagaagaagaagaatttgaagctgcttctaatccatcttctTAAGCTTAGAGACCAAGCGCTTA
eLW044-fLW133-174,GarLVgp1-065,GGTTATTCTTATAATGGTGGTAATCATGTTGGTCATGAATGGCTTGATAATTTTGATTCTTTTCTTGCTATTAATGGTCATGATCTTAATTATTTTAATTGTGTTCTTTTTCAACAATATGATGGTGGTCATGGTATTGGTTTTCATTCTGATGATGAA,ACGTCAGTGTGGTCTCTAGGTggttattcttataatggtggtaatcatgttggtcatgaatggcttgataattttgattcttttcttgctattaatggtcatgatcttaattattttaattgtgttctttttcaacaatatgatggtggtcatggtattggttttcattctgatgatgaaTAAGCTTAGAGACCAAGCGCTTA
eLW044-fLW133-175,G357_gp1-117,TCTTCTCTTGATGATATTTGTGATATTGCTGAAAATAAGCAAATGACTGTTGATTTTGAACTTAATACTGATGATCATGTTATTGAAGATCTTAAGGGTATTTCTTTTAGAGCTTGGTGGGATAATCAAATTAATAGATCTAATACTAGACCACATTAT,ACGTCAGTGTGGTCTCTAGGTtcttctcttgatgatatttgtgatattgctgaaaataagcaaatgactgttgattttgaacttaatactgatgatcatgttattgaagatcttaagggtatttcttttagagcttggtgggataatcaaattaatagatctaatactagaccacattatTAAGCTTAGAGACCAAGCGCTTA
eLW044-fLW133-176,KM669_gp7-175,CAAAAGGGTCTTCCAAATGCTGATCATCTTGCTACTCCACCATCTCATTTTAAGTCTCTTCTTCCAATTCAAAATTATTCTTCTAAGTGGTATGGTGATATTTTTTCTGAAGAATTTGATAAGGCTTGGAAGCAAGATACTGGTCTTATGGCTTGTGAT,ACGTCAGTGTGGTCTCTAGGTcaaaagggtcttccaaatgctgatcatcttgctactccaccatctcattttaagtctcttcttccaattcaaaattattcttctaagtggtatggtgatattttttctgaagaatttgataaggcttggaagcaagatactggtcttatggcttgtgatTAAGCTTAGAGACCAAGCGCTTA
eLW044-fLW133-177,EMSV_gp4-019,TCTCCATTTCCAGTTGATCAACTTCTTTGTCCAGAAGATATTACTGAAATTATTAATTCTGAATGGTTTCAAGTTACTCCATATTCTTATACTCTTATTCATCCAGGTACTTCTATTTCTCAAGCTGCTGATGATCTTCAACAAATGCAAGATATTTCT,ACGTCAGTGTGGTCTCTAGGTtctccatttccagttgatcaacttctttgtccagaagatattactgaaattattaattctgaatggtttcaagttactccatattcttatactcttattcatccaggtacttctatttctcaagctgctgatgatcttcaacaaatgcaagatatttctTAAGCTTAGAGACCAAGCGCTTA
eLW044-fLW133-178,B391_gp1-120,GATAGACAAGTTGAACATCAATCTCTTGATGATATTGTTGATACTTTTGAACTTAAGAATGAAGTTATTCATTTTGATCTTGAAGATGAAATTAAGGTTCCACATGTTAATAATCAAAAGACTTTTAGACAATGGTGGTCTAATCAAATTGATAATTCT,ACGTCAGTGTGGTCTCTAGGTgatagacaagttgaacatcaatctcttgatgatattgttgatacttttgaacttaagaatgaagttattcattttgatcttgaagatgaaattaaggttccacatgttaataatcaaaagacttttagacaatggtggtctaatcaaattgataattctTAAGCTTAGAGACCAAGCGCTTA
eLW044-fLW133-179,K927_gp1-001,AATAGAGGTCTTATTTATGATTGGGAAGATGATGTTTATCAATGTCCAACTTGTGAACATACTTTTTCTACTGTTGAACAATATCAAGAAGAACATTCTTGTGAAAGAGCTGCTTATGAAAATAAGCTTATTGAACAAGAATATGATGAAATGATGGAA,ACGTCAGTGTGGTCTCTAGGTaatagaggtcttatttatgattgggaagatgatgtttatcaatgtccaacttgtgaacatactttttctactgttgaacaatatcaagaagaacattcttgtgaaagagctgcttatgaaaataagcttattgaacaagaatatgatgaaatgatggaaTAAGCTTAGAGACCAAGCGCTTA
eLW044-fLW133-180,PAMVgp6-015,CTTATGCTTCATAAGAATGAACCACCAGCTAATTGGGCTAAGATTGGTTTTAAGGAAGATTATAAGTTTGCTGCTTTTGATTTTTTTGATGCTGTTGATTCTCCAGCTGCTCTTGAACCATCTCAATGGGTTAGACATCCAACTGATAAGGAAAGAGCT,ACGTCAGTGTGGTCTCTAGGTcttatgcttcataagaatgaaccaccagctaattgggctaagattggttttaaggaagattataagtttgctgcttttgatttttttgatgctgttgattctccagctgctcttgaaccatctcaatgggttagacatccaactgataaggaaagagctTAAGCTTAGAGACCAAGCGCTTA
eLW044-fLW133-181,PcMV_gp1-076,GATTATACTATGGGTATGCATAAGGATAATGAAGCTTGTTATGGTGAAGAACCAATTCTTACTGTTAATGCTTTTGGTTCTGCTGTTTTTTCTACTGATTGTTGTAATAATGTTATTAATCTTGAAGATGGTGATGAACTTCTTATGCCAGCTAAGTTT,ACGTCAGTGTGGTCTCTAGGTgattatactatgggtatgcataaggataatgaagcttgttatggtgaagaaccaattcttactgttaatgcttttggttctgctgttttttctactgattgttgtaataatgttattaatcttgaagatggtgatgaacttcttatgccagctaagtttTAAGCTTAGAGACCAAGCGCTTA
eLW044-fLW133-182,CCZ25_gp2-099,ATGTGGTTTTCTATTCCATCTAAGCCAGGTATGGGTCTTTCTACTGATGATCAAGTTAGAGAATTTCTTGATTCTCTTGTTGCTGTTTCTGGTGCTCCATCTGCTGATGCTCTTGTTGCTGATTGGCAAAAGTGGTGTGTTCCAACTGATTGTTCTGGT,ACGTCAGTGTGGTCTCTAGGTatgtggttttctattccatctaagccaggtatgggtctttctactgatgatcaagttagagaatttcttgattctcttgttgctgtttctggtgctccatctgctgatgctcttgttgctgattggcaaaagtggtgtgttccaactgattgttctggtTAAGCTTAGAGACCAAGCGCTTA
eLW044-fLW133-183,CCZ25_gp2-102,GGTGCTCCATCTGCTGATGCTCTTGTTGCTGATTGGCAAAAGTGGTGTGTTCCAACTGATTGTTCTGGTTTTGATTGGTCTGTTCCAATGTGGCTTCTTGAAGATGATATGGAATGTAGAAATAGACTTACTGCTGAAATTACTCAAGATCTTATTACT,ACGTCAGTGTGGTCTCTAGGTggtgctccatctgctgatgctcttgttgctgattggcaaaagtggtgtgttccaactgattgttctggttttgattggtctgttccaatgtggcttcttgaagatgatatggaatgtagaaatagacttactgctgaaattactcaagatcttattactTAAGCTTAGAGACCAAGCGCTTA
eLW044-fLW133-184,LVX_gp1-105,ATTAGAAGAGCTTATCAACCAGATAATATTTTTATTACTTGTGAAAATACTCCAGAAGAACTTAATGAATGGGCTATGGAAAAGTGGTGTTTTAGAGGTAATGCTCATTCTAATGATTTTACTGCTTTTGATCAATCTCAAGATGGTGCTATGCTTCAA,ACGTCAGTGTGGTCTCTAGGTattagaagagcttatcaaccagataatatttttattacttgtgaaaatactccagaagaacttaatgaatgggctatggaaaagtggtgttttagaggtaatgctcattctaatgattttactgcttttgatcaatctcaagatggtgctatgcttcaaTAAGCTTAGAGACCAAGCGCTTA
eLW044-fLW133-185,NMVgp1-134,AGAAGAAGATTTCAACCAGATAATATTTTTATTAATTGTGAAACTACTCCAGAAGATCTTGATAAGTTTATTAAGTCTCAATGGGATTTTTCTAGACCAGCTCATACTAATGATTTTACTGCTTTTGATCAATCTCAAGATGGTGCTATGCTTCAATTT,ACGTCAGTGTGGTCTCTAGGTagaagaagatttcaaccagataatatttttattaattgtgaaactactccagaagatcttgataagtttattaagtctcaatgggatttttctagaccagctcatactaatgattttactgcttttgatcaatctcaagatggtgctatgcttcaatttTAAGCTTAGAGACCAAGCGCTTA
eLW044-fLW133-186,WMV_gp1-235,GAAAAGAATTTTTTTGTTCCATTTACTGATGGTTTTGAAACTGAATATCTTAATAATGCTGATAATCTTTCTTGGGATAAGCATTGGTTTTGGGAACCATCTAAGATTGCTTGGGGTTCTCTTAATCTTGTTGAAGAACAACCAAAGGAAGAATTTAAG,ACGTCAGTGTGGTCTCTAGGTgaaaagaatttttttgttccatttactgatggttttgaaactgaatatcttaataatgctgataatctttcttgggataagcattggttttgggaaccatctaagattgcttggggttctcttaatcttgttgaagaacaaccaaaggaagaatttaagTAAGCTTAGAGACCAAGCGCTTA
eLW044-fLW133-187,PSbMVgp1-002,AGAAGAATTAGAGATGCTGATGGTGAATATAGATGTACTCAATGTGATATGGGTTTTGATTCTATGACTATGGCTAGACCAGTTAATCATTGTTGTGATGGTATTATGATTGATGAATATAATCTTTATGATGATGATCCAATTATGCATCTTGTTGAT,ACGTCAGTGTGGTCTCTAGGTagaagaattagagatgctgatggtgaatatagatgtactcaatgtgatatgggttttgattctatgactatggctagaccagttaatcattgttgtgatggtattatgattgatgaatataatctttatgatgatgatccaattatgcatcttgttgatTAAGCTTAGAGACCAAGCGCTTA
eLW044-fLW133-188,B9L41_gp1-107,ACTCCAGCTGATCTTAATGAATTTATTTCTGAAAGATGGTGTTTTACTAGACCATCTCATGAAAATGATTTTACTGCTTTTGATCAATCTCAAGATGGTGCTATGCTTCAATTTGAACCAATGAAGGCTAAGTTTCATAATATTCCAGAAGATGTTATT,ACGTCAGTGTGGTCTCTAGGTactccagctgatcttaatgaatttatttctgaaagatggtgttttactagaccatctcatgaaaatgattttactgcttttgatcaatctcaagatggtgctatgcttcaatttgaaccaatgaaggctaagtttcataatattccagaagatgttattTAAGCTTAGAGACCAAGCGCTTA
eLW044-fLW133-189,C1175_gp1-130,ATGTCTTCTTGGGCTGCTGGTGAAGGTGGTTGTTGGTCTTTTAAGGGTCCATCTCTTGCTAATGATTTTACTGCTTTTGATCAATCTCAAGATGGTGCTATGCTTCAATTTGAAATTCTTAAGGCTAAGCATCATTCTATTCCAGAAGATATTCTTGAT,ACGTCAGTGTGGTCTCTAGGTatgtcttcttgggctgctggtgaaggtggttgttggtcttttaagggtccatctcttgctaatgattttactgcttttgatcaatctcaagatggtgctatgcttcaatttgaaattcttaaggctaagcatcattctattccagaagatattcttgatTAAGCTTAGAGACCAAGCGCTTA
eLW044-fLW133-190,PhVB_ORF2-005,TATACTCTTGGTGAAGCTGATCAAGCTCAACTTTCTGGTGTTAGAATTCAAGCTCTTTCTGAAAGAACTACTGAAGGTCCATATGATCTTCTTGATGAATATTGTCAACATGATTGTGCTACTGAAGGTTTTTTTGCTGTTTTTGGTGATCCATTTCAA,ACGTCAGTGTGGTCTCTAGGTtatactcttggtgaagctgatcaagctcaactttctggtgttagaattcaagctctttctgaaagaactactgaaggtccatatgatcttcttgatgaatattgtcaacatgattgtgctactgaaggtttttttgctgtttttggtgatccatttcaaTAAGCTTAGAGACCAAGCGCTTA
eLW044-fLW133-191,LyspVgp1-182,TATACTACTGAAAATCTTTCTGTTATTCAAAATGCTAAGTCTCAACTTCTTGAATTTAATAATATTAGAACTCCAAAGATGACTGAAGATGCTCTTGTTGATTATGGTGCTCTTGAATGTATGATGTATCAATCTGAAAATGAAATGTCTGATTTTCTT,ACGTCAGTGTGGTCTCTAGGTtatactactgaaaatctttctgttattcaaaatgctaagtctcaacttcttgaatttaataatattagaactccaaagatgactgaagatgctcttgttgattatggtgctcttgaatgtatgatgtatcaatctgaaaatgaaatgtctgattttcttTAAGCTTAGAGACCAAGCGCTTA
eLW044-fLW133-192,H658_gp4-016,CAACATCATAATCTTATGGCTAATGCTTCTAGAATTTTTCAAAAGGCTCCAGAACCATGGGCTCCACCATTTCATCTTTCTTCTTTTACTAATGTTCCTGATGAAATGCAAGAATGGGCTGATGATTATTTTGGTAGAGGTGCTGCTGCTAGACCAGAA,ACGTCAGTGTGGTCTCTAGGTcaacatcataatcttatggctaatgcttctagaatttttcaaaaggctccagaaccatgggctccaccatttcatctttcttcttttactaatgttcctgatgaaatgcaagaatgggctgatgattattttggtagaggtgctgctgctagaccagaaTAAGCTTAGAGACCAAGCGCTTA
eLW044-fLW133-193,MYVYVgp4-010,AATAATAAGGATCCAATTCAACTTCAACCATCTGAATCTTCTGGTTCTGCTCAAGTTTTTTCTGATATTCCAAATCTTGATGATCTTACTCCATCTGATTGGTCTTTTCTTAAGGGTATTCAAAATCCATCTCCACAAGTTTCTAAGCAATATAGATGT,ACGTCAGTGTGGTCTCTAGGTaataataaggatccaattcaacttcaaccatctgaatcttctggttctgctcaagttttttctgatattccaaatcttgatgatcttactccatctgattggtcttttcttaagggtattcaaaatccatctccacaagtttctaagcaatatagatgtTAAGCTTAGAGACCAAGCGCTTA
eLW044-fLW133-194,TlcZvgp4-008,GATAATCAAACTCCACATAAGACTGTTCTTCAAGAACTTAGACATCATACTCCATCTAATACTATTCAACTTCAACCACAAGAAGGTATTGGTGATTCTCAAATGTTTTCTGAACTTCCAGGTCTTGATGATCTTACTGCTTCTGATTGGTCTTTTCTT,ACGTCAGTGTGGTCTCTAGGTgataatcaaactccacataagactgttcttcaagaacttagacatcatactccatctaatactattcaacttcaaccacaagaaggtattggtgattctcaaatgttttctgaacttccaggtcttgatgatcttactgcttctgattggtcttttcttTAAGCTTAGAGACCAAGCGCTTA
eLW044-fLW133-195,KM705_gp1-007,GAAGAAGGTATTCAAAATATGCTTGCTCTTATGTATAAGGAATCTACTATTGGTGAATTTAAGCAAGAAGATATGGTTGAAGGTATTGATATGCTTATGATGGAAGAAGCTCCAGTTATTGATATTAATGTTATGGATGCTTATGATGTTTTTACTCAT,ACGTCAGTGTGGTCTCTAGGTgaagaaggtattcaaaatatgcttgctcttatgtataaggaatctactattggtgaatttaagcaagaagatatggttgaaggtattgatatgcttatgatggaagaagctccagttattgatattaatgttatggatgcttatgatgtttttactcatTAAGCTTAGAGACCAAGCGCTTA
eLW044-fLW133-196,C340_gp4-021,TTTGGTATGCCATCTCAAGATACTCATCCAGTTATTGGTGCTTGGCTTAGAGATGAACTTTATACTGTTTCTCCATATGCTTATTCTATTCATAATGGTGTTTCTGAAGAACAAGCTAAGCTTGATCTTCAATGGATGTCTGATCTTTCTAGAACTGAA,ACGTCAGTGTGGTCTCTAGGTtttggtatgccatctcaagatactcatccagttattggtgcttggcttagagatgaactttatactgtttctccatatgcttattctattcataatggtgtttctgaagaacaagctaagcttgatcttcaatggatgtctgatctttctagaactgaaTAAGCTTAGAGACCAAGCGCTTA
eLW044-fLW133-197,MVX_gp1-107,CCAGATAATATTTTTATTACTTGTGAAAATACTCCAGATGATCTTAATGAATGGGTTCTTGAAAGATGGAATTTTGATGGTAGAGCTCATTCTAATGATTTTACTGCTTTTGATCAATCTCAAGATGGTGCTATGCTTCAATTTGGTGTTATTAAGGCT,ACGTCAGTGTGGTCTCTAGGTccagataatatttttattacttgtgaaaatactccagatgatcttaatgaatgggttcttgaaagatggaattttgatggtagagctcattctaatgattttactgcttttgatcaatctcaagatggtgctatgcttcaatttggtgttattaaggctTAAGCTTAGAGACCAAGCGCTTA
eLW044-fLW133-198,MVX_gp2-004,ATTAGACATGCTCCATTTCCAACTGCTATTACTGGTGGTACTCCAGATCCACCACATATTTCTGGTCAAAGAATTACTGCTCCACCAGGTCCAGCTAATATTGTTGATGAATATCCACTTGTTGATTGGGCTGGTGCTGATGTTATTTTTGCTGATCCA,ACGTCAGTGTGGTCTCTAGGTattagacatgctccatttccaactgctattactggtggtactccagatccaccacatatttctggtcaaagaattactgctccaccaggtccagctaatattgttgatgaatatccacttgttgattgggctggtgctgatgttatttttgctgatccaTAAGCTTAGAGACCAAGCGCTTA
eLW044-fLW133-199,BH751_gp5-020,CATATGCTTGCTCATAATTCTCCACCATCTGATTGGGCTGCTATGGGTTTTCAATATACTGAAAGATTTGCTGCTTTTGATTGTTTTGATTATGTTGAAAATTCTGCTGCTGTTCAACCATTTGAAGGTCTTATTGGTAGACCAACTCCAGCTGAAAAG,ACGTCAGTGTGGTCTCTAGGTcatatgcttgctcataattctccaccatctgattgggctgctatgggttttcaatatactgaaagatttgctgcttttgattgttttgattatgttgaaaattctgctgctgttcaaccatttgaaggtcttattggtagaccaactccagctgaaaagTAAGCTTAGAGACCAAGCGCTTA
eLW044-fLW133-200,FK892_gp1-005,GCTGTTCCAACTAATTGTGAATATCTTTATGATGCTATGGGTGAATCTTTTATGGAACTTGGTCTTAATTATGATTTTTCTGAAAGAACTCAACAAAGAGAAGATCTTTGGTTTATGTCTCATCAAGCTAAGGAAATTGAAGGTGTTTATATTCCAAAG,ACGTCAGTGTGGTCTCTAGGTgctgttccaactaattgtgaatatctttatgatgctatgggtgaatcttttatggaacttggtcttaattatgatttttctgaaagaactcaacaaagagaagatctttggtttatgtctcatcaagctaaggaaattgaaggtgtttatattccaaagTAAGCTTAGAGACCAAGCGCTTA
eLW044-fLW133-201,ToLCBDVgp4-008,GATAATAGAGCTCCACAACAAGCTATTCCAGATAAGCAAAGACATCATCATCATCCAACTTCTGTTCAATCTCAACCAGAAGAATCTGTTGGTGATACTCAAATGTTTCCATCTCTTCCAAATCTTGATGATTTTACTGCTTCTGATTGGTCTTTTCTT,ACGTCAGTGTGGTCTCTAGGTgataatagagctccacaacaagctattccagataagcaaagacatcatcatcatccaacttctgttcaatctcaaccagaagaatctgttggtgatactcaaatgtttccatctcttccaaatcttgatgattttactgcttctgattggtcttttcttTAAGCTTAGAGACCAAGCGCTTA
eLW044-fLW133-202,CpRLV_gp3-015,CATGAATGGGCTTCTAAGCTTCAATGGTTTGAATATTCTGCTAATAAGCTTTTTCCAGATGTTGAACCACCATATCAATCTCCATTTCCAGAAGCTTCTCTTCAATGTCATGAAGAAATTCAAGATTGGCTTAATAGAGATCTTTATCATCAAGAACCA,ACGTCAGTGTGGTCTCTAGGTcatgaatgggcttctaagcttcaatggtttgaatattctgctaataagctttttccagatgttgaaccaccatatcaatctccatttccagaagcttctcttcaatgtcatgaagaaattcaagattggcttaatagagatctttatcatcaagaaccaTAAGCTTAGAGACCAAGCGCTTA
eLW044-fLW133-203,CVNV_gp1-043,GAAGCTACTGCTCTTATGGATATTATTTTTAATTTTGATAGAGATATTGAAGGTTTTGAACATGAAGTTGATATTGTTGCTGAACTTGAAGCTTTTGCTAATCCAAAGAATCCACATGCTCATAATGCTAAGACTACTCCATATTTTTGTGAACCATAT,ACGTCAGTGTGGTCTCTAGGTgaagctactgctcttatggatattatttttaattttgatagagatattgaaggttttgaacatgaagttgatattgttgctgaacttgaagcttttgctaatccaaagaatccacatgctcataatgctaagactactccatatttttgtgaaccatatTAAGCTTAGAGACCAAGCGCTTA
eLW044-fLW133-204,BKK91_gp3-008,TTTCAAGATGTTCAAGGTAGAGGTTCTACTATTCATAATAATAAGGGTCTTCCATGTACTTCTACTGTTCAACCACAACTTGAAGAATCTATTGCTTCTCCACATTCTATTCCAGAATTTCCAAATCTTGATGATATTCCAGATTCTTTTTGGGCTGAT,ACGTCAGTGTGGTCTCTAGGTtttcaagatgttcaaggtagaggttctactattcataataataagggtcttccatgtacttctactgttcaaccacaacttgaagaatctattgcttctccacattctattccagaatttccaaatcttgatgatattccagattctttttgggctgatTAAGCTTAGAGACCAAGCGCTTA
eLW044-fLW133-205,KM701_gp1-071,GTTTCTCAAGAATCTAGACATTCTTTTCATATTGCTTTTGGTATTTCTCCAGATCAACAAATTACTATGGAAGATTATTATAAGGATTTTAGAATTTCTTGGGAATTTGCTCCATTTGATAAGGAATATAATGATATTGAATGGACTCTTCAACAACCA,ACGTCAGTGTGGTCTCTAGGTgtttctcaagaatctagacattcttttcatattgcttttggtatttctccagatcaacaaattactatggaagattattataaggattttagaatttcttgggaatttgctccatttgataaggaatataatgatattgaatggactcttcaacaaccaTAAGCTTAGAGACCAAGCGCTTA
eLW044-fLW133-206,AL2-1,ATGCGTAACAGCAGCTCCTCAACACCTCCGAGCATCAAGGCTCAACACCGAGCCGCCAAACGTAGAGCTATTAGGCGAAGAAGGATCGACTTGAACTGCGGGTGCAGCATATACATTCACATCGACTGCCGTAACAATGGGTTCACGCATAGGGGAACC,ACGTCAGTGTGGTCTCTAGGTatgcgtaacagcagctcctcaacacctccgagcatcaaggctcaacaccgagccgccaaacgtagagctattaggcgaagaaggatcgacttgaactgcgggtgcagcatatacattcacatcgactgccgtaacaatgggttcacgcataggggaaccTAAGCTTAGAGACCAAGCGCTTA
eLW044-fLW133-207,AL2-2,AGTATCTACATCCATATCGACTGCCGAAACAACGGGTTCACTCATAGGGGAACCTACCACTGTGCTTCCTCACGAGAGTGGCGACTGTACCTCGGAGACAATAAAAGTCCATTGTTCCAGGATAACCAGCGTCGTGGGTCACCACTCCATCAACATCAG,ACGTCAGTGTGGTCTCTAGGTagtatctacatccatatcgactgccgaaacaacgggttcactcataggggaacctaccactgtgcttcctcacgagagtggcgactgtacctcggagacaataaaagtccattgttccaggataaccagcgtcgtgggtcaccactccatcaacatcagTAAGCTTAGAGACCAAGCGCTTA
eLW044-fLW133-208,AL2-3,AATCAACGACGTGGAAGCCCTTTACACCAGCACCAAGATATCCCGCTTACAAATCAAGTTCAACCCCAACCTGAAGAATCTATAGGCTCCCCCCAGGGCATATCCCAGTTGCCATCTATGGATGATATAGATGACTCATTCTGGGAGAACCTGTTCAAA,ACGTCAGTGTGGTCTCTAGGTaatcaacgacgtggaagccctttacaccagcaccaagatatcccgcttacaaatcaagttcaaccccaacctgaagaatctataggctccccccagggcatatcccagttgccatctatggatgatatagatgactcattctgggagaacctgttcaaaTAAGCTTAGAGACCAAGCGCTTA
eLW044-fLW133-209,P12-1,ATGGACGTGATCGTGAAGATGTTGATCCTGCGTAAATTCGTCGAACAAGGTAATGTCTGTCCCATACACTTGTGTGTGGACATTTATAAAAGGGCCTTCCCGAGATCAGTCAACAAGGGACGTAGTTCCTATGCCCGTAGGAGAAGGGCACTCGAACTT,ACGTCAGTGTGGTCTCTAGGTatggacgtgatcgtgaagatgttgatcctgcgtaaattcgtcgaacaaggtaatgtctgtcccatacacttgtgtgtggacatttataaaagggccttcccgagatcagtcaacaagggacgtagttcctatgcccgtaggagaagggcactcgaacttTAAGCTTAGAGACCAAGCGCTTA
eLW044-fLW133-210,P12-2,AGGTGCCACCGATGTTATAGAGTATATCCCCCTTTGTTCCCTGAGATAAGCCGTTGCGACAATAGAACTTGTGTACCAGGCATCTCCTACAACTCCAAAGTGCGTGACTACATACTGTGGGGAGTTACGGAGGTTATACCGCACCCAGGATACAATTTC,ACGTCAGTGTGGTCTCTAGGTaggtgccaccgatgttatagagtatatccccctttgttccctgagataagccgttgcgacaatagaacttgtgtaccaggcatctcctacaactccaaagtgcgtgactacatactgtggggagttacggaggttataccgcacccaggatacaatttcTAAGCTTAGAGACCAAGCGCTTA
eLW044-fLW133-211,P2-1,ATGGCTCTGCTTTTGTTCAACGATCACTACTATGGCTTCTTACACAAGTATAAAAGACACACTGGCAGCTACGACAACCTCTTCAACTTAAGGTGTTCAAAGGAGGACCACTACCTTAATAGCCTCGACGCCATATGGTTGATGGGCTGCTGTGAAGAA,ACGTCAGTGTGGTCTCTAGGTatggctctgcttttgttcaacgatcactactatggcttcttacacaagtataaaagacacactggcagctacgacaacctcttcaacttaaggtgttcaaaggaggaccactaccttaatagcctcgacgccatatggttgatgggctgctgtgaagaaTAAGCTTAGAGACCAAGCGCTTA
eLW044-fLW133-212,P2-2,CGTGCTTATTACAAGCCACACCAGAAGATGGAACACAAACATATTGTGGTCACGAATGGTATCCCAATAAGCAAGAATTTCAATGAAATCGCTCTTCCCGACCCTTCTCCCTCAGATGATTATGTCCTGGTGGGGGCTCACGAATGTCCTATCCTCATG,ACGTCAGTGTGGTCTCTAGGTcgtgcttattacaagccacaccagaagatggaacacaaacatattgtggtcacgaatggtatcccaataagcaagaatttcaatgaaatcgctcttcccgacccttctccctcagatgattatgtcctggtgggggctcacgaatgtcctatcctcatgTAAGCTTAGAGACCAAGCGCTTA
eLW044-fLW133-213,M-1,ATGGCAGTTCCATGGACGGAGGTCAAAGACAGTAAATACTTGGCCACGAAAATGAGCGTCACGCTCATCATGGAGATGAACGAGGATACTCCTTTAAAATACCCAAGTTACAACGCATTTGAGAGTATCTTTAAAAGGCTTGCCGAACCCGAATGTGCC,ACGTCAGTGTGGTCTCTAGGTatggcagttccatggacggaggtcaaagacagtaaatacttggccacgaaaatgagcgtcacgctcatcatggagatgaacgaggatactcctttaaaatacccaagttacaacgcatttgagagtatctttaaaaggcttgccgaacccgaatgtgccTAAGCTTAGAGACCAAGCGCTTA
eLW044-fLW133-214,M-2,AAGGATATATACTATCTCGAGGTGAGCAACAAGGAGACTGCTCAGTATGGTCCGACAAAAGTCTATAAGTTGCAGTGTCCAGCCTATCTTCTGTCCAGGGTCACTGGTGGGTCCCAGTTAGATTACACTTCTCTCATAGGATCAAAGGTTATGACAGAG,ACGTCAGTGTGGTCTCTAGGTaaggatatatactatctcgaggtgagcaacaaggagactgctcagtatggtccgacaaaagtctataagttgcagtgtccagcctatcttctgtccagggtcactggtgggtcccagttagattacacttctctcataggatcaaaggttatgacagagTAAGCTTAGAGACCAAGCGCTTA
eLW044-fLW133-215,M-3,AAAGATCGAGGCATACCTGTTAGAACCCTCTACATCACGGGTGGAGGCACCTCTTTCAGAGTGATCAATGAGGAGACTGCAAATCAGTTCATAATAAATGATAATGCCGTTCGACTTCCAGGTGAATGTAAGGTCGATGGGGGCTCTATCATCTGGAGT,ACGTCAGTGTGGTCTCTAGGTaaagatcgaggcatacctgttagaaccctctacatcacgggtggaggcacctctttcagagtgatcaatgaggagactgcaaatcagttcataataaatgataatgccgttcgacttccaggtgaatgtaaggtcgatgggggctctatcatctggagtTAAGCTTAGAGACCAAGCGCTTA
eLW044-fLW133-216,RepA-1,GACCTCCACAACTGGCGAGAAACGCATTTGTATCACGTTAGTATAGATGCTTACACCTTCATACACCCTGTCTCATACGATCAGGCCCAGAGTGACCTTGAGTGGATGGCTGACCTTACGAGAATGAGAGAGGGCTTGGGTTCTGACACCCCTGCATCC,ACGTCAGTGTGGTCTCTAGGTgacctccacaactggcgagaaacgcatttgtatcacgttagtatagatgcttacaccttcatacaccctgtctcatacgatcaggcccagagtgaccttgagtggatggctgaccttacgagaatgagagagggcttgggttctgacacccctgcatccTAAGCTTAGAGACCAAGCGCTTA
eLW044-fLW133-217,RepA-2,TCAGCCGACCAACTGGTGCCTGAAAGACCTCCAGGTCTTGAGGTATCTGGCGACACAACTACGGGTACGGGGCCTTCAACAAGTCCAACCACAATGAACACACCGCCTATCATCAGCAGTACAACTTCCCCCTCATCAAGCTCTCATTGCGGGTCAAAC,ACGTCAGTGTGGTCTCTAGGTtcagccgaccaactggtgcctgaaagacctccaggtcttgaggtatctggcgacacaactacgggtacggggccttcaacaagtccaaccacaatgaacacaccgcctatcatcagcagtacaacttccccctcatcaagctctcattgcgggtcaaacTAAGCTTAGAGACCAAGCGCTTA
eLW044-fLW133-218,Rep-1,GTGAGCCCTTTTACAGAATCCGATCTTCGATGCCATGAGGATCTTCATAACTGGAGAGAAACACACCTTTATCACGATGAAGGGCGTACAGGAGTTAGGCACCCTTCCTTGTATATTTGCGGACCTACAAGAACTGGTAAGACAACCTGGGCACGTAGC,ACGTCAGTGTGGTCTCTAGGTgtgagcccttttacagaatccgatcttcgatgccatgaggatcttcataactggagagaaacacacctttatcacgatgaagggcgtacaggagttaggcacccttccttgtatatttgcggacctacaagaactggtaagacaacctgggcacgtagcTAAGCTTAGAGACCAAGCGCTTA
eLW044-fLW133-219,Rep-2,CACAACTACTGGAATGGTACCATTGATTTTACTAATTACGACGAACATGCCACCTATAATATAATTGATGATATTCCTTTCAAGTTCGTCCCGCTCTGGAAACAGCTGATAGGTTGCCAGAGTGACTTTACGGTGAACCCGAAGTACGGTAAAAAGAAG,ACGTCAGTGTGGTCTCTAGGTcacaactactggaatggtaccattgattttactaattacgacgaacatgccacctataatataattgatgatattcctttcaagttcgtcccgctctggaaacagctgataggttgccagagtgactttacggtgaacccgaagtacggtaaaaagaagTAAGCTTAGAGACCAAGCGCTTA
eLW044-fLW133-220,Rep-3,AAAATCAAGGGCGGCATACCCTCCATTATCCTTTGTAACCCGGATGAAGATTGGATGCTTTCAATGACGAGTCAACAAAAAGACTATTTCGAGGACAACTGCGTCACCCACTATATGTGCGATGGCGAGACTTTTTTTGCCCGTGAGTCTTCAAGCCAC,ACGTCAGTGTGGTCTCTAGGTaaaatcaagggcggcataccctccattatcctttgtaacccggatgaagattggatgctttcaatgacgagtcaacaaaaagactatttcgaggacaactgcgtcacccactatatgtgcgatggcgagactttttttgcccgtgagtcttcaagccacTAAGCTTAGAGACCAAGCGCTTA
eLW044-fLW133-221,P8-1,GTAGAATGCAGCGCCAGCAAGATGATGGCTAATACGCTTTTGCATCACTTCTACGAACGATACACTTCTAATATGAATCCCACGCCGGTATTCCTCTTCAGTTACTTTTTCGGGTTGACAAAGGGCCTGAATGTTCTCAAAGCCTCATCCATAATAGTG,ACGTCAGTGTGGTCTCTAGGTgtagaatgcagcgccagcaagatgatggctaatacgcttttgcatcacttctacgaacgatacacttctaatatgaatcccacgccggtattcctcttcagttactttttcgggttgacaaagggcctgaatgttctcaaagcctcatccataatagtgTAAGCTTAGAGACCAAGCGCTTA
eLW044-fLW133-222,P8-2,ATGACGGGGACCCATGATGATAGAATATCCCTCAGGCTCTTATTCTTCAACCTGTGGAACAAAAAACGTCCCAACGACCCAATTAATCACAGAAAGACGAAGAAGAAACTCAAGCCGCAAACCGCCAATCCAACCAGCAACCCCATTCTTGTATCACCA,ACGTCAGTGTGGTCTCTAGGTatgacggggacccatgatgatagaatatccctcaggctcttattcttcaacctgtggaacaaaaaacgtcccaacgacccaattaatcacagaaagacgaagaagaaactcaagccgcaaaccgccaatccaaccagcaaccccattcttgtatcaccaTAAGCTTAGAGACCAAGCGCTTA
eLW044-fLW133-223,P8-3,TCAATAACCGACTACGCCGAGCAGATATCAGACGAGTTCGCCAAAGCTAGGAAGCCAATTTTGGTCCCCACTCAGATTTTCTCTGCCTTTACGAGGCTGGAGACAATATTTAACCGTACTGGCTCCTACCCTGACTTATTCTCTAACCCCATCAAATAC,ACGTCAGTGTGGTCTCTAGGTtcaataaccgactacgccgagcagatatcagacgagttcgccaaagctaggaagccaattttggtccccactcagattttctctgcctttacgaggctggagacaatatttaaccgtactggctcctaccctgacttattctctaaccccatcaaatacTAAGCTTAGAGACCAAGCGCTTA
eLW044-fLW133-224,P8-4,TTGGGGTTTCTCATCTTTATGCCTGATGCATCCATACACCTGGACCCTCCCACTGTAGATCATTCCTACTATAACCTTAAGAGGAACCACAAGATGAGTTTCGACGAGCTCCAGAGCAACCTTACGTCAAGAATGTTGACCGGGCAAATCGTCAAAACC,ACGTCAGTGTGGTCTCTAGGTttggggtttctcatctttatgcctgatgcatccatacacctggaccctcccactgtagatcattcctactataaccttaagaggaaccacaagatgagtttcgacgagctccagagcaaccttacgtcaagaatgttgaccgggcaaatcgtcaaaaccTAAGCTTAGAGACCAAGCGCTTA
eLW044-fLW133-225,F7,GCCAACTATGCTTTCAATTTTATGTTGGTTTGGAGCCCAAGCGGGACTTTTATAATATCCGCTATAATCTGTGGAGCAACAATTGTATTCACATGGTGCTTGGTGCCGGAGACTCGAAGATTAACGTTAGAAGAAATCCAACTGTCGTTTGTCAATGTT,ACGTCAGTGTGGTCTCTAGGTgccaactatgctttcaattttatgttggtttggagcccaagcgggacttttataatatccgctataatctgtggagcaacaattgtattcacatggtgcttggtgccggagactcgaagattaacgttagaagaaatccaactgtcgtttgtcaatgttTAAGCTTAGAGACCAAGCGCTTA
eLW044-fLW133-226,B9,GATAATAATCCCTTTCAATCGAACCGATCGGGTCTAAACCCGGCTCAACAGATGGGTCTAACCCGGGATTTTCTTGGAGTGAGCAACGAGCATCACCCTCACCAAACGGGTCGTCGTCCGTTTTTGCCTCAAGAACTCGCAAGGTTTGCTCCATTGGGT,ACGTCAGTGTGGTCTCTAGGTgataataatccctttcaatcgaaccgatcgggtctaaacccggctcaacagatgggtctaacccgggattttcttggagtgagcaacgagcatcaccctcaccaaacgggtcgtcgtccgtttttgcctcaagaactcgcaaggtttgctccattgggtTAAGCTTAGAGACCAAGCGCTTA
eLW044-fLW133-227,C5,CTGTTGGATCCGGGAACACCTATGGACGCTGATTTGGTAGCTTCTTCTACAGTAGTGTGGGAACAAGATGCAGATCCTTTTGCTGGAACAGCCGACGACTTCCCCGCCTTCAATGAAGAGGAGCTTGCATGGTTGATGGAACTGCTTCCTCAAGCACGT,ACGTCAGTGTGGTCTCTAGGTctgttggatccgggaacacctatggacgctgatttggtagcttcttctacagtagtgtgggaacaagatgcagatccttttgctggaacagccgacgacttccccgccttcaatgaagaggagcttgcatggttgatggaactgcttcctcaagcacgtTAAGCTTAGAGACCAAGCGCTTA
eLW044-fLW133-228,A8,AACTTCTCCAATGCATCAGTGATGGATTATCATTTCAAGACTAAGAAACACAAAAAGCGTGTGAAGAAGATAGAGCGACCAGCGCCACACTCGCAACTCGATGCAGATTTAGCTGGTGGAATGGGAATGCCAGACAATGGTCCAAAGCTGATGTCTGCC,ACGTCAGTGTGGTCTCTAGGTaacttctccaatgcatcagtgatggattatcatttcaagactaagaaacacaaaaagcgtgtgaagaagatagagcgaccagcgccacactcgcaactcgatgcagatttagctggtggaatgggaatgccagacaatggtccaaagctgatgtctgccTAAGCTTAGAGACCAAGCGCTTA
eLW044-fLW133-229,A1,AAGAAGAAGGGAGATGGCTCTGGATCGGGGTCGGGTTCTGGCTCAGTCGACCTTGATCTTGACCTCGAACTCAGACTTGGATTTGCTCTCGATCTCGACCTTGAACTTAGACTCGGATTTGCTCTTGACCTCGATCTTGAGCTTAGACTCGGATTCGCT,ACGTCAGTGTGGTCTCTAGGTaagaagaagggagatggctctggatcggggtcgggttctggctcagtcgaccttgatcttgacctcgaactcagacttggatttgctctcgatctcgaccttgaacttagactcggatttgctcttgacctcgatcttgagcttagactcggattcgctTAAGCTTAGAGACCAAGCGCTTA
eLW044-fLW133-230,NH72,CCTTCTCAGGATGTTGTGATCCATGACTGTGGAGAAATCCCTGAGGGTGCAGATGATGGGATTTGTGACTTTTTCAAGGATGGTGATGTGTACCCTGACTGGCCTATTGATCTGAATGAAAGCCCAGCTGAGTTATCTTGGTGGATGGAGACTGTTGAT,ACGTCAGTGTGGTCTCTAGGTccttctcaggatgttgtgatccatgactgtggagaaatccctgagggtgcagatgatgggatttgtgactttttcaaggatggtgatgtgtaccctgactggcctattgatctgaatgaaagcccagctgagttatcttggtggatggagactgttgatTAAGCTTAGAGACCAAGCGCTTA
eLW044-fLW133-231,NH92,GGCTCTGGCTCTGGTTCCGGCTCTGGTTCCGGCTCTGGTCCGAAAAACCTCGAGTTCTATTTCATTTCAGCTATCAGTGACTGACTGATCGAGTGAGATTTGCATATGACTGACATTCCATTGCATATTTCAACCAATCAGCGGTCACGGCGGCGGAGA,ACGTCAGTGTGGTCTCTAGGTggctctggctctggttccggctctggttccggctctggtccgaaaaacctcgagttctatttcatttcagctatcagtgactgactgatcgagtgagatttgcatatgactgacattccattgcatatttcaaccaatcagcggtcacggcggcggagaTAAGCTTAGAGACCAAGCGCTTA
eLW044-fLW133-232,NH80,AGATTTTATGCAGAATTACATATCGATGATCCTATTGTCACTGAATACTTCAAAAATCAGAATACTGCATCTATTGCGGAACTGAATTCTCTACAGGATATTTATGACTACCTAGAATTCAAATATGCCAACGAAATCAATGAAATGTTTATAAACCAC,ACGTCAGTGTGGTCTCTAGGTagattttatgcagaattacatatcgatgatcctattgtcactgaatacttcaaaaatcagaatactgcatctattgcggaactgaattctctacaggatatttatgactacctagaattcaaatatgccaacgaaatcaatgaaatgtttataaaccacTAAGCTTAGAGACCAAGCGCTTA
eLW044-fLW133-233,NH28,GAGAATGTAGTTTTCATTACTTCCACGGCTGGGCAAGGTGAATTCCCCCAAGACGGTAAGTCTTTCTGGGAAGCTCTGAAAAATGACACCGACTTGGATTTAGCTAGTTTGAATGTTGCTGTTTTTGGCCTCGGTGATTCTGAGTATTGGCCACGTAAA,ACGTCAGTGTGGTCTCTAGGTgagaatgtagttttcattacttccacggctgggcaaggtgaattcccccaagacggtaagtctttctgggaagctctgaaaaatgacaccgacttggatttagctagtttgaatgttgctgtttttggcctcggtgattctgagtattggccacgtaaaTAAGCTTAGAGACCAAGCGCTTA
eLW044-fLW133-234,NH2,TATCCAGAGTGGAGCGAGTTTTACTTGCACAATGAGACTGAAGATGAAGATGAGTTTATGTCTCCTGCATTTAGAGAATCTGATTGCTTCATTTTACCTGAAAATGCAGAGGATAAGTTTATCACAGATAACCAATTCGAGAATTCGCTTGGTGTCTAT,ACGTCAGTGTGGTCTCTAGGTtatccagagtggagcgagttttacttgcacaatgagactgaagatgaagatgagtttatgtctcctgcatttagagaatctgattgcttcattttacctgaaaatgcagaggataagtttatcacagataaccaattcgagaattcgcttggtgtctatTAAGCTTAGAGACCAAGCGCTTA
eLW044-fLW133-235,NH45,AGTCTCTCTGACCTCACTGCAGATTTGTCAAATCTTGGAGATTTAGGGGCTTTAGGAAACTATCCCGGTTCTCCTTTTCTGCCATCTGATTCAGAGATTTTACTTGACTCTCCCGAACAAGAGGACATAGATGAATTCTTTGTGGATTCGATTCCAGGA,ACGTCAGTGTGGTCTCTAGGTagtctctctgacctcactgcagatttgtcaaatcttggagatttaggggctttaggaaactatcccggttctccttttctgccatctgattcagagattttacttgactctcccgaacaagaggacatagatgaattctttgtggattcgattccaggaTAAGCTTAGAGACCAAGCGCTTA
eLW044-fLW133-236,NH64,ATTTGGGGATTTGAAGATCACGTGTCGAATTACGGTGGTTTAGATTTTGGTTCCGGCGTCGGAGATGGTGGAGATTACGTGGCTGTTGAGGGGTTGTTTGAATTTTCCGACGATTGTTTTGACTCCGGCGATCTGTTTTCGTGGCGGTCGGAGTCGTTA,ACGTCAGTGTGGTCTCTAGGTatttggggatttgaagatcacgtgtcgaattacggtggtttagattttggttccggcgtcggagatggtggagattacgtggctgttgaggggttgtttgaattttccgacgattgttttgactccggcgatctgttttcgtggcggtcggagtcgttaTAAGCTTAGAGACCAAGCGCTTA
eLW044-fLW133-237,NH68,TCCGGCGCAGGTGATGAACTTGATTACGAATTCGTCGGTGCTGATCTAGAAACTGCTCAAACCAATTTCTATTGGGAAAGTGTTTTGAACTACACGAATTCTGCCAATATTTCCACTACTGATACATTTGAAAACTACCATACTTACGAATTAGATTGG,ACGTCAGTGTGGTCTCTAGGTtccggcgcaggtgatgaacttgattacgaattcgtcggtgctgatctagaaactgctcaaaccaatttctattgggaaagtgttttgaactacacgaattctgccaatatttccactactgatacatttgaaaactaccatacttacgaattagattggTAAGCTTAGAGACCAAGCGCTTA
eLW044-fLW133-238,NH96,GAGGATCAGAGCTTTTGGGAAAACCTAGATGTCGACGACGTGTTTGGTCTTTTTAAGGACGACAACAATCTTGAGGTTCCTCTTCAAGATCATTCCTCAACCAACGAAGACGACGAGTTATTGATCGACATAAGTGAATACTTAAGCGAAGAAGCAATG,ACGTCAGTGTGGTCTCTAGGTgaggatcagagcttttgggaaaacctagatgtcgacgacgtgtttggtctttttaaggacgacaacaatcttgaggttcctcttcaagatcattcctcaaccaacgaagacgacgagttattgatcgacataagtgaatacttaagcgaagaagcaatgTAAGCTTAGAGACCAAGCGCTTA
eLW044-fLW133-239,NH8,GAGTCTGTTACTTTGCCTCAAGCACTAAATCTGGACGAGTTCGACTTGGAAGATGACACTCTCGACATGGAATTCGATAATCATACTCGGAGTGAGGAAGATATCACTCTCACAGATCAAATTCCTACTGGCATTGATCCTTATGTTGCTGTAACATTC,ACGTCAGTGTGGTCTCTAGGTgagtctgttactttgcctcaagcactaaatctggacgagttcgacttggaagatgacactctcgacatggaattcgataatcatactcggagtgaggaagatatcactctcacagatcaaattcctactggcattgatccttatgttgctgtaacattcTAAGCTTAGAGACCAAGCGCTTA
eLW044-fLW133-240,NH93,GCATTATCAAAATGGGCAAGTGAAGGCTATATGCCAACCTTTGATGAGTACATGGAGGTTGGGGAGGTCACTGGGGGGATGGATGATTTTGCTTTGTACAGCTTTATCGCGATGGAAGATTGCGACGAGAAACCATTGTACGAATGGTTTGACTCCAAG,ACGTCAGTGTGGTCTCTAGGTgcattatcaaaatgggcaagtgaaggctatatgccaacctttgatgagtacatggaggttggggaggtcactggggggatggatgattttgctttgtacagctttatcgcgatggaagattgcgacgagaaaccattgtacgaatggtttgactccaagTAAGCTTAGAGACCAAGCGCTTA
eLW044-fLW133-241,NH44,GATCGTCTAAAAGAAGAAACGGAGATGGTTGTATTCGATGATCAGATCTTGGCGATTTTTGAGAGTAACGACAAACCTACAGGAAACTTGGAAGATCAAGAGATAGATCTTGATCAATTCCTAGATTTTGATCAACTCATAGATTTCGAGGGTTTGATC,ACGTCAGTGTGGTCTCTAGGTgatcgtctaaaagaagaaacggagatggttgtattcgatgatcagatcttggcgatttttgagagtaacgacaaacctacaggaaacttggaagatcaagagatagatcttgatcaattcctagattttgatcaactcatagatttcgagggtttgatcTAAGCTTAGAGACCAAGCGCTTA
eLW044-fLW133-242,NH39,GGTTCCGGCTCCGGCTCCTCTGAGAAGAACAGAATGATTGTACCCCAAGAAACACAGACATCAACGCTTTTCACTGAGGATCAGAGCTTTTGGGAAAATCTATTCAAGGATTTTAATAACGAAAACCTTGAGGTTCCACTTCAAGATCATTCCTCAACC,ACGTCAGTGTGGTCTCTAGGTggttccggctccggctcctctgagaagaacagaatgattgtaccccaagaaacacagacatcaacgcttttcactgaggatcagagcttttgggaaaatctattcaaggattttaataacgaaaaccttgaggttccacttcaagatcattcctcaaccTAAGCTTAGAGACCAAGCGCTTA
eLW044-fLW133-243,NH32,GTGGAAATGAAATGGGATTTTGATTCATTGAGTTCGTCGGATTATATTATTGAAAATAATATCAACCTCGATGCTTTGGCTGAGGACAACAACGAGTGGGCTACTGCCCAACATGACCTGTTCAACTATGCATACCCTGACGAAGATTCTTATTACTTT,ACGTCAGTGTGGTCTCTAGGTgtggaaatgaaatgggattttgattcattgagttcgtcggattatattattgaaaataatatcaacctcgatgctttggctgaggacaacaacgagtgggctactgcccaacatgacctgttcaactatgcataccctgacgaagattcttattactttTAAGCTTAGAGACCAAGCGCTTA
eLW044-fLW133-244,NH31,GACAATCAAGAAATAGACTTTTTAGATCTCTTTAGTCCAACTTTCAAATTCAACTTTGCATCTACTACCACTGATTGGCAACCCATTGTGGCTGGACCTGACGAATGCGACGAATCAGTCTCAGATCTTTTGGCAGAAGTGGAAGCCATGGAGTCCCAA,ACGTCAGTGTGGTCTCTAGGTgacaatcaagaaatagactttttagatctctttagtccaactttcaaattcaactttgcatctactaccactgattggcaacccattgtggctggacctgacgaatgcgacgaatcagtctcagatcttttggcagaagtggaagccatggagtcccaaTAAGCTTAGAGACCAAGCGCTTA
eLW044-fLW133-245,NH20,TTGGTGAATGAAGATGCTGGATTTGTTGACTGCTTATTTGAAACAGAGGAGGAGAAGAACAGAATGATTGTACCCCAAGAAACACAAACACAACCGATGTTCTCTGAGGAGGATCAGAGCTTTTGGGAAAACCTAGATGTCGACGACGTGTTTGGTCTT,ACGTCAGTGTGGTCTCTAGGTttggtgaatgaagatgctggatttgttgactgcttatttgaaacagaggaggagaagaacagaatgattgtaccccaagaaacacaaacacaaccgatgttctctgaggaggatcagagcttttgggaaaacctagatgtcgacgacgtgtttggtcttTAAGCTTAGAGACCAAGCGCTTA
eLW044-fLW133-246,E5,GCGCTAGACGATTTCGATCTGGACATGTTGGGGGACGGGGATTCCCCGGGGCCGGGATTTACCCCCCACGACTCCGCCCCCTACGGCGCTCTGGATACGGCCGACTTCGAGTTTGAGCAGATGTTTACCGATGCCCTTGGAATTGACGAGTACGGTGGG,ACGTCAGTGTGGTCTCTAGGTgcgctagacgatttcgatctggacatgttgggggacggggattccccggggccgggatttaccccccacgactccgccccctacggcgctctggatacggccgacttcgagtttgagcagatgtttaccgatgcccttggaattgacgagtacggtgggTAAGCTTAGAGACCAAGCGCTTA
eLW044-fLW133-247,H8,ATGAAGAAGATAAGTTCAACGATCATGCAGGTCACTTGTCAAACATGTAAAGGACAGTTTCAAGCAGTTGCGGTTCCGGCGGCTACGGCTGATGAGACTTCTCTTGTCGTGAGTTACATGTCGTCAGCGAATACTGACGGAGAGTTGGAAAATGGTTTT,ACGTCAGTGTGGTCTCTAGGTatgaagaagataagttcaacgatcatgcaggtcacttgtcaaacatgtaaaggacagtttcaagcagttgcggttccggcggctacggctgatgagacttctcttgtcgtgagttacatgtcgtcagcgaatactgacggagagttggaaaatggttttTAAGCTTAGAGACCAAGCGCTTA
eLW044-fLW133-248,B8,TCTCTTGTGGAACATGTAGAGAAAACACATGAGAGGAACAAGAAGCAGAATCATGGCAATGTCACGGTCGATGTCTGCCCTAGATGTAGCAGAGGATTCCGCGATCCAGTAGATCTTGTGAACCATATCGAAAGAGATCACCGAGGCACTTCGAAAGCA,ACGTCAGTGTGGTCTCTAGGTtctcttgtggaacatgtagagaaaacacatgagaggaacaagaagcagaatcatggcaatgtcacggtcgatgtctgccctagatgtagcagaggattccgcgatccagtagatcttgtgaaccatatcgaaagagatcaccgaggcacttcgaaagcaTAAGCTTAGAGACCAAGCGCTTA
eLW044-fLW133-249,H7,CTCGAGAATTGCCGTAATACCTCAGTCACTAACAACAACAACAACAGTGTGGATCATCCCAGTGACTCAAACACCAACAACAATAACATTGTGGATCATCCGAATGACATAAAAAACAAGAACAATGTTGACAACAAGGACAATAACAGCAGAGACAAG,ACGTCAGTGTGGTCTCTAGGTctcgagaattgccgtaatacctcagtcactaacaacaacaacaacagtgtggatcatcccagtgactcaaacaccaacaacaataacattgtggatcatccgaatgacataaaaaacaagaacaatgttgacaacaaggacaataacagcagagacaagTAAGCTTAGAGACCAAGCGCTTA
eLW044-fLW133-250,D7,AAGAAGAAATCGGGTGTCTTCTACCTCGCCATTTCAATATTGACCTTGATGCTACTCCCACTCTTTTATCTTCTAGTCTTCTTACATCAAAGAGAAAAGAGAAGCGGAACACAAGATTTGCGTCGTATTATAAAATCTGGAAAAAAAACAAAACCGTCA,ACGTCAGTGTGGTCTCTAGGTaagaagaaatcgggtgtcttctacctcgccatttcaatattgaccttgatgctactcccactcttttatcttctagtcttcttacatcaaagagaaaagagaagcggaacacaagatttgcgtcgtattataaaatctggaaaaaaaacaaaaccgtcaTAAGCTTAGAGACCAAGCGCTTA
