library_ID,na_seq+overhangs
eLW044-fLW133-001,ACGTCAGTGTGGTCTCTAGGTgaaattcttgatgataatgatgctcttttttctgaacatgatctttttggtcatgatctttcttatgatccagatcaagatctttttcttgaacatgatctttttactccaccaccagattgggatgcttggcttgatactgatctttctgaaactgctTAAGCTTAGAGACCAAGCGCTTA
eLW044-fLW133-002,ACGTCAGTGTGGTCTCTAGGTattggtcatatttctccaaattgtaagaagccaaagaagtctaataagactattaacaatattgaaatgattgaatttattggtgatcaagaagaacttgaatttattattaatgataatgatattatttatattgaacaatttattgatactgaaaatTAAGCTTAGAGACCAAGCGCTTA
eLW044-fLW133-003,ACGTCAGTGTGGTCTCTAGGTaagccatgtacttgttataattgtggtgaaattggtcatatttctccaaattgtaagaagccaaagaagtctaataagactattaataatattgaaatgattgaatttattggtgatcaagaagaacttgaattcattattaatgataatgatattattTAAGCTTAGAGACCAAGCGCTTA
eLW044-fLW133-004,ACGTCAGTGTGGTCTCTAGGTtatccaagaaagaaggttcttattccatgggaaaagggtaatccatctattattcaaccacttcaaaatgaacaaattaataatattaatgaagttgaagaacttaataatattcttggtgaagatatttatggtgataatccacttaagcattgggaaTAAGCTTAGAGACCAAGCGCTTA
eLW044-fLW133-005,ACGTCAGTGTGGTCTCTAGGTaatagagattttgcttctgttgtttctaatatgcttggtgatgatgatgtgtatcatattggtgaagttgatttttctaagtatgataagtctcaagatgcttttgttaagtcttttgaagaagttatgtataaggaacttggtgttgatgaagaacttTAAGCTTAGAGACCAAGCGCTTA
eLW044-fLW133-006,ACGTCAGTGTGGTCTCTAGGTcaatggattactcttggtactaagaagccaaagaaggatccagaaccaaaggaaattgcttttcaaccagaaattactattgaagattttcaatatctttatgatcttggtagaaagtatgatggtgaaggtgatactactttttttactactgataagTAAGCTTAGAGACCAAGCGCTTA
eLW044-fLW133-007,ACGTCAGTGTGGTCTCTAGGTgataattctcatccagatattcaagaagatgaaaatcaatttattggttttctttctgatcttggtgaagaatatgaattggaatatccatcttttactccagttcatgctgatgaatttatttttattattattaatggtgaagaaattccagatgatTAAGCTTAGAGACCAAGCGCTTA
eLW044-fLW133-008,ACGTCAGTGTGGTCTCTAGGTaattggtattctgatcaagaaaattggtattctgatgaacaatatcttggtatttatatgtttattggtgaaacttctggtgaaaataatcaagataatatggaaggtattattaaggaatataataagactgaaccagaaaagattaataagattattTAAGCTTAGAGACCAAGCGCTTA
eLW044-fLW133-009,ACGTCAGTGTGGTCTCTAGGTcaaattcataatcttccagatcttgaaattccaccagaagatgcttttattattcttgaagttgatggttgtatggaaggttggggtggtgtttgtaagtggaggccaaagaagaatgatccaaagtctactgaaaagatttgtgcttatgcttctggtTAAGCTTAGAGACCAAGCGCTTA
eLW044-fLW133-010,ACGTCAGTGTGGTCTCTAGGTggtgaagaatctgttattaatagacttgttgaagcttattcttgtgctagaactaatgctccaacttctactgctggtaattctcttacttgggaaggttttattgaagatattaaggaagctgtttcttctcttgaacttgatgctggtgttggtgttTAAGCTTAGAGACCAAGCGCTTA
eLW044-fLW133-011,ACGTCAGTGTGGTCTCTAGGTccatctaagccaggttttggtctttctactgatgatcaaattgaagattttgttaaggttcttgcttctcaacttggtgaagaaccacaagaagtttttaataattggtctactaagcttattccaactgattgttctggttttgattggtctgttgctTAAGCTTAGAGACCAAGCGCTTA
eLW044-fLW133-012,ACGTCAGTGTGGTCTCTAGGTgaagcttattcttgtgctagaactaatgctccaacttctactgctggtaattctcttacttgggaaggttttattgaagatattaaggaagctgtttcttctcttgaacttgatgctggtgttggtgttccatatattgcttatggtactagaactcatTAAGCTTAGAGACCAAGCGCTTA
eLW044-fLW133-013,ACGTCAGTGTGGTCTCTAGGTagacaagaaagaaagagaatgcaaaagcaaaaggaaaagagagttactccatctacttctaagcaaacttctcaagaagaaattattggtgctattgaaggtgatccatgggaagaatttgaagaaatggttgaaagacttcatgctcaagttactcaaTAAGCTTAGAGACCAAGCGCTTA
eLW044-fLW133-014,ACGTCAGTGTGGTCTCTAGGTggtgctagaagaaatagaggtagaccaatgggtcatagagctgttaatccagctactagaactccagctcaaagatttgaagattggtctttgcaagaacaaacttatcatagagattggattaatgaacaatttgaagattctcttgctaatcttggtTAAGCTTAGAGACCAAGCGCTTA
eLW044-fLW133-015,ACGTCAGTGTGGTCTCTAGGTattatgggtccaccaagagaaagagttgttcaacatcaaaatactactccacttcaacttcaaccaactgaaactactggtgatactccaatgcttgatagagtttatggtgttggtacttctccagaatttgattggactgctttttataatgattttTAAGCTTAGAGACCAAGCGCTTA
eLW044-fLW133-016,ACGTCAGTGTGGTCTCTAGGTcaagaattttctacttctactcttcaatggaatatgggtgatatgtatgaaggtaaggaagaatgtaaggctgtttctactccatatcaatgtattaatgattttcttgaagatgttgttgttggttctactactcttgattttggtgatatgtcttctTAAGCTTAGAGACCAAGCGCTTA
eLW044-fLW133-017,ACGTCAGTGTGGTCTCTAGGTgaatgtaaggctgtttctactccatatcaatgtattaatgattttcttgaagatgttgttgttggttctactactcttgattttggtgatatgtcttctgaactttctgatcaaccatttgaatgtggtgttgatggtgttattattagagaaggtaatTAAGCTTAGAGACCAAGCGCTTA
eLW044-fLW133-018,ACGTCAGTGTGGTCTCTAGGTggtgaagaagctactgaatgggctgattttcttaatgctttttttgaagaagaagaaaattatgttaaggatcaagttgatagaactactgctactactgctgattcttcttgtactaagaattgtgaagaagaaactgctatgagaggtaattattggTAAGCTTAGAGACCAAGCGCTTA
eLW044-fLW133-019,ACGTCAGTGTGGTCTCTAGGTcttgatgaatttgtttctcaaatggaaccatttacttttcaagttaagcttgttgatgttgattggaattatcatcataattgggatcttttttctaaggctgaagaagattatggtgttgatgtttgtgatcttcttaatgaaggttttattgctggtTAAGCTTAGAGACCAAGCGCTTA
eLW044-fLW133-020,ACGTCAGTGTGGTCTCTAGGTaatcaagctggtgattctactaagatgcattatgttggtgttactcaatgggctaatgttattgattctcaacttggttctccagaaattgttgattatgatattatgtctatgtgggatgatactgattttactgattggaatgaaagatttgctccaTAAGCTTAGAGACCAAGCGCTTA
eLW044-fLW133-021,ACGTCAGTGTGGTCTCTAGGTattgattctcaacttggttctccagaaattgttgattatgatattatgtctatgtgggatgatactgattttactgattggaatgaaagatttgctccaaagaatgatgttgttattaagtctaaggctactgctactgaaatgagagttactactaagTAAGCTTAGAGACCAAGCGCTTA
eLW044-fLW133-022,ACGTCAGTGTGGTCTCTAGGTgaaatttattctatgtctgaaggtgaagatccaactactatgtttatgaatcttactccacttgctcaaattgaagattgtcttactcttgattgggaatataaggatgtttatgaatatagacattttggtacttgtacttctgatattcaacaaccaTAAGCTTAGAGACCAAGCGCTTA
eLW044-fLW133-023,ACGTCAGTGTGGTCTCTAGGTactttttataagattgttactactactccaacttctccaattgttcatgatattaattatattgaagaacttgaacttgaaattccagaatattatgatatttgttctactgttggtgctattcaaggtggtatttctgaagaatttatttctccagaaTAAGCTTAGAGACCAAGCGCTTA
eLW044-fLW133-024,ACGTCAGTGTGGTCTCTAGGTtggtctaatgctattgatactgaaccaactactgttgaaattgcttcttatgatattatgtctctttgggaagatactgatttttctgattggaatgaaaagttttgtccaagaaatgaagctgttgttaagtctactaatccagctactcatcttagaTAAGCTTAGAGACCAAGCGCTTA
eLW044-fLW133-025,ACGTCAGTGTGGTCTCTAGGTagaattaatagacatgatccaggttgtggtctttttaatttttctattgatgaaagacatactgatcttgttgaatctgtttgtcatgaaactgttccacttcaagttcttgatgatcttgaatctccacttaatgttggtactatgcataattgtgatTAAGCTTAGAGACCAAGCGCTTA
eLW044-fLW133-026,ACGTCAGTGTGGTCTCTAGGTgttgaatttaaggatattgcttctggttttgctgttaatcaatctgcttctgatattgatcttgttgatgcttttgatcaaatggttgcttttagaagagatgaaactaatgaagatcaattttatggtgaaactgctccaagagaagttaaggctgctTAAGCTTAGAGACCAAGCGCTTA
eLW044-fLW133-027,ACGTCAGTGTGGTCTCTAGGTtctccaactggtgataagagaatgaattctcaagattggaagcttgtttctcaaattaaggaagaagttcaaaagcttccagatcttgaaattccaccagaagattcttttattattcttgaaactgatggttgtatgactggttggggtggtgtttgtTAAGCTTAGAGACCAAGCGCTTA
eLW044-fLW133-028,ACGTCAGTGTGGTCTCTAGGTtatcattatggttatactggttctgttattgaaccacttcttgattttccagataatattgctatgcaactttgggaagatactgatcaaactgattggctttctctttatgctccatctaatcaatgtcaacttaagtctagagaacttccaggtaagTAAGCTTAGAGACCAAGCGCTTA
eLW044-fLW133-029,ACGTCAGTGTGGTCTCTAGGTtctactgatgatcaaactagagaatttgttcaaaatcttgctgttcaatgtggtgttaatactgatcaacttcttcaagattggcaaaatcatactgttccaactgattgttctggttttgattggtctgttgctgaatggatgcttcaagatgatatgTAAGCTTAGAGACCAAGCGCTTA
eLW044-fLW133-030,ACGTCAGTGTGGTCTCTAGGTgttaaggattttgaagctagagattttgttgttgattttgaacttgatgattctatttctccaactattaattctactgatgttacttttggtgattggtgggataatcaaatttctactggtcttactattccacattatagaactgaaggtaagtttTAAGCTTAGAGACCAAGCGCTTA
eLW044-fLW133-031,ACGTCAGTGTGGTCTCTAGGTcttactgcttctaagtatatttatgaaactactgctccaaagggtaagatttttgattttgatgatgaactttggaatgaacttatggaagatttttctgttgctgaatctcaatatctttataataagattaagaatgttgaaccagaatgttctatgTAAGCTTAGAGACCAAGCGCTTA
eLW044-fLW133-032,ACGTCAGTGTGGTCTCTAGGTagagctagaggtagaccatatgttccaccaacttttaatcttccacttgctggtaatgatactggtcttatgcttgaactttctgatccatctatgtataatgaaattcttgatcaatgggaatcttctactaagaatcttcttaatggtcaacaatttTAAGCTTAGAGACCAAGCGCTTA
eLW044-fLW133-033,ACGTCAGTGTGGTCTCTAGGTatggctattcaaccatcttgggaaatttgtcaaggtattgttccagaagatactttttatactaatggtgtttttcatggtgatatgagaaatattgatccatattttaatgaatatcaagttgatactatgccatggattgaagaaactaatgaacaaTAAGCTTAGAGACCAAGCGCTTA
eLW044-fLW133-034,ACGTCAGTGTGGTCTCTAGGTacttttaatcttccacttgctggtaatgatactggtcttatgcttgaactttctgatccatctatgtataatgaaattcttgatcaatgggaatcttctactaagaatcttcttaatggtcaacaatttgattctaatagatctaaggttgaatatgttTAAGCTTAGAGACCAAGCGCTTA
eLW044-fLW133-035,ACGTCAGTGTGGTCTCTAGGTactaatggtgtttttcatggtgatatgagaaatattgatccatattttaatgaatatcaagttgatactatgccatggattgaagaaactaatgaacaacttgctgatcaagctgaagttattattgaagaaatggatagagatcaacattttattgttTAAGCTTAGAGACCAAGCGCTTA
eLW044-fLW133-036,ACGTCAGTGTGGTCTCTAGGTaattttccaaatactactgaatggcttgatgatactccacttgaatttccagaagaaagactttcttattctcaatggttttctgaagatccacaagttcttgctcaaccaccatggtcacaacattctgctaaggtttgtcatgttcttgatcttaatTAAGCTTAGAGACCAAGCGCTTA
eLW044-fLW133-037,ACGTCAGTGTGGTCTCTAGGTtctgatcttggtctttctcatgaagaagaatttccatctattccatttgatccagaacaacttatggaatctttttctattggtagatctaagaaggctattccagatagagttccatctccatataataatcttatttttcatggtgctgaaccaattTAAGCTTAGAGACCAAGCGCTTA
eLW044-fLW133-038,ACGTCAGTGTGGTCTCTAGGTgctgctatttttaatccaccaccagttggttatgttccaaagtataatcatactcaatttgttcttactgatgatattcttgattggcttgaatctaatttttttcttgaagaatctaattctccagctggtccatctaagtataaggttattccatctTAAGCTTAGAGACCAAGCGCTTA
eLW044-fLW133-039,ACGTCAGTGTGGTCTCTAGGTgttcttactgatgatattcttgattggcttgaatctaatttttttcttgaagaatctaattctccagctggtccatctaagtataaggttattccatctattgatagaccaaagtctattattattgaaggtccatctagaactggtaagactctttggTAAGCTTAGAGACCAAGCGCTTA
eLW044-fLW133-040,ACGTCAGTGTGGTCTCTAGGTggtgttaatccacttgaatttgatgaagtttatcttactgttggtgattttaagggtgaagtttgggaaactaaggatatggatattgatgaaatgtattctgatctttattctgattttaatcttggtaatagaaagggttattctaaggatgtttatTAAGCTTAGAGACCAAGCGCTTA
eLW044-fLW133-041,ACGTCAGTGTGGTCTCTAGGTtgtggtgaaaatatgtttgaatctgttggtcatgaatctccatctgttactcttccaattaatccatttgaatgtgatgttcatccagctgttgctgaaattatgaaggaagcttggtggagagatggtgttgaagattggccaattgaaaagaagtatTAAGCTTAGAGACCAAGCGCTTA
eLW044-fLW133-042,ACGTCAGTGTGGTCTCTAGGTgataagcttctttctcttggttttgatgaagattgtggtccagaatgggatccatatgaaatttattgtgatcttaataagaaggctgctatgggtgctctttatcaaggttctaagaatgattggcttaaggaaattactccaaaggaatttattgaaTAAGCTTAGAGACCAAGCGCTTA
eLW044-fLW133-043,ACGTCAGTGTGGTCTCTAGGTccaaagcaagaagttaatgttgttaatagaattccatatactgaacaagatgttcttgaatttgttgaagaaacttctatgatgcttgaaaagggtattattgaaattgctaattctccacattctgctccagctttttatgttaataatcatgctgaaTAAGCTTAGAGACCAAGCGCTTA
eLW044-fLW133-044,ACGTCAGTGTGGTCTCTAGGTgatgatgttgttattaatggtattgatggtgaagatttttttgatgctcttgttatgtctacttctgaaggttatccatatattaaggaaagaaatattggtgaaaagggtaaggctagatattttgaaccaactggtgatggttgtagaaagcaacttTAAGCTTAGAGACCAAGCGCTTA
eLW044-fLW133-045,ACGTCAGTGTGGTCTCTAGGTgctggttgtggtggtcaagaaccagctgcttctgcttttgaagaagctagagaaatttggattgaaccaactccagctcaacaatgggataataatattggtccacatggttatgaatgggattggccattttctgaatcttggtcaccatggggtagaTAAGCTTAGAGACCAAGCGCTTA
eLW044-fLW133-046,ACGTCAGTGTGGTCTCTAGGTcatctttgtccatctaagccaggtatgggtatgtctactccatctcaagttgaaatgctttggaaggatgttgctcataagcattctcttcatcaagctgctgaagctgatatttctgcttttgattggtctgttcaagattgggaactttgggctgatTAAGCTTAGAGACCAAGCGCTTA
eLW044-fLW133-047,ACGTCAGTGTGGTCTCTAGGTccagaagtttctactgatacttcttttgattcttggtggattgaacaaatgaattctggtaatgttattccacattatagaactgaaggtgaatttatggaatttactagagctacttctgctaaggttgcttctgatatttctcaatcttctgttatgTAAGCTTAGAGACCAAGCGCTTA
eLW044-fLW133-048,ACGTCAGTGTGGTCTCTAGGTccagaatcttcttctggttttactggtaagtggggtgattatgctgaagatgatgaatttatgaagatgatttctgctcttgattctcttactaagcaagcttctgaagaagcttttattccagttcaagttaagcttagagatggtagaactgttcaaTAAGCTTAGAGACCAAGCGCTTA
eLW044-fLW133-049,ACGTCAGTGTGGTCTCTAGGTgaacttgatatggttattcaagaaaatgaatctcatattctttttcttcaagatatgattaaggaaactccagaaattattccagatatggctttggaagaacaaattcaacatatggaatatgctaaggctattcttgaaaatggttggatttctggtTAAGCTTAGAGACCAAGCGCTTA
eLW044-fLW133-050,ACGTCAGTGTGGTCTCTAGGTagatctattccatctaagccaggtatgggtctttctactgatgctcaagttactgaatttatgtcttctctttctcaacatgttcaagttccagttgaagatcttgtttatgattgggaaaagcatgttcttccaactgattgttctggttttgattggTAAGCTTAGAGACCAAGCGCTTA
eLW044-fLW133-051,ACGTCAGTGTGGTCTCTAGGTcttggtgatctttttggtatggaaaatctttataatgaaacttatgatatttttaaggattcttatttttatcttgctgatggttcttatgttccatctatggatgctcaaggtaattttactccagaaccaccatattcttttactggtcataagggtTAAGCTTAGAGACCAAGCGCTTA
eLW044-fLW133-052,ACGTCAGTGTGGTCTCTAGGTtctcttgatgaatttgttcattattttgaaccatatgttgttaatgttccaactaagcatgttaattatggttttgaatttaattatgttatggaagattttagatatgaacaaggtgaaaatgatcttgttgatatgcttgataattttgatggttctTAAGCTTAGAGACCAAGCGCTTA
eLW044-fLW133-053,ACGTCAGTGTGGTCTCTAGGTccatctgattgggctgctatgggttttcaatggaatgatagatttgctgcttttgatttttttgattatgttgaaaatgaagctgctattcaaccacttgatggtcttattagaagaccaactagatctgaaaagattgctcataatactcataagagaTAAGCTTAGAGACCAAGCGCTTA
eLW044-fLW133-054,ACGTCAGTGTGGTCTCTAGGTcaaattactgaagaatgggatgttcttatgcttcaagaagaagaaattccagaaccatctgaatattatattggtgaaccaggttggagatctcaaatgaaggtttctaagactgaatttcattgtcaacatgaatggaagtttgataaggaagattctTAAGCTTAGAGACCAAGCGCTTA
eLW044-fLW133-055,ACGTCAGTGTGGTCTCTAGGTagatatcttgctgctcaaagaattggtttttattatgattgggatgatgatgtttatgaatgtccaacttgtgaagctatttatcattctcttgatgaaattaagaattggcatgaatgtgatccaccagcttttgatcttaatgattttattactgatTAAGCTTAGAGACCAAGCGCTTA
eLW044-fLW133-056,ACGTCAGTGTGGTCTCTAGGTgctcttaataaggctggttataatactactgaacttcaagaaaattgtgttttttatattaatggtgatgatctttgtattgctgttcatccagaacatgaaccaatgcttgatacttttcaaaagtcttttaatgaacttggtcttaattatgattttTAAGCTTAGAGACCAAGCGCTTA
eLW044-fLW133-057,ACGTCAGTGTGGTCTCTAGGTttttataagatggttactcaagctcaagctccaccaatggttcatgatatttcttatcttgaagaacttgaacttgaacttccaatttattatgatatttgtgctactaatccatctggtggtgaaattaattctgatcttattccaccatctgaaattTAAGCTTAGAGACCAAGCGCTTA
eLW044-fLW133-058,ACGTCAGTGTGGTCTCTAGGTcaagatgcttttattaagtcttttgatgaagctctttatgaagaatttggttttggttttgatccagaacttctttctgtttggatggaaggtgaatatagatctgaaagaaatactatggatggtcaagttggttttactgttgattgtcaaagaaagTAAGCTTAGAGACCAAGCGCTTA
eLW044-fLW133-059,ACGTCAGTGTGGTCTCTAGGTgctctttatgaagaatttggttttggttttgatccagaacttctttctgtttggatggaaggtgaatatagatctgaaagaaatactatggatggtcaagttggttttactgttgattgtcaaagaaagtctggtgcttctaatacttggattggtaatTAAGCTTAGAGACCAAGCGCTTA
eLW044-fLW133-060,ACGTCAGTGTGGTCTCTAGGTcaagttcttgattttgttcataatcttgctgaaaatactgaatatagagaatctgttgaagattttattaagcattggcatagaactgttgttccaactgattgttctggttttgattggtctgtttcttcttggatgcttgaagatgatatggaagttTAAGCTTAGAGACCAAGCGCTTA
eLW044-fLW133-061,ACGTCAGTGTGGTCTCTAGGTgaatgtgatgaatttcttgaaggtcataagtgtgaagaatgtggtactacttttagaaagactgatgataatcttgctgataatatgaatgttgttgctagaaagcttggtggttatgatgcttattatgcttctacttggtctgaatttgaacaagctTAAGCTTAGAGACCAAGCGCTTA
eLW044-fLW133-062,ACGTCAGTGTGGTCTCTAGGTcaacaagctcttccaaatactgctagacataatcaggattctaatactattcaaccacaaccagctgaatctccaggtacttctcaagttttttctaattttcaaaatcttgatggtcttactccatctgattgggattttcttgaatctcttcaaaatTAAGCTTAGAGACCAAGCGCTTA
eLW044-fLW133-063,ACGTCAGTGTGGTCTCTAGGTccagttaagcattggacttctagaacttctagaaatccaggtagagtttttgttgcttgtgctgaacaaaagtgtcatgcttggtggtgggatgatcttattgaaaattatcttgaagaaatttggtctatggaagatgaagaagttggtaagactccaTAAGCTTAGAGACCAAGCGCTTA
eLW044-fLW133-064,ACGTCAGTGTGGTCTCTAGGTtatgaagatggtcatattggtattgatatggatcaattttggaaggaatcttatccagaagatggtggtgatagatgttggccaggtggtggtgatgatctttcttatccagattatattagacttactgctactactccatctactggtgattgggctTAAGCTTAGAGACCAAGCGCTTA
eLW044-fLW133-065,ACGTCAGTGTGGTCTCTAGGTattaattcttctaatactaatgtttatcatcaatctcttgatgatattagagatttttatgaagataagcaacttactattgattttgatattactggtgaaaatcaaattaatagaggtccaattgatgttacttttgaaaagtggtgggataatcaaTAAGCTTAGAGACCAAGCGCTTA
eLW044-fLW133-066,ACGTCAGTGTGGTCTCTAGGTgctgctgctattagaaataaggtttctaatggttctatttttactccagttactccacaacttcttgattctcttcaatcttctgaaggtcatctttttgattggtattttaatgatgatcttatttcttggaagggtgttccaactaatatggatccaTAAGCTTAGAGACCAAGCGCTTA
eLW044-fLW133-067,ACGTCAGTGTGGTCTCTAGGTggttctatttttactccagttactccacaacttcttgattctcttcaatcttctgaaggtcatctttttgattggtattttaatgatgatcttatttcttggaagggtgttccaactaatatggatccaaggaattttccagtttctgaaactatttctTAAGCTTAGAGACCAAGCGCTTA
eLW044-fLW133-068,ACGTCAGTGTGGTCTCTAGGTcatctttttgattggtattttaatgatgatcttatttcttggaagggtgttccaactaatatggatccaaggaattttccagtttctgaaactatttctgaatttatttttcataatgattctaagggtcatggtactgataagtattatggtgaaaatTAAGCTTAGAGACCAAGCGCTTA
eLW044-fLW133-069,ACGTCAGTGTGGTCTCTAGGTcttggtcaaaagtctcatgcttttactactttttatgattttgatattaatgcttttgatattgttaagtttgttgatccaaattctggtgttatgattgaaagaaatacttatggtcttgatatggaagaacttgttagagattttgaagaagctaatTAAGCTTAGAGACCAAGCGCTTA
eLW044-fLW133-070,ACGTCAGTGTGGTCTCTAGGTccaagagatcttaagccaaagcttgttgatcttactgatcatagatgtggtgcttgtggtagaccatttcaagaacaaatgcatgatccatgggctgaaatttttgatatttttgatgaatctattaatccaaatgttggtgctcaaactgaaatgatgTAAGCTTAGAGACCAAGCGCTTA
eLW044-fLW133-071,ACGTCAGTGTGGTCTCTAGGTcttactgatcatagatgtggtgcttgtggtagaccatttcaagaacaaatgcatgatccatgggctgaaatttttgatatttttgatgaatctattaatccaaatgttggtgctcaaactgaaatgatgaagcttatgggtagacttgatatgtctgaaTAAGCTTAGAGACCAAGCGCTTA
eLW044-fLW133-072,ACGTCAGTGTGGTCTCTAGGTtttgatactgttgaaggtaaggttaagcttcatgttatggctccaaatccaacttctgaatttattgatcttaatcttgattattatatgggtactcataagtatcaagataatattgaaggtcttatggaatctgttattcaaatggatgatgctggtTAAGCTTAGAGACCAAGCGCTTA
eLW044-fLW133-073,ACGTCAGTGTGGTCTCTAGGTcatcaagaaactgaaattgttagaattaatagatctcatcattttcatactgatgtttctattgaatatcttattccagaagaaaatcttcttgttgaacattttgatcttatgaataatcttggtcttgatgaacaacttattactcatgaaagaagaTAAGCTTAGAGACCAAGCGCTTA
eLW044-fLW133-074,ACGTCAGTGTGGTCTCTAGGTattgaactttctgaagattttgaaggttgtgattcttataattatgaactttgggattttaagcatgatattgctagaggtactcaaatttctgaagctggttgttgttctgaaactattatttctgatcattctgaatgttggtataatattaatgatTAAGCTTAGAGACCAAGCGCTTA
eLW044-fLW133-075,ACGTCAGTGTGGTCTCTAGGTcaagctccaattcatgttacttgtacttatggtgatcaaaagtttgaaatgagatctaatattgaactttctgaagattttgaaggttgtgattcttataattatgaactttgggattttaagcatgatattgctagaggtactcaaatttctgaagctTAAGCTTAGAGACCAAGCGCTTA
eLW044-fLW133-076,ACGTCAGTGTGGTCTCTAGGTtctaattgtgatttttgtgatgaatctaagcaaagagaaattgatcatgttgaagaatttaagactattccaattaatccaattgaaggtgattttcatccaactgttattgaagctatgaaggaatcttggtggagatctgatgttgaagattggccaTAAGCTTAGAGACCAAGCGCTTA
eLW044-fLW133-077,ACGTCAGTGTGGTCTCTAGGTccaaatcaagatcttactattgatgattattctgaagatcaatttaattggattatggatggttttaagccaaaggttatgtttgattctgatgttgttccaggtacttctggtatggtttataagaataagagaaatgatggtagaaagtatactattTAAGCTTAGAGACCAAGCGCTTA
eLW044-fLW133-078,ACGTCAGTGTGGTCTCTAGGTaattctgaaaattattatgctgcttttgatgctgattttgaagaagaatatcttagaactaatgatcatgaaaagtgggttaaggattggaagtataatccagatactgttctttggggttctcttaagcttactaataatactccaactggtatgtttTAAGCTTAGAGACCAAGCGCTTA
eLW044-fLW133-079,ACGTCAGTGTGGTCTCTAGGTtggattactactaagtatggtaattgtggtcttccaatggtttctgttgatactatggatattattggtcttcattctcttggtgctcaaaattctaatgaaaattattttgctgctcttactgatgatttttctaagcaattttttgaaccagaaactTAAGCTTAGAGACCAAGCGCTTA
eLW044-fLW133-080,ACGTCAGTGTGGTCTCTAGGTattattggtcttcattctcttggtgctcaaaattctaatgaaaattattttgctgctcttactgatgatttttctaagcaattttttgaaccagaaactgatgttccatggcaaagaaagtggtcttataatgctgataaggttaattatggtactatgTAAGCTTAGAGACCAAGCGCTTA
eLW044-fLW133-081,ACGTCAGTGTGGTCTCTAGGTcttccaatggtttctgttgatactatggatattattggtcttcattctcttggtgctcaaaattctaatgaaaattattttgctgctcttactgatgatttttctaagcaattttttgaaccagaaactgatgttccatggcaaagaaagtggtcttatTAAGCTTAGAGACCAAGCGCTTA
eLW044-fLW133-082,ACGTCAGTGTGGTCTCTAGGTtctcatgaagaaactgaagttgctcaaactagacaagaaaagtttgaagaacttgctactgatttttcttctttttttgatgctcaatatacttgggaacaaggtggtgaagaagctccaggttttgataaggttggttctcttccacaattttatcatTAAGCTTAGAGACCAAGCGCTTA
eLW044-fLW133-083,ACGTCAGTGTGGTCTCTAGGTagacaagaaaagtttgaagaacttgctactgatttttcttctttttttgatgctcaatatacttgggaacaaggtggtgaagaagctccaggttttgataaggttggttctcttccacaattttatcatgctaagcaaaagaagtcttctaattggggtTAAGCTTAGAGACCAAGCGCTTA
eLW044-fLW133-084,ACGTCAGTGTGGTCTCTAGGTtatcaaccacaaatgtattttaatccagattttcttgaagattatgatggtgaatatccaagatgtcttgaaattccagaaagatatggtgattctatttgggatactcttggtccagatggtagatttcttgttagatatgatccaccaccagaaactTAAGCTTAGAGACCAAGCGCTTA
eLW044-fLW133-085,ACGTCAGTGTGGTCTCTAGGTaagcaaaagtatagaattccatatggtcatcaaggtattattccaccatttgattttaataatcttgaagaaggtattagagatcttcttgatcttatgtatcaagaatctccaccacaagaatttaagcatgaagatatggttgaagctattgatattTAAGCTTAGAGACCAAGCGCTTA
eLW044-fLW133-086,ACGTCAGTGTGGTCTCTAGGTcttttttctactaagactccatttcttcataagcaaaagtatagaattccatatggtcatcaaggtattattccaccatttgattttaataatcttgaagaaggtattagagatcttcttgatcttatgtatcaagaatctccaccacaagaatttaagTAAGCTTAGAGACCAAGCGCTTA
eLW044-fLW133-087,ACGTCAGTGTGGTCTCTAGGTtattcttataatggtggttctcatgcttctcaaggttggccagttgaacttgatgatcttcttcttgttcatggtgaaaatccagttgcttttgattctgttcttgttcaaagatataatcaaggtggtggtattggttttcattctgataatgaatctTAAGCTTAGAGACCAAGCGCTTA
eLW044-fLW133-088,ACGTCAGTGTGGTCTCTAGGTcaaggttggccagttgaacttgatgatcttcttcttgttcatggtgaaaatccagttgcttttgattctgttcttgttcaaagatataatcaaggtggtggtattggttttcattctgataatgaatctatttttcaagaaggtggttctatttgtactTAAGCTTAGAGACCAAGCGCTTA
eLW044-fLW133-089,ACGTCAGTGTGGTCTCTAGGTccacatccacaaactgaaccagaacttcattgtaaggaaactattgatgattggcttaagccaaatatttttcaagttcatccagatgcttatatgcttattaataattgtactagagaacaagctgaatctgatcttgtttggcttgatgatgttactTAAGCTTAGAGACCAAGCGCTTA
eLW044-fLW133-090,ACGTCAGTGTGGTCTCTAGGTaagcttcatcttccaagagttagaggtcaaaatgttgttaatcttgatcatcttcttgtttatgatccagaacaagttgatatttctaatgctagagctactcaaggtcaatttgatacttggtatgatggtattaagtctgaatatgaacttaatgatTAAGCTTAGAGACCAAGCGCTTA
eLW044-fLW133-091,ACGTCAGTGTGGTCTCTAGGTtttgctcaaactaatgaatctgctgatgttcttgaaaatcttggtattatgactaatccacttgctgttcttccacatactcatgctgctgataaggctcttgaaaatgatatgtatgatgttgtttctaattattttgatagatctgaaccaattactTAAGCTTAGAGACCAAGCGCTTA
eLW044-fLW133-092,ACGTCAGTGTGGTCTCTAGGTggtaagcatcaaggtaagattattaattctattgaagaagttaattttattaatgaaattgatcatttttctgatccacaagctaatgatttttggagaggttatactgatgcttatgttgctaatagagctatttctactactcatactgaacatactTAAGCTTAGAGACCAAGCGCTTA
eLW044-fLW133-093,ACGTCAGTGTGGTCTCTAGGTattgaagaagttaattttattaatgaaattgatcatttttctgatccacaagctaatgatttttggagaggttatactgatgcttatgttgctaatagagctatttctactactcatactgaacatactccaactattaatcttgaaaagtgtggtaagTAAGCTTAGAGACCAAGCGCTTA
eLW044-fLW133-094,ACGTCAGTGTGGTCTCTAGGTgatactgttgaatttaaggatattactgctaatttttctgttcatcaagatgctcaatctatggatcttcaaaaggctttttctgaaatggttgataatagatggaatgatgaagatttttgggatgataagcaaccaaagcaaattatggcttattttTAAGCTTAGAGACCAAGCGCTTA
eLW044-fLW133-095,ACGTCAGTGTGGTCTCTAGGTggtgattctagaactggtaagactatgtgggcttctaatgaagcttggtataatgttattgatgatgttgatccacattatcttaagcatttttctaatgaagcttggtataatgttattgatgatgttgatccacattatcttaagcattttaaggaaTAAGCTTAGAGACCAAGCGCTTA
eLW044-fLW133-096,ACGTCAGTGTGGTCTCTAGGTgctaatagaccaatttctattgttattgaaggtgattctagaactggtaagactatgtgggcttctaatgaagcttggtataatgttattgatgatgttgatccacattatcttaagcatttttctaatgaagcttggtataatgttattgatgatgttTAAGCTTAGAGACCAAGCGCTTA
eLW044-fLW133-097,ACGTCAGTGTGGTCTCTAGGTtttcaaggtgctaagtcttcttctgatgttaagtcttatattgaaaaggattctgattatatttctaatgaagcttggtataatgttattgatgatgttgatccacattatcttaagcatcttactaatcatgctgaagctcttaatgctggttctgctTAAGCTTAGAGACCAAGCGCTTA
eLW044-fLW133-098,ACGTCAGTGTGGTCTCTAGGTgctccatttacttgttgggattctagagatcttatggctgatcaagttcatgaacaaagagattcttctggtactgcttcttctttgtgtcttccatgggttgatgaagaaatggaaattatgactcaaagagttagagttgatgaaaagactattactTAAGCTTAGAGACCAAGCGCTTA
eLW044-fLW133-099,ACGTCAGTGTGGTCTCTAGGTtcttcttctgatgaacaacttgttagaaagtggcatactaattcttataatattattcaagaaatgtctgatgaaactagagctgcttattttgaacttgaagaagatatgaagaagattatgatgactgatgatgttccagttgctctttctaattctTAAGCTTAGAGACCAAGCGCTTA
eLW044-fLW133-100,ACGTCAGTGTGGTCTCTAGGTaaggattttgaaactagagattttgttgttgattttgaacttaatgatgatatttctccacatattaatgctactgatgttcaatttggtgaatggtgggatcaacaagttgctgctggtgctactattccacattatagaactgaaggtcaatttcttTAAGCTTAGAGACCAAGCGCTTA
eLW044-fLW133-101,ACGTCAGTGTGGTCTCTAGGTgctaaggaaggtcaagctccatatattgctgaatctgctcttcaaaatctttatactggtaatggtgttaatgaaaatgaaattgaaaagtattttcaacaatttaagactgatcttcatggttatgttgaagattataatgaagatgtttatcatcaaTAAGCTTAGAGACCAAGCGCTTA
eLW044-fLW133-102,ACGTCAGTGTGGTCTCTAGGTtgtcatgaagaacttactcaatggcttaatactgatctttatgttgtttctgttgatgcttatactcttattcatccagatattgataatcatactgctactgaaaatcttaattggatggatgattatactagaaatcaaaatgtttataatactgatTAAGCTTAGAGACCAAGCGCTTA
eLW044-fLW133-103,ACGTCAGTGTGGTCTCTAGGTccagctgttggttgttctctttctcaaggtgaaacttcttcttctgctgatcttccacaattttgtgctgattttggttatatgccaccagatcttgattggtcttatgttaagactgttcaaggtgttagggaacaaccacaatatccatctaatcatTAAGCTTAGAGACCAAGCGCTTA
eLW044-fLW133-104,ACGTCAGTGTGGTCTCTAGGTtgtgttgttcatagagattttattcttcttgatgttccacaacttactcaaaatgatcttgatttttatgattctatggctcaagaatctattgaacaaattcttgaaaatccagataattttactaatattagaccacatatttataatgattctggtTAAGCTTAGAGACCAAGCGCTTA
eLW044-fLW133-105,ACGTCAGTGTGGTCTCTAGGTggttgtgctgaagataatgttaatcttatggctgctattccatctcttgatggtattactgcttctagatatgtttttgaaactactgctccaaagggtaagatttttgatcaagatctttgggaagaacttcttgaagaattttctatgcaagaagctTAAGCTTAGAGACCAAGCGCTTA
eLW044-fLW133-106,ACGTCAGTGTGGTCTCTAGGTgatcttacttgggatgaagaagaagaaatgtttatttgtaataagtgtggtaatcaatatagatctcttcatgattttgaagaaaatcattcttgtgattctaatgaagaaggtgaatatggtacttttactcttgaagattttattcaacatagaattTAAGCTTAGAGACCAAGCGCTTA
eLW044-fLW133-107,ACGTCAGTGTGGTCTCTAGGTgtttctggtgctattgatccttcttctaagcttgattctaagatttctgaagatgaagttgttcaaaattggccaagatatattgttccaactgattgttctggttttgattggtctgtttctgcttggatgcttgaagatgatatggaagttagaaatTAAGCTTAGAGACCAAGCGCTTA
eLW044-fLW133-108,ACGTCAGTGTGGTCTCTAGGTcttcaaaaggtttctggtgctccatctgttgaagaactttgtgctaatcataaggaatatactagaccaactgattgttctggttttgattggtctgttgcttattggatgcttgaagatgatatggaagttagaaatagacttacttttaataatactTAAGCTTAGAGACCAAGCGCTTA
eLW044-fLW133-109,ACGTCAGTGTGGTCTCTAGGTtctggtattattccaccatttaattttaatggtcttgaagaaggtattaagaatcttcttgatgttatgtataaggaatctactattactgaatttaagcaagaagatatgattgaaactattgatattatgatgatgcatgatgctccagttgatgatTAAGCTTAGAGACCAAGCGCTTA
eLW044-fLW133-110,ACGTCAGTGTGGTCTCTAGGTtctactgttagacatcaatctcttgatgatattattggtgattttgatgaaagaaatggtatgattgattttgatcttaatgataatattcataatgtttcttctcaaactgatgaaacttttggtagatggtgggttcatcaaactgaaagaggtcatTAAGCTTAGAGACCAAGCGCTTA
eLW044-fLW133-111,ACGTCAGTGTGGTCTCTAGGTaagcattggattgatactaatgatggtcaatgtggtcttccaattgcttctactcatgatggttctattcttggtcttcattctcttgctaataataatacttctgaaaattattttgttgcttttgatgatgaatttgaagaaaagcatcttagaactTAAGCTTAGAGACCAAGCGCTTA
eLW044-fLW133-112,ACGTCAGTGTGGTCTCTAGGTccaggtgaaatttctggtcttcaagctaattatcaatgggatcttgaatttgatgattctagatatactattggtaatatgaatgaaactgcttctgcttggggttttattaaaaatcatcatcaagttgaaccatgttctgaatctcttaatctttctTAAGCTTAGAGACCAAGCGCTTA
eLW044-fLW133-113,ACGTCAGTGTGGTCTCTAGGTacttttattggtaaggttggtaaggatcaaggtcttgttgaagaaaagcttcaaggtgatccatggcttaagggtgaactttttcttggtcaaactgaagatgctgaagttattcaaattaatgaatttatggaacaagatcaatggtttaagactcatTAAGCTTAGAGACCAAGCGCTTA
eLW044-fLW133-114,ACGTCAGTGTGGTCTCTAGGTgatgatatttgtaatattcaagaagataagcttatgactattgattttaatcttgatactgatgatccagttatggaagaacttgaaggtgtttcttttagaaagtggtgggataatcaacttaatagaggtaatactatgccacattatagaactgaaTAAGCTTAGAGACCAAGCGCTTA
eLW044-fLW133-115,ACGTCAGTGTGGTCTCTAGGTccagaacaaattagacttgtttgggatgatgtgtttcaaaagcatcaagctcatccagctgctgaagctgatatttctggttttgattggtctgttcaagattgggaactttggtctgatcttgctattagaattaatagaggtaattttcaaggtaatTAAGCTTAGAGACCAAGCGCTTA
eLW044-fLW133-116,ACGTCAGTGTGGTCTCTAGGTttttggagagttgaagaaattgataatgaacattgttgtgaagattatcttgaacaagttgattttaattatagagaagaacaacaaaatattcaagattttattagaaaggctcaagctgctgttgttgaagctacttctgaaactaatgttgaacaaTAAGCTTAGAGACCAAGCGCTTA
eLW044-fLW133-117,ACGTCAGTGTGGTCTCTAGGTgaagttgaaattgaatctattgaaagagcttttaatattaatgctgaagaatatcaaaaggaatatccaggttgttttactaatgatcttcaagaaactaagactaatttttctatttgttggtcaccaatgactgaagaacttgaaatgaatgaaagaTAAGCTTAGAGACCAAGCGCTTA
eLW044-fLW133-118,ACGTCAGTGTGGTCTCTAGGTtttaatattaatgctgaagaatatcaaaaggaatatccaggttgttttactaatgatcttcaagaaactaagactaatttttctatttgttggtcaccaatgactgaagaacttgaaatgaatgaaagaaattataataatgctattattcaatcttttTAAGCTTAGAGACCAAGCGCTTA
eLW044-fLW133-119,ACGTCAGTGTGGTCTCTAGGTatgtatggttttaatccagatgatttttctgctgttagatttgttgatccacttactggttgtactcttgatgaatctgtttatacttctattagagatgttcaagatcattttggtcaaattagagaagaagctattaatgaagatcttcttgatagaTAAGCTTAGAGACCAAGCGCTTA
eLW044-fLW133-120,ACGTCAGTGTGGTCTCTAGGTcatggtcatcatcaagatcaagatccaattcaacttcaaccatctgaatcttgtggttctgctcaaatgttttctgatcttccaaatttggatgatcttactccatctgattggtcttttcttaagggtattcaaaatccatctccacaagtttctcatTAAGCTTAGAGACCAAGCGCTTA
eLW044-fLW133-121,ACGTCAGTGTGGTCTCTAGGTtatgttgttggttatgctcttactaattctcatcattctattgattatcaatctaatgctactattgaacttgaagatgtttttcaagaaattggtaatgttcaacaatctgaattttgtactattcaaaatgatgaatgtaattgggctattgatattTAAGCTTAGAGACCAAGCGCTTA
eLW044-fLW133-122,ACGTCAGTGTGGTCTCTAGGTtgtggttgtgcttatgaatatcattctgaaactgaatctgaagcttgtctttgtccaggttatgctattgaaggtatttgtgattgtgattggtatgaagatagaccagaaacttctgattcttctgaactttttactcaatgggaaagacttgaacttTAAGCTTAGAGACCAAGCGCTTA
eLW044-fLW133-123,ACGTCAGTGTGGTCTCTAGGTagaattagagctaagcataatggtgaaagaaagcaagaagctcataaggaaccagaagctgaaaatccacaagaagaatttccaatttgggaagatcaattttctggttatactcttatgggtccatcttttgattgggatagaaatgctggttggtctTAAGCTTAGAGACCAAGCGCTTA
eLW044-fLW133-124,ACGTCAGTGTGGTCTCTAGGTcttgttggtagaattagagctaagcataatggtgaaagaaagcaagaagctcataaggaaccagaagctgaaaatccacaagaagaatttccaatttgggaagatcaattttctggttatactcttatgggtccatcttttgattgggatagaaatgctTAAGCTTAGAGACCAAGCGCTTA
eLW044-fLW133-125,ACGTCAGTGTGGTCTCTAGGTgatgatgaagctatttttgaaactggtgaatctatttatactgttaatgttgaaggtgaagctgattttggttttaagtgtaatggtgaaacttggtttcatcttcaaaaggctcaaggttttgaaatgccaaagggttggcaagaaactcataagcatTAAGCTTAGAGACCAAGCGCTTA
eLW044-fLW133-126,ACGTCAGTGTGGTCTCTAGGTgatcaacaagctgctatggattgttctaatgaaacttttgctgcttggattaatgaacaagttcttcttggtaatgataatactagaccacttgcttatggtagagatgattctgttttttatgttactagagataatgctattgatgttggtcaagatTAAGCTTAGAGACCAAGCGCTTA
eLW044-fLW133-127,ACGTCAGTGTGGTCTCTAGGTtggactactcttccagaagaaaaggcttcttttaattgtcttcatcttagacatcttgatggtccagcttttccaggtgcttttgttgatgaatatcaacttgctgatactgatctttctgaagctgcttttctttttggtgatccacttcaatatccaTAAGCTTAGAGACCAAGCGCTTA
eLW044-fLW133-128,ACGTCAGTGTGGTCTCTAGGTgttgaaacttgggattttagatttcatccacttcaagcttggaaggcttttagaccaagagaagtttctgatgttgaagaaatggaatctcttttttctgatggtgatcttcttgattgttttactagaatgccagcttatgctgttaatgctgaagaaTAAGCTTAGAGACCAAGCGCTTA
eLW044-fLW133-129,ACGTCAGTGTGGTCTCTAGGTaattttgattcttctgattctcttaattttaagtggagaggtagagaatctgcttttttttctaaggttgatgctgattatggtcataatggtatgatttatccacataatggttgggttgatgattttgataagattgttcaaatttgtgatccatctTAAGCTTAGAGACCAAGCGCTTA
eLW044-fLW133-130,ACGTCAGTGTGGTCTCTAGGTaagtctaattatgattttcttattgaatctggtggtctttctaagacttgttttgattgtttttttgaagctcaacttgaagctgatccatttcttgaagaatatgctgattgtttttcttctaatccatgttctcatttttttaattgtgatattgatTAAGCTTAGAGACCAAGCGCTTA
eLW044-fLW133-131,ACGTCAGTGTGGTCTCTAGGTcttcatgaagttcttccaaagaagtattatattcattctggtaagggtcttgatgaacttaataattgggttattgaaggtcaatttgaaggttgttgtactgaatctgattatgaagcttttgatgcttctcaagatcaatatattatggcttttgaaTAAGCTTAGAGACCAAGCGCTTA
eLW044-fLW133-132,ACGTCAGTGTGGTCTCTAGGTcttgatgatgttcttgattttatgtctgaaccacaagctgatagatgttattctaagactccaaatgaagaatattggtctggttatattggtcaaactgctgttaagtgtgatgatcttggtcaagatctttctaagggtttttctccaacttataatTAAGCTTAGAGACCAAGCGCTTA
eLW044-fLW133-133,ACGTCAGTGTGGTCTCTAGGTcttgatgatggtaattttcttgcttctctttgggaaccagaagattgggcttgtccatgttctccaattgctgaatctccagctcaaatgggtccaatttctgctagaactattcaaggtccaccaaagaggccaactactagagaatctgctcaagaaTAAGCTTAGAGACCAAGCGCTTA
eLW044-fLW133-134,ACGTCAGTGTGGTCTCTAGGTaatgctccaccagcttcttgggaagcttggaattttccagaaaatgaaaagtttgctggttttgatttttttgatggtgttcttaatactgcttctcttaagccaccacaaggtcttgttagaaagccaactgaagctgaaagagttgctaatgctactTAAGCTTAGAGACCAAGCGCTTA
eLW044-fLW133-135,ACGTCAGTGTGGTCTCTAGGTaaggttatgatgatggaaactgattttcatgaatgtgtttttgttactgatccagatgaaatttatgattctcttaatatgaaggctgctgttggtgctcaatataagggtaagaagtctgaatatttttttggtatggatgaatttgataaggaaagaTAAGCTTAGAGACCAAGCGCTTA
eLW044-fLW133-136,ACGTCAGTGTGGTCTCTAGGTgatggtgattgtggtcttccaatggttgctacttctgatggttgtattactggtattcatggtcttgcttctaatcaaactgaaaagaatttttttgttccatttaatgatactattgaaaaggatcttcttatttctgctgatgaacttgaatggaatTAAGCTTAGAGACCAAGCGCTTA
eLW044-fLW133-137,ACGTCAGTGTGGTCTCTAGGTccatctgaaagacatgatgatatgtgtaagtattatgctaatggtgatgatcttattattgctattcatccagattataaggatcttcttgataatttttctgatcatttttctactcttggtcttaagtataattttgattctagacatactgataagTAAGCTTAGAGACCAAGCGCTTA
eLW044-fLW133-138,ACGTCAGTGTGGTCTCTAGGTaattgtaataatactgctaattatatggctacttttccagatgattttgaatctgaaattcttaatcaagatactgataattgggttaagcattggagatataatccagatgaagttctttggggtactcttcatcttcataatgctcaaccaaaggaaTAAGCTTAGAGACCAAGCGCTTA
eLW044-fLW133-139,ACGTCAGTGTGGTCTCTAGGTagatctgaaatggaaagatttgctgatccagattgggctcttcttatgtgtcaaggtagaatgactactgctcatgctgataatattcaaagatggtatgaaggtgaactttctactgatgtttttattccagaagttgctccaaagaatggtgaaggtTAAGCTTAGAGACCAAGCGCTTA
eLW044-fLW133-140,ACGTCAGTGTGGTCTCTAGGTactggtgatactacttgtcaacatattgattctagatttaagtttgtttgtaatggtgatgataataagtattctgtttctcaagattttcatgctacttttggtggtgatttttctaaggaaattgctgaacttggtcttacttatgaatttgatgatTAAGCTTAGAGACCAAGCGCTTA
eLW044-fLW133-141,ACGTCAGTGTGGTCTCTAGGTgatatgtgttatggttatatggatgatgttgaagaatttgaatgggaacttcaaactcaacttgataatgctgaaactcaaatgcttcttgctgaaaagcatcttcaagctatgcttaaggctccaaagattactggttggccaactccaactagaccaTAAGCTTAGAGACCAAGCGCTTA
eLW044-fLW133-142,ACGTCAGTGTGGTCTCTAGGTcttgatagaaagagagttgaaggtctttatcttgatgaacatactgatattaatgaagaatggctttctggtattcttccaccatcttttgaaaattgttatattgatcttcaagttgttgatagaccacaatcttctaatatgactaagagagaagaaTAAGCTTAGAGACCAAGCGCTTA
eLW044-fLW133-143,ACGTCAGTGTGGTCTCTAGGTgaagaacaaccacaacattatgttcttatgtttcataatattaattctaatcttgataagatttttgctccaccaccaaagccatttgaaaatattttttctcattttaagattactgatgatatggaacaatggcttggtgaaacttttgaatttgatTAAGCTTAGAGACCAAGCGCTTA
eLW044-fLW133-144,ACGTCAGTGTGGTCTCTAGGTgatatggtttatggttttatggatgatgttgaagaatttgaatgggaagctcaaattgattatcatgatgctcatcttcaacttgctcttgctcaacaaaagcttgaatctatgcaaaatgctaagggtccacttccagaatggccacaaccaatgagaTAAGCTTAGAGACCAAGCGCTTA
eLW044-fLW133-145,ACGTCAGTGTGGTCTCTAGGTgctcaatctcataatgataagaatgcttatgctagaatgtgtgataagactcataagcttctttgtgatactactgctaataatgctggtcttatggaagattatattgaatctactactcttgaatggcttactgaagaagctagacaagctaatagaTAAGCTTAGAGACCAAGCGCTTA
eLW044-fLW133-146,ACGTCAGTGTGGTCTCTAGGTattactaatattccatctactcaaaatagaacttctactcatgaaggtaagactgctattattccatggatggattatccaatgtatgttgatacttctattgctgatactccagctcttgaacttgttccagctcaaattatggatatgtgggatactTAAGCTTAGAGACCAAGCGCTTA
eLW044-fLW133-147,ACGTCAGTGTGGTCTCTAGGTaagaatccatatactaatacttctcatacttattctatttctggtattacttctgctgctgataattttaagtctaagccatgttctgctccaattgaaattattaattattggcttgatgatgttcttccaggttgtggttttggtgataatggtgatTAAGCTTAGAGACCAAGCGCTTA
eLW044-fLW133-148,ACGTCAGTGTGGTCTCTAGGTtgtccatatcaacaacataagcataaggaaggtcatcaagttgctgcttcttctcaaccacaagaacaagaaggtaattggattccagaagatattccaccaattccaaattctgataatccagctgattggtgttattctcaacttgattggtattttTAAGCTTAGAGACCAAGCGCTTA
eLW044-fLW133-149,ACGTCAGTGTGGTCTCTAGGTactgatgaacaagttcttgattttgttgaatctcttgctagacaagttggtactactactactgaagttgttgctaattggaagaattatcttactccaactgattgttctggttttgattggtctgttgctgattggatgcttcatgatgatatgattTAAGCTTAGAGACCAAGCGCTTA
eLW044-fLW133-150,ACGTCAGTGTGGTCTCTAGGTcattatccagatattatgggttatgaaagacatggtaatggttatactggtggtgatgatggtctttggcttattcttgctgatgctgatgcttctggtcttggttctatgactgttgattttccaggtagatgggatggtcttgctattaagggtactTAAGCTTAGAGACCAAGCGCTTA
eLW044-fLW133-151,ACGTCAGTGTGGTCTCTAGGTaagactgctggtcttcttcattctgaagaagaagatgatggtctttttgattattatgttgatgatgatgttagagatattcttggttctaagggtattaatttttctattcattcttatagaaatcatccacatccagtttctaagatgcttgaaaatTAAGCTTAGAGACCAAGCGCTTA
eLW044-fLW133-152,ACGTCAGTGTGGTCTCTAGGTccaatggttagaggtaagtctgttgttaatcttgatcatcttcttgtttatactccaaagcaaactgatatgtataatactagagctactcaagctcaatttgattcttggtatgatggtgttaagatggattatggtattgatgataatcaaatgcaaTAAGCTTAGAGACCAAGCGCTTA
eLW044-fLW133-153,ACGTCAGTGTGGTCTCTAGGTgcttatgctaatagaagagttgctaatcaaccaccagctagatggactaatgaaaatgttccaaaggctaataagtgggctgcttttgatacttttgatgctcttcttgatccatatgttgttccatcttctgttccatatgatgaaccaactccagaaTAAGCTTAGAGACCAAGCGCTTA
eLW044-fLW133-154,ACGTCAGTGTGGTCTCTAGGTaagactgttcttaatcttgaacaccttattcaatataatccagaacaaactgatctttctaatactagatctactcataatcaatttaataattggtatgatggtgttaagaaggattatgaacttaatgatgatcaaatggaaattattcttaatggtTAAGCTTAGAGACCAAGCGCTTA
eLW044-fLW133-155,ACGTCAGTGTGGTCTCTAGGTccatcttctgaagatagagaaagagttattagaaagactgttgaagcttataagacttgtcaaactcaatgtccaaagacttctcaatctaatcttcttgtttgggaagattttcttgaagattttaagcaagctgttttttctcttgaaccagatgctTAAGCTTAGAGACCAAGCGCTTA
eLW044-fLW133-156,ACGTCAGTGTGGTCTCTAGGTgttaatactactgaacttcttgctaattggccaacttatactgttccaactgattgttctggttttgattggtctgttgctgattggatgcttcaagatgatatggaagttagaaatagacttactagaaataatactgatcttactaagagacttagaTAAGCTTAGAGACCAAGCGCTTA
eLW044-fLW133-157,ACGTCAGTGTGGTCTCTAGGTccagttgtttctactcttgatggtatgcttgttggtattcattctcttgctaataataattcttctgaaaattattatgctgcttttgatgaaaattttgaacaagatcatcttagaactcaagaacattctgattgggttaaggattggaagtataatTAAGCTTAGAGACCAAGCGCTTA
eLW044-fLW133-158,ACGTCAGTGTGGTCTCTAGGTgaagaacttattagagatactcttgaacttatgtatgatggttctgaattttctaattttaagcaagaagaaatgattgattctattgatatggttatgatgcattctcttactcatatgggtgttgatactgttgatagatatgatgttagatcttctTAAGCTTAGAGACCAAGCGCTTA
eLW044-fLW133-159,ACGTCAGTGTGGTCTCTAGGTgaaagacatcaaccaggtaatatttttattatgtgtgaaaagactccagatcaatttaatgattttgttatgaataattggaattttgatagaccatcttatacttctgattattctcaatatgatcaatctcaaaatggtccatttcttaattttgaaTAAGCTTAGAGACCAAGCGCTTA
eLW044-fLW133-160,ACGTCAGTGTGGTCTCTAGGTccaccagctaattgggctaaggctggttttcaagaagatactagatttgctgcttttgatttttttgatgctgttgattctactgctgctcttgaaccagctgaatggcaaagaagaccaactgatagagaaagagctgctcattctattggtaagtatTAAGCTTAGAGACCAAGCGCTTA
eLW044-fLW133-161,ACGTCAGTGTGGTCTCTAGGTatggcttctaatctttcttcttctcttgctggtcaagttagaaatcttgctattactgatgatgatggtgttaatgttaattggaagaattctgatttttctcttgaatgggatatgagagcttatactgcttctattaatcatcttggtggtagagaaTAAGCTTAGAGACCAAGCGCTTA
eLW044-fLW133-162,ACGTCAGTGTGGTCTCTAGGTactatgaatctttattggatgccaggtgaaaatggtcttgatgatgcttggtgtggttgttgtggtgctgatcttaattatatgatggttactgaagctccaactccaggtgaaaagtctaatgatactggtgaacatattaataatggtatgggtgctTAAGCTTAGAGACCAAGCGCTTA
eLW044-fLW133-163,ACGTCAGTGTGGTCTCTAGGTaatggtcttgatgatgcttggtgtggttgttgtggtgctgatcttaattatatgatggttactgaagctccaactccaggtgaaaagtctaatgatactggtgaacatattaataatggtatgggtgctgatcaacttgaacaacttcaacaacttaagTAAGCTTAGAGACCAAGCGCTTA
eLW044-fLW133-164,ACGTCAGTGTGGTCTCTAGGTcttactcatccagttcaatgtggtactgatgttgaaagagctcttatttcttgggctgatgaaattgattgggattcttcttatgttccaggtaatgtttatactggtgttactccatctgaagttattgatctttggactgttcatgatatgtctggtTAAGCTTAGAGACCAAGCGCTTA
eLW044-fLW133-165,ACGTCAGTGTGGTCTCTAGGTtttagaaatggttttactgaaagaactggtaaggatgaaggtgttagagaagataagatggttggtgatccatggcttaagactatgattaatctttatcaaggtgctgaaatgcaagatgaagaaattgctgaagctattattcaagaatcttggtttTAAGCTTAGAGACCAAGCGCTTA
eLW044-fLW133-166,ACGTCAGTGTGGTCTCTAGGTaatgctccaccatctgattgggctgctatgggttttcaatatgatgatagatttgctgcttttgattgttttgattatgttgaaaataaggctgctgttcaaccacttgaaggtcttattagaagaccaactccaagagaaaaggttgctcataatactTAAGCTTAGAGACCAAGCGCTTA
eLW044-fLW133-167,ACGTCAGTGTGGTCTCTAGGTagaaagattagagatgaagatggtgaatatagatgtactctttgtggtcttggttgtgattctatgactatggctaagccagttaatcataattgtgatggtatgactgaagatgaatataatgctgattgttttgatgaaatttataataattctaagTAAGCTTAGAGACCAAGCGCTTA
eLW044-fLW133-168,ACGTCAGTGTGGTCTCTAGGTgtttctgttgatgcttatactcttattcatccaaatattaattatcaaactgctactgaagatttgatttggatggatcattttactagaaatccaaataattctaatactgaaggtactccatctacttctgctgatcaacttgttccagaaagaccaTAAGCTTAGAGACCAAGCGCTTA
eLW044-fLW133-169,ACGTCAGTGTGGTCTCTAGGTcaagaatggcttaatagagatctttatgttgtttctgttgatgcttatactcttattcatccaaatattaattatcaaactgctactgaagatttgatttggatggatcattttactagaaatccaaataattctaatactgaaggtactccatctactTAAGCTTAGAGACCAAGCGCTTA
eLW044-fLW133-170,ACGTCAGTGTGGTCTCTAGGTtctattcttggtcttcattctcttgctaattctactaatactcaaaatttttatgctgcttttccagataattttgaaactacttatctttctaatcaagataatgataattggattaagcaatggagatataatccagatgaagtttgttggggttctTAAGCTTAGAGACCAAGCGCTTA
eLW044-fLW133-171,ACGTCAGTGTGGTCTCTAGGTtgtccatttaagcaacataagcataaggaagatcatgaagttccagcttcttctcaaccacaagaacaagaaggtaattggattccagaagatcttccaccagttccaaataataataatgcttctgattggtgttattctcaacttgattggtattttTAAGCTTAGAGACCAAGCGCTTA
eLW044-fLW133-172,ACGTCAGTGTGGTCTCTAGGTactactggtatgtatgctttttttactgctgctaatgaacaatctacttctaagggtaatggttctaataagaatctttctaataattttactcttgatggtgttgaatatgaatggaatttttctcatgcttttccattttttgatgaagcttttattTAAGCTTAGAGACCAAGCGCTTA
eLW044-fLW133-173,ACGTCAGTGTGGTCTCTAGGTgctttttctgaacaagaaattgaagaaattgctgatcatgctgctgaaatttatgaaaaggctacttctgcttatacttggaagccaagagatggtaagcattggtgggaaatggttgaagaagaagaagaatttgaagctgcttctaatccatcttctTAAGCTTAGAGACCAAGCGCTTA
eLW044-fLW133-174,ACGTCAGTGTGGTCTCTAGGTggttattcttataatggtggtaatcatgttggtcatgaatggcttgataattttgattcttttcttgctattaatggtcatgatcttaattattttaattgtgttctttttcaacaatatgatggtggtcatggtattggttttcattctgatgatgaaTAAGCTTAGAGACCAAGCGCTTA
eLW044-fLW133-175,ACGTCAGTGTGGTCTCTAGGTtcttctcttgatgatatttgtgatattgctgaaaataagcaaatgactgttgattttgaacttaatactgatgatcatgttattgaagatcttaagggtatttcttttagagcttggtgggataatcaaattaatagatctaatactagaccacattatTAAGCTTAGAGACCAAGCGCTTA
eLW044-fLW133-176,ACGTCAGTGTGGTCTCTAGGTcaaaagggtcttccaaatgctgatcatcttgctactccaccatctcattttaagtctcttcttccaattcaaaattattcttctaagtggtatggtgatattttttctgaagaatttgataaggcttggaagcaagatactggtcttatggcttgtgatTAAGCTTAGAGACCAAGCGCTTA
eLW044-fLW133-177,ACGTCAGTGTGGTCTCTAGGTtctccatttccagttgatcaacttctttgtccagaagatattactgaaattattaattctgaatggtttcaagttactccatattcttatactcttattcatccaggtacttctatttctcaagctgctgatgatcttcaacaaatgcaagatatttctTAAGCTTAGAGACCAAGCGCTTA
eLW044-fLW133-178,ACGTCAGTGTGGTCTCTAGGTgatagacaagttgaacatcaatctcttgatgatattgttgatacttttgaacttaagaatgaagttattcattttgatcttgaagatgaaattaaggttccacatgttaataatcaaaagacttttagacaatggtggtctaatcaaattgataattctTAAGCTTAGAGACCAAGCGCTTA
eLW044-fLW133-179,ACGTCAGTGTGGTCTCTAGGTaatagaggtcttatttatgattgggaagatgatgtttatcaatgtccaacttgtgaacatactttttctactgttgaacaatatcaagaagaacattcttgtgaaagagctgcttatgaaaataagcttattgaacaagaatatgatgaaatgatggaaTAAGCTTAGAGACCAAGCGCTTA
eLW044-fLW133-180,ACGTCAGTGTGGTCTCTAGGTcttatgcttcataagaatgaaccaccagctaattgggctaagattggttttaaggaagattataagtttgctgcttttgatttttttgatgctgttgattctccagctgctcttgaaccatctcaatgggttagacatccaactgataaggaaagagctTAAGCTTAGAGACCAAGCGCTTA
eLW044-fLW133-181,ACGTCAGTGTGGTCTCTAGGTgattatactatgggtatgcataaggataatgaagcttgttatggtgaagaaccaattcttactgttaatgcttttggttctgctgttttttctactgattgttgtaataatgttattaatcttgaagatggtgatgaacttcttatgccagctaagtttTAAGCTTAGAGACCAAGCGCTTA
eLW044-fLW133-182,ACGTCAGTGTGGTCTCTAGGTatgtggttttctattccatctaagccaggtatgggtctttctactgatgatcaagttagagaatttcttgattctcttgttgctgtttctggtgctccatctgctgatgctcttgttgctgattggcaaaagtggtgtgttccaactgattgttctggtTAAGCTTAGAGACCAAGCGCTTA
eLW044-fLW133-183,ACGTCAGTGTGGTCTCTAGGTggtgctccatctgctgatgctcttgttgctgattggcaaaagtggtgtgttccaactgattgttctggttttgattggtctgttccaatgtggcttcttgaagatgatatggaatgtagaaatagacttactgctgaaattactcaagatcttattactTAAGCTTAGAGACCAAGCGCTTA
eLW044-fLW133-184,ACGTCAGTGTGGTCTCTAGGTattagaagagcttatcaaccagataatatttttattacttgtgaaaatactccagaagaacttaatgaatgggctatggaaaagtggtgttttagaggtaatgctcattctaatgattttactgcttttgatcaatctcaagatggtgctatgcttcaaTAAGCTTAGAGACCAAGCGCTTA
eLW044-fLW133-185,ACGTCAGTGTGGTCTCTAGGTagaagaagatttcaaccagataatatttttattaattgtgaaactactccagaagatcttgataagtttattaagtctcaatgggatttttctagaccagctcatactaatgattttactgcttttgatcaatctcaagatggtgctatgcttcaatttTAAGCTTAGAGACCAAGCGCTTA
eLW044-fLW133-186,ACGTCAGTGTGGTCTCTAGGTgaaaagaatttttttgttccatttactgatggttttgaaactgaatatcttaataatgctgataatctttcttgggataagcattggttttgggaaccatctaagattgcttggggttctcttaatcttgttgaagaacaaccaaaggaagaatttaagTAAGCTTAGAGACCAAGCGCTTA
eLW044-fLW133-187,ACGTCAGTGTGGTCTCTAGGTagaagaattagagatgctgatggtgaatatagatgtactcaatgtgatatgggttttgattctatgactatggctagaccagttaatcattgttgtgatggtattatgattgatgaatataatctttatgatgatgatccaattatgcatcttgttgatTAAGCTTAGAGACCAAGCGCTTA
eLW044-fLW133-188,ACGTCAGTGTGGTCTCTAGGTactccagctgatcttaatgaatttatttctgaaagatggtgttttactagaccatctcatgaaaatgattttactgcttttgatcaatctcaagatggtgctatgcttcaatttgaaccaatgaaggctaagtttcataatattccagaagatgttattTAAGCTTAGAGACCAAGCGCTTA
eLW044-fLW133-189,ACGTCAGTGTGGTCTCTAGGTatgtcttcttgggctgctggtgaaggtggttgttggtcttttaagggtccatctcttgctaatgattttactgcttttgatcaatctcaagatggtgctatgcttcaatttgaaattcttaaggctaagcatcattctattccagaagatattcttgatTAAGCTTAGAGACCAAGCGCTTA
eLW044-fLW133-190,ACGTCAGTGTGGTCTCTAGGTtatactcttggtgaagctgatcaagctcaactttctggtgttagaattcaagctctttctgaaagaactactgaaggtccatatgatcttcttgatgaatattgtcaacatgattgtgctactgaaggtttttttgctgtttttggtgatccatttcaaTAAGCTTAGAGACCAAGCGCTTA
eLW044-fLW133-191,ACGTCAGTGTGGTCTCTAGGTtatactactgaaaatctttctgttattcaaaatgctaagtctcaacttcttgaatttaataatattagaactccaaagatgactgaagatgctcttgttgattatggtgctcttgaatgtatgatgtatcaatctgaaaatgaaatgtctgattttcttTAAGCTTAGAGACCAAGCGCTTA
eLW044-fLW133-192,ACGTCAGTGTGGTCTCTAGGTcaacatcataatcttatggctaatgcttctagaatttttcaaaaggctccagaaccatgggctccaccatttcatctttcttcttttactaatgttcctgatgaaatgcaagaatgggctgatgattattttggtagaggtgctgctgctagaccagaaTAAGCTTAGAGACCAAGCGCTTA
eLW044-fLW133-193,ACGTCAGTGTGGTCTCTAGGTaataataaggatccaattcaacttcaaccatctgaatcttctggttctgctcaagttttttctgatattccaaatcttgatgatcttactccatctgattggtcttttcttaagggtattcaaaatccatctccacaagtttctaagcaatatagatgtTAAGCTTAGAGACCAAGCGCTTA
eLW044-fLW133-194,ACGTCAGTGTGGTCTCTAGGTgataatcaaactccacataagactgttcttcaagaacttagacatcatactccatctaatactattcaacttcaaccacaagaaggtattggtgattctcaaatgttttctgaacttccaggtcttgatgatcttactgcttctgattggtcttttcttTAAGCTTAGAGACCAAGCGCTTA
eLW044-fLW133-195,ACGTCAGTGTGGTCTCTAGGTgaagaaggtattcaaaatatgcttgctcttatgtataaggaatctactattggtgaatttaagcaagaagatatggttgaaggtattgatatgcttatgatggaagaagctccagttattgatattaatgttatggatgcttatgatgtttttactcatTAAGCTTAGAGACCAAGCGCTTA
eLW044-fLW133-196,ACGTCAGTGTGGTCTCTAGGTtttggtatgccatctcaagatactcatccagttattggtgcttggcttagagatgaactttatactgtttctccatatgcttattctattcataatggtgtttctgaagaacaagctaagcttgatcttcaatggatgtctgatctttctagaactgaaTAAGCTTAGAGACCAAGCGCTTA
eLW044-fLW133-197,ACGTCAGTGTGGTCTCTAGGTccagataatatttttattacttgtgaaaatactccagatgatcttaatgaatgggttcttgaaagatggaattttgatggtagagctcattctaatgattttactgcttttgatcaatctcaagatggtgctatgcttcaatttggtgttattaaggctTAAGCTTAGAGACCAAGCGCTTA
eLW044-fLW133-198,ACGTCAGTGTGGTCTCTAGGTattagacatgctccatttccaactgctattactggtggtactccagatccaccacatatttctggtcaaagaattactgctccaccaggtccagctaatattgttgatgaatatccacttgttgattgggctggtgctgatgttatttttgctgatccaTAAGCTTAGAGACCAAGCGCTTA
eLW044-fLW133-199,ACGTCAGTGTGGTCTCTAGGTcatatgcttgctcataattctccaccatctgattgggctgctatgggttttcaatatactgaaagatttgctgcttttgattgttttgattatgttgaaaattctgctgctgttcaaccatttgaaggtcttattggtagaccaactccagctgaaaagTAAGCTTAGAGACCAAGCGCTTA
eLW044-fLW133-200,ACGTCAGTGTGGTCTCTAGGTgctgttccaactaattgtgaatatctttatgatgctatgggtgaatcttttatggaacttggtcttaattatgatttttctgaaagaactcaacaaagagaagatctttggtttatgtctcatcaagctaaggaaattgaaggtgtttatattccaaagTAAGCTTAGAGACCAAGCGCTTA
eLW044-fLW133-201,ACGTCAGTGTGGTCTCTAGGTgataatagagctccacaacaagctattccagataagcaaagacatcatcatcatccaacttctgttcaatctcaaccagaagaatctgttggtgatactcaaatgtttccatctcttccaaatcttgatgattttactgcttctgattggtcttttcttTAAGCTTAGAGACCAAGCGCTTA
eLW044-fLW133-202,ACGTCAGTGTGGTCTCTAGGTcatgaatgggcttctaagcttcaatggtttgaatattctgctaataagctttttccagatgttgaaccaccatatcaatctccatttccagaagcttctcttcaatgtcatgaagaaattcaagattggcttaatagagatctttatcatcaagaaccaTAAGCTTAGAGACCAAGCGCTTA
eLW044-fLW133-203,ACGTCAGTGTGGTCTCTAGGTgaagctactgctcttatggatattatttttaattttgatagagatattgaaggttttgaacatgaagttgatattgttgctgaacttgaagcttttgctaatccaaagaatccacatgctcataatgctaagactactccatatttttgtgaaccatatTAAGCTTAGAGACCAAGCGCTTA
eLW044-fLW133-204,ACGTCAGTGTGGTCTCTAGGTtttcaagatgttcaaggtagaggttctactattcataataataagggtcttccatgtacttctactgttcaaccacaacttgaagaatctattgcttctccacattctattccagaatttccaaatcttgatgatattccagattctttttgggctgatTAAGCTTAGAGACCAAGCGCTTA
eLW044-fLW133-205,ACGTCAGTGTGGTCTCTAGGTgtttctcaagaatctagacattcttttcatattgcttttggtatttctccagatcaacaaattactatggaagattattataaggattttagaatttcttgggaatttgctccatttgataaggaatataatgatattgaatggactcttcaacaaccaTAAGCTTAGAGACCAAGCGCTTA
eLW044-fLW133-206,ACGTCAGTGTGGTCTCTAGGTatgcgtaacagcagctcctcaacacctccgagcatcaaggctcaacaccgagccgccaaacgtagagctattaggcgaagaaggatcgacttgaactgcgggtgcagcatatacattcacatcgactgccgtaacaatgggttcacgcataggggaaccTAAGCTTAGAGACCAAGCGCTTA
eLW044-fLW133-207,ACGTCAGTGTGGTCTCTAGGTagtatctacatccatatcgactgccgaaacaacgggttcactcataggggaacctaccactgtgcttcctcacgagagtggcgactgtacctcggagacaataaaagtccattgttccaggataaccagcgtcgtgggtcaccactccatcaacatcagTAAGCTTAGAGACCAAGCGCTTA
eLW044-fLW133-208,ACGTCAGTGTGGTCTCTAGGTaatcaacgacgtggaagccctttacaccagcaccaagatatcccgcttacaaatcaagttcaaccccaacctgaagaatctataggctccccccagggcatatcccagttgccatctatggatgatatagatgactcattctgggagaacctgttcaaaTAAGCTTAGAGACCAAGCGCTTA
eLW044-fLW133-209,ACGTCAGTGTGGTCTCTAGGTatggacgtgatcgtgaagatgttgatcctgcgtaaattcgtcgaacaaggtaatgtctgtcccatacacttgtgtgtggacatttataaaagggccttcccgagatcagtcaacaagggacgtagttcctatgcccgtaggagaagggcactcgaacttTAAGCTTAGAGACCAAGCGCTTA
eLW044-fLW133-210,ACGTCAGTGTGGTCTCTAGGTaggtgccaccgatgttatagagtatatccccctttgttccctgagataagccgttgcgacaatagaacttgtgtaccaggcatctcctacaactccaaagtgcgtgactacatactgtggggagttacggaggttataccgcacccaggatacaatttcTAAGCTTAGAGACCAAGCGCTTA
eLW044-fLW133-211,ACGTCAGTGTGGTCTCTAGGTatggctctgcttttgttcaacgatcactactatggcttcttacacaagtataaaagacacactggcagctacgacaacctcttcaacttaaggtgttcaaaggaggaccactaccttaatagcctcgacgccatatggttgatgggctgctgtgaagaaTAAGCTTAGAGACCAAGCGCTTA
eLW044-fLW133-212,ACGTCAGTGTGGTCTCTAGGTcgtgcttattacaagccacaccagaagatggaacacaaacatattgtggtcacgaatggtatcccaataagcaagaatttcaatgaaatcgctcttcccgacccttctccctcagatgattatgtcctggtgggggctcacgaatgtcctatcctcatgTAAGCTTAGAGACCAAGCGCTTA
eLW044-fLW133-213,ACGTCAGTGTGGTCTCTAGGTatggcagttccatggacggaggtcaaagacagtaaatacttggccacgaaaatgagcgtcacgctcatcatggagatgaacgaggatactcctttaaaatacccaagttacaacgcatttgagagtatctttaaaaggcttgccgaacccgaatgtgccTAAGCTTAGAGACCAAGCGCTTA
eLW044-fLW133-214,ACGTCAGTGTGGTCTCTAGGTaaggatatatactatctcgaggtgagcaacaaggagactgctcagtatggtccgacaaaagtctataagttgcagtgtccagcctatcttctgtccagggtcactggtgggtcccagttagattacacttctctcataggatcaaaggttatgacagagTAAGCTTAGAGACCAAGCGCTTA
eLW044-fLW133-215,ACGTCAGTGTGGTCTCTAGGTaaagatcgaggcatacctgttagaaccctctacatcacgggtggaggcacctctttcagagtgatcaatgaggagactgcaaatcagttcataataaatgataatgccgttcgacttccaggtgaatgtaaggtcgatgggggctctatcatctggagtTAAGCTTAGAGACCAAGCGCTTA
eLW044-fLW133-216,ACGTCAGTGTGGTCTCTAGGTgacctccacaactggcgagaaacgcatttgtatcacgttagtatagatgcttacaccttcatacaccctgtctcatacgatcaggcccagagtgaccttgagtggatggctgaccttacgagaatgagagagggcttgggttctgacacccctgcatccTAAGCTTAGAGACCAAGCGCTTA
eLW044-fLW133-217,ACGTCAGTGTGGTCTCTAGGTtcagccgaccaactggtgcctgaaagacctccaggtcttgaggtatctggcgacacaactacgggtacggggccttcaacaagtccaaccacaatgaacacaccgcctatcatcagcagtacaacttccccctcatcaagctctcattgcgggtcaaacTAAGCTTAGAGACCAAGCGCTTA
eLW044-fLW133-218,ACGTCAGTGTGGTCTCTAGGTgtgagcccttttacagaatccgatcttcgatgccatgaggatcttcataactggagagaaacacacctttatcacgatgaagggcgtacaggagttaggcacccttccttgtatatttgcggacctacaagaactggtaagacaacctgggcacgtagcTAAGCTTAGAGACCAAGCGCTTA
eLW044-fLW133-219,ACGTCAGTGTGGTCTCTAGGTcacaactactggaatggtaccattgattttactaattacgacgaacatgccacctataatataattgatgatattcctttcaagttcgtcccgctctggaaacagctgataggttgccagagtgactttacggtgaacccgaagtacggtaaaaagaagTAAGCTTAGAGACCAAGCGCTTA
eLW044-fLW133-220,ACGTCAGTGTGGTCTCTAGGTaaaatcaagggcggcataccctccattatcctttgtaacccggatgaagattggatgctttcaatgacgagtcaacaaaaagactatttcgaggacaactgcgtcacccactatatgtgcgatggcgagactttttttgcccgtgagtcttcaagccacTAAGCTTAGAGACCAAGCGCTTA
eLW044-fLW133-221,ACGTCAGTGTGGTCTCTAGGTgtagaatgcagcgccagcaagatgatggctaatacgcttttgcatcacttctacgaacgatacacttctaatatgaatcccacgccggtattcctcttcagttactttttcgggttgacaaagggcctgaatgttctcaaagcctcatccataatagtgTAAGCTTAGAGACCAAGCGCTTA
eLW044-fLW133-222,ACGTCAGTGTGGTCTCTAGGTatgacggggacccatgatgatagaatatccctcaggctcttattcttcaacctgtggaacaaaaaacgtcccaacgacccaattaatcacagaaagacgaagaagaaactcaagccgcaaaccgccaatccaaccagcaaccccattcttgtatcaccaTAAGCTTAGAGACCAAGCGCTTA
eLW044-fLW133-223,ACGTCAGTGTGGTCTCTAGGTtcaataaccgactacgccgagcagatatcagacgagttcgccaaagctaggaagccaattttggtccccactcagattttctctgcctttacgaggctggagacaatatttaaccgtactggctcctaccctgacttattctctaaccccatcaaatacTAAGCTTAGAGACCAAGCGCTTA
eLW044-fLW133-224,ACGTCAGTGTGGTCTCTAGGTttggggtttctcatctttatgcctgatgcatccatacacctggaccctcccactgtagatcattcctactataaccttaagaggaaccacaagatgagtttcgacgagctccagagcaaccttacgtcaagaatgttgaccgggcaaatcgtcaaaaccTAAGCTTAGAGACCAAGCGCTTA
eLW044-fLW133-225,ACGTCAGTGTGGTCTCTAGGTgccaactatgctttcaattttatgttggtttggagcccaagcgggacttttataatatccgctataatctgtggagcaacaattgtattcacatggtgcttggtgccggagactcgaagattaacgttagaagaaatccaactgtcgtttgtcaatgttTAAGCTTAGAGACCAAGCGCTTA
eLW044-fLW133-226,ACGTCAGTGTGGTCTCTAGGTgataataatccctttcaatcgaaccgatcgggtctaaacccggctcaacagatgggtctaacccgggattttcttggagtgagcaacgagcatcaccctcaccaaacgggtcgtcgtccgtttttgcctcaagaactcgcaaggtttgctccattgggtTAAGCTTAGAGACCAAGCGCTTA
eLW044-fLW133-227,ACGTCAGTGTGGTCTCTAGGTctgttggatccgggaacacctatggacgctgatttggtagcttcttctacagtagtgtgggaacaagatgcagatccttttgctggaacagccgacgacttccccgccttcaatgaagaggagcttgcatggttgatggaactgcttcctcaagcacgtTAAGCTTAGAGACCAAGCGCTTA
eLW044-fLW133-228,ACGTCAGTGTGGTCTCTAGGTaacttctccaatgcatcagtgatggattatcatttcaagactaagaaacacaaaaagcgtgtgaagaagatagagcgaccagcgccacactcgcaactcgatgcagatttagctggtggaatgggaatgccagacaatggtccaaagctgatgtctgccTAAGCTTAGAGACCAAGCGCTTA
eLW044-fLW133-229,ACGTCAGTGTGGTCTCTAGGTaagaagaagggagatggctctggatcggggtcgggttctggctcagtcgaccttgatcttgacctcgaactcagacttggatttgctctcgatctcgaccttgaacttagactcggatttgctcttgacctcgatcttgagcttagactcggattcgctTAAGCTTAGAGACCAAGCGCTTA
eLW044-fLW133-230,ACGTCAGTGTGGTCTCTAGGTccttctcaggatgttgtgatccatgactgtggagaaatccctgagggtgcagatgatgggatttgtgactttttcaaggatggtgatgtgtaccctgactggcctattgatctgaatgaaagcccagctgagttatcttggtggatggagactgttgatTAAGCTTAGAGACCAAGCGCTTA
eLW044-fLW133-231,ACGTCAGTGTGGTCTCTAGGTggctctggctctggttccggctctggttccggctctggtccgaaaaacctcgagttctatttcatttcagctatcagtgactgactgatcgagtgagatttgcatatgactgacattccattgcatatttcaaccaatcagcggtcacggcggcggagaTAAGCTTAGAGACCAAGCGCTTA
eLW044-fLW133-232,ACGTCAGTGTGGTCTCTAGGTagattttatgcagaattacatatcgatgatcctattgtcactgaatacttcaaaaatcagaatactgcatctattgcggaactgaattctctacaggatatttatgactacctagaattcaaatatgccaacgaaatcaatgaaatgtttataaaccacTAAGCTTAGAGACCAAGCGCTTA
eLW044-fLW133-233,ACGTCAGTGTGGTCTCTAGGTgagaatgtagttttcattacttccacggctgggcaaggtgaattcccccaagacggtaagtctttctgggaagctctgaaaaatgacaccgacttggatttagctagtttgaatgttgctgtttttggcctcggtgattctgagtattggccacgtaaaTAAGCTTAGAGACCAAGCGCTTA
eLW044-fLW133-234,ACGTCAGTGTGGTCTCTAGGTtatccagagtggagcgagttttacttgcacaatgagactgaagatgaagatgagtttatgtctcctgcatttagagaatctgattgcttcattttacctgaaaatgcagaggataagtttatcacagataaccaattcgagaattcgcttggtgtctatTAAGCTTAGAGACCAAGCGCTTA
eLW044-fLW133-235,ACGTCAGTGTGGTCTCTAGGTagtctctctgacctcactgcagatttgtcaaatcttggagatttaggggctttaggaaactatcccggttctccttttctgccatctgattcagagattttacttgactctcccgaacaagaggacatagatgaattctttgtggattcgattccaggaTAAGCTTAGAGACCAAGCGCTTA
eLW044-fLW133-236,ACGTCAGTGTGGTCTCTAGGTatttggggatttgaagatcacgtgtcgaattacggtggtttagattttggttccggcgtcggagatggtggagattacgtggctgttgaggggttgtttgaattttccgacgattgttttgactccggcgatctgttttcgtggcggtcggagtcgttaTAAGCTTAGAGACCAAGCGCTTA
eLW044-fLW133-237,ACGTCAGTGTGGTCTCTAGGTtccggcgcaggtgatgaacttgattacgaattcgtcggtgctgatctagaaactgctcaaaccaatttctattgggaaagtgttttgaactacacgaattctgccaatatttccactactgatacatttgaaaactaccatacttacgaattagattggTAAGCTTAGAGACCAAGCGCTTA
eLW044-fLW133-238,ACGTCAGTGTGGTCTCTAGGTgaggatcagagcttttgggaaaacctagatgtcgacgacgtgtttggtctttttaaggacgacaacaatcttgaggttcctcttcaagatcattcctcaaccaacgaagacgacgagttattgatcgacataagtgaatacttaagcgaagaagcaatgTAAGCTTAGAGACCAAGCGCTTA
eLW044-fLW133-239,ACGTCAGTGTGGTCTCTAGGTgagtctgttactttgcctcaagcactaaatctggacgagttcgacttggaagatgacactctcgacatggaattcgataatcatactcggagtgaggaagatatcactctcacagatcaaattcctactggcattgatccttatgttgctgtaacattcTAAGCTTAGAGACCAAGCGCTTA
eLW044-fLW133-240,ACGTCAGTGTGGTCTCTAGGTgcattatcaaaatgggcaagtgaaggctatatgccaacctttgatgagtacatggaggttggggaggtcactggggggatggatgattttgctttgtacagctttatcgcgatggaagattgcgacgagaaaccattgtacgaatggtttgactccaagTAAGCTTAGAGACCAAGCGCTTA
eLW044-fLW133-241,ACGTCAGTGTGGTCTCTAGGTgatcgtctaaaagaagaaacggagatggttgtattcgatgatcagatcttggcgatttttgagagtaacgacaaacctacaggaaacttggaagatcaagagatagatcttgatcaattcctagattttgatcaactcatagatttcgagggtttgatcTAAGCTTAGAGACCAAGCGCTTA
eLW044-fLW133-242,ACGTCAGTGTGGTCTCTAGGTggttccggctccggctcctctgagaagaacagaatgattgtaccccaagaaacacagacatcaacgcttttcactgaggatcagagcttttgggaaaatctattcaaggattttaataacgaaaaccttgaggttccacttcaagatcattcctcaaccTAAGCTTAGAGACCAAGCGCTTA
eLW044-fLW133-243,ACGTCAGTGTGGTCTCTAGGTgtggaaatgaaatgggattttgattcattgagttcgtcggattatattattgaaaataatatcaacctcgatgctttggctgaggacaacaacgagtgggctactgcccaacatgacctgttcaactatgcataccctgacgaagattcttattactttTAAGCTTAGAGACCAAGCGCTTA
eLW044-fLW133-244,ACGTCAGTGTGGTCTCTAGGTgacaatcaagaaatagactttttagatctctttagtccaactttcaaattcaactttgcatctactaccactgattggcaacccattgtggctggacctgacgaatgcgacgaatcagtctcagatcttttggcagaagtggaagccatggagtcccaaTAAGCTTAGAGACCAAGCGCTTA
eLW044-fLW133-245,ACGTCAGTGTGGTCTCTAGGTttggtgaatgaagatgctggatttgttgactgcttatttgaaacagaggaggagaagaacagaatgattgtaccccaagaaacacaaacacaaccgatgttctctgaggaggatcagagcttttgggaaaacctagatgtcgacgacgtgtttggtcttTAAGCTTAGAGACCAAGCGCTTA
eLW044-fLW133-246,ACGTCAGTGTGGTCTCTAGGTgcgctagacgatttcgatctggacatgttgggggacggggattccccggggccgggatttaccccccacgactccgccccctacggcgctctggatacggccgacttcgagtttgagcagatgtttaccgatgcccttggaattgacgagtacggtgggTAAGCTTAGAGACCAAGCGCTTA
eLW044-fLW133-247,ACGTCAGTGTGGTCTCTAGGTatgaagaagataagttcaacgatcatgcaggtcacttgtcaaacatgtaaaggacagtttcaagcagttgcggttccggcggctacggctgatgagacttctcttgtcgtgagttacatgtcgtcagcgaatactgacggagagttggaaaatggttttTAAGCTTAGAGACCAAGCGCTTA
eLW044-fLW133-248,ACGTCAGTGTGGTCTCTAGGTtctcttgtggaacatgtagagaaaacacatgagaggaacaagaagcagaatcatggcaatgtcacggtcgatgtctgccctagatgtagcagaggattccgcgatccagtagatcttgtgaaccatatcgaaagagatcaccgaggcacttcgaaagcaTAAGCTTAGAGACCAAGCGCTTA
eLW044-fLW133-249,ACGTCAGTGTGGTCTCTAGGTctcgagaattgccgtaatacctcagtcactaacaacaacaacaacagtgtggatcatcccagtgactcaaacaccaacaacaataacattgtggatcatccgaatgacataaaaaacaagaacaatgttgacaacaaggacaataacagcagagacaagTAAGCTTAGAGACCAAGCGCTTA
eLW044-fLW133-250,ACGTCAGTGTGGTCTCTAGGTaagaagaaatcgggtgtcttctacctcgccatttcaatattgaccttgatgctactcccactcttttatcttctagtcttcttacatcaaagagaaaagagaagcggaacacaagatttgcgtcgtattataaaatctggaaaaaaaacaaaaccgtcaTAAGCTTAGAGACCAAGCGCTTA
