tile_ID,na_seq,tile
AL2-1,ATGCGTAACAGCAGCTCCTCAACACCTCCGAGCATCAAGGCTCAACACCGAGCCGCCAAACGTAGAGCTATTAGGCGAAGAAGGATCGACTTGAACTGCGGGTGCAGCATATACATTCACATCGACTGCCGTAACAATGGGTTCACGCATAGGGGAACC,MRNSSSSTPPSIKAQHRAAKRRAIRRRRIDLNCGCSIYIHIDCRNNGFTHRGT
AL2-2,AGTATCTACATCCATATCGACTGCCGAAACAACGGGTTCACTCATAGGGGAACCTACCACTGTGCTTCCTCACGAGAGTGGCGACTGTACCTCGGAGACAATAAAAGTCCATTGTTCCAGGATAACCAGCGTCGTGGGTCACCACTCCATCAACATCAG,SIYIHIDCRNNGFTHRGTYHCASSREWRLYLGDNKSPLFQDNQRRGSPLHQHQ
AL2-3,AATCAACGACGTGGAAGCCCTTTACACCAGCACCAAGATATCCCGCTTACAAATCAAGTTCAACCCCAACCTGAAGAATCTATAGGCTCCCCCCAGGGCATATCCCAGTTGCCATCTATGGATGATATAGATGACTCATTCTGGGAGAACCTGTTCAAA,NQRRGSPLHQHQDIPLTNQVQPQPEESIGSPQGISQLPSMDDIDDSFWENLFK
P12-1,ATGGACGTGATCGTGAAGATGTTGATCCTGCGTAAATTCGTCGAACAAGGTAATGTCTGTCCCATACACTTGTGTGTGGACATTTATAAAAGGGCCTTCCCGAGATCAGTCAACAAGGGACGTAGTTCCTATGCCCGTAGGAGAAGGGCACTCGAACTT,MDVIVKMLILRKFVEQGNVCPIHLCVDIYKRAFPRSVNKGRSSYARRRRALEL
P12-2,AGGTGCCACCGATGTTATAGAGTATATCCCCCTTTGTTCCCTGAGATAAGCCGTTGCGACAATAGAACTTGTGTACCAGGCATCTCCTACAACTCCAAAGTGCGTGACTACATACTGTGGGGAGTTACGGAGGTTATACCGCACCCAGGATACAATTTC,RCHRCYRVYPPLFPEISRCDNRTCVPGISYNSKVRDYILWGVTEVIPHPGYNF
P2-1,ATGGCTCTGCTTTTGTTCAACGATCACTACTATGGCTTCTTACACAAGTATAAAAGACACACTGGCAGCTACGACAACCTCTTCAACTTAAGGTGTTCAAAGGAGGACCACTACCTTAATAGCCTCGACGCCATATGGTTGATGGGCTGCTGTGAAGAA,MALLLFNDHYYGFLHKYKRHTGSYDNLFNLRCSKEDHYLNSLDAIWLMGCCEE
P2-2,CGTGCTTATTACAAGCCACACCAGAAGATGGAACACAAACATATTGTGGTCACGAATGGTATCCCAATAAGCAAGAATTTCAATGAAATCGCTCTTCCCGACCCTTCTCCCTCAGATGATTATGTCCTGGTGGGGGCTCACGAATGTCCTATCCTCATG,RAYYKPHQKMEHKHIVVTNGIPISKNFNEIALPDPSPSDDYVLVGAHECPILM
M-1,ATGGCAGTTCCATGGACGGAGGTCAAAGACAGTAAATACTTGGCCACGAAAATGAGCGTCACGCTCATCATGGAGATGAACGAGGATACTCCTTTAAAATACCCAAGTTACAACGCATTTGAGAGTATCTTTAAAAGGCTTGCCGAACCCGAATGTGCC,MAVPWTEVKDSKYLATKMSVTLIMEMNEDTPLKYPSYNAFESIFKRLAEPECA
M-2,AAGGATATATACTATCTCGAGGTGAGCAACAAGGAGACTGCTCAGTATGGTCCGACAAAAGTCTATAAGTTGCAGTGTCCAGCCTATCTTCTGTCCAGGGTCACTGGTGGGTCCCAGTTAGATTACACTTCTCTCATAGGATCAAAGGTTATGACAGAG,KDIYYLEVSNKETAQYGPTKVYKLQCPAYLLSRVTGGSQLDYTSLIGSKVMTE
M-3,AAAGATCGAGGCATACCTGTTAGAACCCTCTACATCACGGGTGGAGGCACCTCTTTCAGAGTGATCAATGAGGAGACTGCAAATCAGTTCATAATAAATGATAATGCCGTTCGACTTCCAGGTGAATGTAAGGTCGATGGGGGCTCTATCATCTGGAGT,KDRGIPVRTLYITGGGTSFRVINEETANQFIINDNAVRLPGECKVDGGSIIWS
RepA-1,GACCTCCACAACTGGCGAGAAACGCATTTGTATCACGTTAGTATAGATGCTTACACCTTCATACACCCTGTCTCATACGATCAGGCCCAGAGTGACCTTGAGTGGATGGCTGACCTTACGAGAATGAGAGAGGGCTTGGGTTCTGACACCCCTGCATCC,DLHNWRETHLYHVSIDAYTFIHPVSYDQAQSDLEWMADLTRMREGLGSDTPAS
RepA-2,TCAGCCGACCAACTGGTGCCTGAAAGACCTCCAGGTCTTGAGGTATCTGGCGACACAACTACGGGTACGGGGCCTTCAACAAGTCCAACCACAATGAACACACCGCCTATCATCAGCAGTACAACTTCCCCCTCATCAAGCTCTCATTGCGGGTCAAAC,SADQLVPERPPGLEVSGDTTTGTGPSTSPTTMNTPPIISSTTSPSSSSHCGSN
Rep-1,GTGAGCCCTTTTACAGAATCCGATCTTCGATGCCATGAGGATCTTCATAACTGGAGAGAAACACACCTTTATCACGATGAAGGGCGTACAGGAGTTAGGCACCCTTCCTTGTATATTTGCGGACCTACAAGAACTGGTAAGACAACCTGGGCACGTAGC,VSPFTESDLRCHEDLHNWRETHLYHDEGRTGVRHPSLYICGPTRTGKTTWARS
Rep-2,CACAACTACTGGAATGGTACCATTGATTTTACTAATTACGACGAACATGCCACCTATAATATAATTGATGATATTCCTTTCAAGTTCGTCCCGCTCTGGAAACAGCTGATAGGTTGCCAGAGTGACTTTACGGTGAACCCGAAGTACGGTAAAAAGAAG,HNYWNGTIDFTNYDEHATYNIIDDIPFKFVPLWKQLIGCQSDFTVNPKYGKKK
Rep-3,AAAATCAAGGGCGGCATACCCTCCATTATCCTTTGTAACCCGGATGAAGATTGGATGCTTTCAATGACGAGTCAACAAAAAGACTATTTCGAGGACAACTGCGTCACCCACTATATGTGCGATGGCGAGACTTTTTTTGCCCGTGAGTCTTCAAGCCAC,KIKGGIPSIILCNPDEDWMLSMTSQQKDYFEDNCVTHYMCDGETFFARESSSH
P8-1,GTAGAATGCAGCGCCAGCAAGATGATGGCTAATACGCTTTTGCATCACTTCTACGAACGATACACTTCTAATATGAATCCCACGCCGGTATTCCTCTTCAGTTACTTTTTCGGGTTGACAAAGGGCCTGAATGTTCTCAAAGCCTCATCCATAATAGTG,VECSASKMMANTLLHHFYERYTSNMNPTPVFLFSYFFGLTKGLNVLKASSIIV
P8-2,ATGACGGGGACCCATGATGATAGAATATCCCTCAGGCTCTTATTCTTCAACCTGTGGAACAAAAAACGTCCCAACGACCCAATTAATCACAGAAAGACGAAGAAGAAACTCAAGCCGCAAACCGCCAATCCAACCAGCAACCCCATTCTTGTATCACCA,MTGTHDDRISLRLLFFNLWNKKRPNDPINHRKTKKKLKPQTANPTSNPILVSP
P8-3,TCAATAACCGACTACGCCGAGCAGATATCAGACGAGTTCGCCAAAGCTAGGAAGCCAATTTTGGTCCCCACTCAGATTTTCTCTGCCTTTACGAGGCTGGAGACAATATTTAACCGTACTGGCTCCTACCCTGACTTATTCTCTAACCCCATCAAATAC,SITDYAEQISDEFAKARKPILVPTQIFSAFTRLETIFNRTGSYPDLFSNPIKY
P8-4,TTGGGGTTTCTCATCTTTATGCCTGATGCATCCATACACCTGGACCCTCCCACTGTAGATCATTCCTACTATAACCTTAAGAGGAACCACAAGATGAGTTTCGACGAGCTCCAGAGCAACCTTACGTCAAGAATGTTGACCGGGCAAATCGTCAAAACC,LGFLIFMPDASIHLDPPTVDHSYYNLKRNHKMSFDELQSNLTSRMLTGQIVKT
F7,GCCAACTATGCTTTCAATTTTATGTTGGTTTGGAGCCCAAGCGGGACTTTTATAATATCCGCTATAATCTGTGGAGCAACAATTGTATTCACATGGTGCTTGGTGCCGGAGACTCGAAGATTAACGTTAGAAGAAATCCAACTGTCGTTTGTCAATGTT,ANYAFNFMLVWSPSGTFIISAIICGATIVFTWCLVPETRRLTLEEIQLSFVNV
B9,GATAATAATCCCTTTCAATCGAACCGATCGGGTCTAAACCCGGCTCAACAGATGGGTCTAACCCGGGATTTTCTTGGAGTGAGCAACGAGCATCACCCTCACCAAACGGGTCGTCGTCCGTTTTTGCCTCAAGAACTCGCAAGGTTTGCTCCATTGGGT,DNNPFQSNRSGLNPAQQMGLTRDFLGVSNEHHPHQTGRRPFLPQELARFAPLG
C5,CTGTTGGATCCGGGAACACCTATGGACGCTGATTTGGTAGCTTCTTCTACAGTAGTGTGGGAACAAGATGCAGATCCTTTTGCTGGAACAGCCGACGACTTCCCCGCCTTCAATGAAGAGGAGCTTGCATGGTTGATGGAACTGCTTCCTCAAGCACGT,LLDPGTPMDADLVASSTVVWEQDADPFAGTADDFPAFNEEELAWLMELLPQAR
A8,AACTTCTCCAATGCATCAGTGATGGATTATCATTTCAAGACTAAGAAACACAAAAAGCGTGTGAAGAAGATAGAGCGACCAGCGCCACACTCGCAACTCGATGCAGATTTAGCTGGTGGAATGGGAATGCCAGACAATGGTCCAAAGCTGATGTCTGCC,NFSNASVMDYHFKTKKHKKRVKKIERPAPHSQLDADLAGGMGMPDNGPKLMSA
A1,AAGAAGAAGGGAGATGGCTCTGGATCGGGGTCGGGTTCTGGCTCAGTCGACCTTGATCTTGACCTCGAACTCAGACTTGGATTTGCTCTCGATCTCGACCTTGAACTTAGACTCGGATTTGCTCTTGACCTCGATCTTGAGCTTAGACTCGGATTCGCT,KKKGDGSGSGSGSGSVDLDLDLELRLGFALDLDLELRLGFALDLDLELRLGFA
NH72,CCTTCTCAGGATGTTGTGATCCATGACTGTGGAGAAATCCCTGAGGGTGCAGATGATGGGATTTGTGACTTTTTCAAGGATGGTGATGTGTACCCTGACTGGCCTATTGATCTGAATGAAAGCCCAGCTGAGTTATCTTGGTGGATGGAGACTGTTGAT,PSQDVVIHDCGEIPEGADDGICDFFKDGDVYPDWPIDLNESPAELSWWMETVD
NH92,GGCTCTGGCTCTGGTTCCGGCTCTGGTTCCGGCTCTGGTCCGAAAAACCTCGAGTTCTATTTCATTTCAGCTATCAGTGACTGACTGATCGAGTGAGATTTGCATATGACTGACATTCCATTGCATATTTCAACCAATCAGCGGTCACGGCGGCGGAGA,GSGSGSGSGSGSGPKNLEFYFISAISD*LIE*DLHMTDIPLHISTNQRSRRRR
NH80,AGATTTTATGCAGAATTACATATCGATGATCCTATTGTCACTGAATACTTCAAAAATCAGAATACTGCATCTATTGCGGAACTGAATTCTCTACAGGATATTTATGACTACCTAGAATTCAAATATGCCAACGAAATCAATGAAATGTTTATAAACCAC,RFYAELHIDDPIVTEYFKNQNTASIAELNSLQDIYDYLEFKYANEINEMFINH
NH28,GAGAATGTAGTTTTCATTACTTCCACGGCTGGGCAAGGTGAATTCCCCCAAGACGGTAAGTCTTTCTGGGAAGCTCTGAAAAATGACACCGACTTGGATTTAGCTAGTTTGAATGTTGCTGTTTTTGGCCTCGGTGATTCTGAGTATTGGCCACGTAAA,ENVVFITSTAGQGEFPQDGKSFWEALKNDTDLDLASLNVAVFGLGDSEYWPRK
NH2,TATCCAGAGTGGAGCGAGTTTTACTTGCACAATGAGACTGAAGATGAAGATGAGTTTATGTCTCCTGCATTTAGAGAATCTGATTGCTTCATTTTACCTGAAAATGCAGAGGATAAGTTTATCACAGATAACCAATTCGAGAATTCGCTTGGTGTCTAT,YPEWSEFYLHNETEDEDEFMSPAFRESDCFILPENAEDKFITDNQFENSLGVY
NH45,AGTCTCTCTGACCTCACTGCAGATTTGTCAAATCTTGGAGATTTAGGGGCTTTAGGAAACTATCCCGGTTCTCCTTTTCTGCCATCTGATTCAGAGATTTTACTTGACTCTCCCGAACAAGAGGACATAGATGAATTCTTTGTGGATTCGATTCCAGGA,SLSDLTADLSNLGDLGALGNYPGSPFLPSDSEILLDSPEQEDIDEFFVDSIPG
NH64,ATTTGGGGATTTGAAGATCACGTGTCGAATTACGGTGGTTTAGATTTTGGTTCCGGCGTCGGAGATGGTGGAGATTACGTGGCTGTTGAGGGGTTGTTTGAATTTTCCGACGATTGTTTTGACTCCGGCGATCTGTTTTCGTGGCGGTCGGAGTCGTTA,IWGFEDHVSNYGGLDFGSGVGDGGDYVAVEGLFEFSDDCFDSGDLFSWRSESL
NH68,TCCGGCGCAGGTGATGAACTTGATTACGAATTCGTCGGTGCTGATCTAGAAACTGCTCAAACCAATTTCTATTGGGAAAGTGTTTTGAACTACACGAATTCTGCCAATATTTCCACTACTGATACATTTGAAAACTACCATACTTACGAATTAGATTGG,SGAGDELDYEFVGADLETAQTNFYWESVLNYTNSANISTTDTFENYHTYELDW
NH96,GAGGATCAGAGCTTTTGGGAAAACCTAGATGTCGACGACGTGTTTGGTCTTTTTAAGGACGACAACAATCTTGAGGTTCCTCTTCAAGATCATTCCTCAACCAACGAAGACGACGAGTTATTGATCGACATAAGTGAATACTTAAGCGAAGAAGCAATG,EDQSFWENLDVDDVFGLFKDDNNLEVPLQDHSSTNEDDELLIDISEYLSEEAM
NH8,GAGTCTGTTACTTTGCCTCAAGCACTAAATCTGGACGAGTTCGACTTGGAAGATGACACTCTCGACATGGAATTCGATAATCATACTCGGAGTGAGGAAGATATCACTCTCACAGATCAAATTCCTACTGGCATTGATCCTTATGTTGCTGTAACATTC,ESVTLPQALNLDEFDLEDDTLDMEFDNHTRSEEDITLTDQIPTGIDPYVAVTF
NH93,GCATTATCAAAATGGGCAAGTGAAGGCTATATGCCAACCTTTGATGAGTACATGGAGGTTGGGGAGGTCACTGGGGGGATGGATGATTTTGCTTTGTACAGCTTTATCGCGATGGAAGATTGCGACGAGAAACCATTGTACGAATGGTTTGACTCCAAG,ALSKWASEGYMPTFDEYMEVGEVTGGMDDFALYSFIAMEDCDEKPLYEWFDSK
NH44,GATCGTCTAAAAGAAGAAACGGAGATGGTTGTATTCGATGATCAGATCTTGGCGATTTTTGAGAGTAACGACAAACCTACAGGAAACTTGGAAGATCAAGAGATAGATCTTGATCAATTCCTAGATTTTGATCAACTCATAGATTTCGAGGGTTTGATC,DRLKEETEMVVFDDQILAIFESNDKPTGNLEDQEIDLDQFLDFDQLIDFEGLI
NH39,GGTTCCGGCTCCGGCTCCTCTGAGAAGAACAGAATGATTGTACCCCAAGAAACACAGACATCAACGCTTTTCACTGAGGATCAGAGCTTTTGGGAAAATCTATTCAAGGATTTTAATAACGAAAACCTTGAGGTTCCACTTCAAGATCATTCCTCAACC,GSGSGSSEKNRMIVPQETQTSTLFTEDQSFWENLFKDFNNENLEVPLQDHSST
NH32,GTGGAAATGAAATGGGATTTTGATTCATTGAGTTCGTCGGATTATATTATTGAAAATAATATCAACCTCGATGCTTTGGCTGAGGACAACAACGAGTGGGCTACTGCCCAACATGACCTGTTCAACTATGCATACCCTGACGAAGATTCTTATTACTTT,VEMKWDFDSLSSSDYIIENNINLDALAEDNNEWATAQHDLFNYAYPDEDSYYF
NH31,GACAATCAAGAAATAGACTTTTTAGATCTCTTTAGTCCAACTTTCAAATTCAACTTTGCATCTACTACCACTGATTGGCAACCCATTGTGGCTGGACCTGACGAATGCGACGAATCAGTCTCAGATCTTTTGGCAGAAGTGGAAGCCATGGAGTCCCAA,DNQEIDFLDLFSPTFKFNFASTTTDWQPIVAGPDECDESVSDLLAEVEAMESQ
NH20,TTGGTGAATGAAGATGCTGGATTTGTTGACTGCTTATTTGAAACAGAGGAGGAGAAGAACAGAATGATTGTACCCCAAGAAACACAAACACAACCGATGTTCTCTGAGGAGGATCAGAGCTTTTGGGAAAACCTAGATGTCGACGACGTGTTTGGTCTT,LVNEDAGFVDCLFETEEEKNRMIVPQETQTQPMFSEEDQSFWENLDVDDVFGL
E5,GCGCTAGACGATTTCGATCTGGACATGTTGGGGGACGGGGATTCCCCGGGGCCGGGATTTACCCCCCACGACTCCGCCCCCTACGGCGCTCTGGATACGGCCGACTTCGAGTTTGAGCAGATGTTTACCGATGCCCTTGGAATTGACGAGTACGGTGGG,ALDDFDLDMLGDGDSPGPGFTPHDSAPYGALDTADFEFEQMFTDALGIDEYGG
H8,ATGAAGAAGATAAGTTCAACGATCATGCAGGTCACTTGTCAAACATGTAAAGGACAGTTTCAAGCAGTTGCGGTTCCGGCGGCTACGGCTGATGAGACTTCTCTTGTCGTGAGTTACATGTCGTCAGCGAATACTGACGGAGAGTTGGAAAATGGTTTT,MKKISSTIMQVTCQTCKGQFQAVAVPAATADETSLVVSYMSSANTDGELENGF
B8,TCTCTTGTGGAACATGTAGAGAAAACACATGAGAGGAACAAGAAGCAGAATCATGGCAATGTCACGGTCGATGTCTGCCCTAGATGTAGCAGAGGATTCCGCGATCCAGTAGATCTTGTGAACCATATCGAAAGAGATCACCGAGGCACTTCGAAAGCA,SLVEHVEKTHERNKKQNHGNVTVDVCPRCSRGFRDPVDLVNHIERDHRGTSKA
H7,CTCGAGAATTGCCGTAATACCTCAGTCACTAACAACAACAACAACAGTGTGGATCATCCCAGTGACTCAAACACCAACAACAATAACATTGTGGATCATCCGAATGACATAAAAAACAAGAACAATGTTGACAACAAGGACAATAACAGCAGAGACAAG,LENCRNTSVTNNNNNSVDHPSDSNTNNNNIVDHPNDIKNKNNVDNKDNNSRDK
D7,AAGAAGAAATCGGGTGTCTTCTACCTCGCCATTTCAATATTGACCTTGATGCTACTCCCACTCTTTTATCTTCTAGTCTTCTTACATCAAAGAGAAAAGAGAAGCGGAACACAAGATTTGCGTCGTATTATAAAATCTGGAAAAAAAACAAAACCGTCA,KKKSGVFYLAISILTLMLLPLFYLLVFLHQREKRSGTQDLRRIIKSGKKTKPS
